transaction_id,customer_id,transaction_datetime,city,payment_method,transaction_type,device_type,amount,risk_score,fraud_flag,fraud_reason
1,CUST_800,2025-03-23 10:57:00,Ziguinchor,Carte Bancaire,Transfert,Android,31501,0,0,Normal
2,CUST_185,2025-03-06 09:28:00,Saint-Louis,Wave,Transfert,iPhone,13739,0,0,Normal
3,CUST_400,2025-05-29 13:18:00,Ziguinchor,Orange Money,Retrait,iPhone,16108,0,0,Normal
4,CUST_68,2025-06-27 08:51:00,Saint-Louis,Wave,Transfert,iPhone,22744,0,0,Normal
5,CUST_859,2025-02-03 13:23:00,Ziguinchor,Free Money,Retrait,iPhone,40874,0,0,Normal
6,CUST_665,2025-01-20 16:32:00,Kaolack,Carte Bancaire,Retrait,Android,7549,0,0,Normal
7,CUST_746,2025-03-19 13:12:00,Ziguinchor,Free Money,Transfert,Android,5954,0,0,Normal
8,CUST_298,2025-01-11 10:27:00,Saint-Louis,Orange Money,Paiement,Android,54448,0,0,Normal
9,CUST_318,2025-01-03 13:05:00,Kaolack,Carte Bancaire,Transfert,Android,19210,0,0,Normal
10,CUST_527,2025-01-12 09:07:00,Saint-Louis,Wave,Retrait,Android,23503,0,0,Normal
11,CUST_440,2025-02-06 13:28:00,Dakar,Carte Bancaire,Retrait,Android,18141,0,0,Normal
12,CUST_777,2025-06-08 13:58:00,Kaolack,Wave,Paiement,Android,4780,0,0,Normal
13,CUST_364,2025-06-02 11:51:00,Thiès,Carte Bancaire,Retrait,Android,9788,0,0,Normal
14,CUST_573,2025-01-25 18:53:00,Dakar,Orange Money,Paiement,Android,14719,0,0,Normal
15,CUST_61,2025-03-29 08:52:00,Dakar,Orange Money,Paiement,iPhone,7668,0,0,Normal
16,CUST_385,2025-01-02 08:05:00,Ziguinchor,Free Money,Paiement,iPhone,32828,0,0,Normal
17,CUST_306,2025-02-19 19:23:00,Saint-Louis,Carte Bancaire,Paiement,Android,21092,0,0,Normal
18,CUST_952,2025-05-29 09:31:00,Kaolack,Free Money,Paiement,Android,27747,0,0,Normal
19,CUST_18,2025-05-02 05:08:00,Dakar,Wave,Retrait,iPhone,9623,0,0,Normal
20,CUST_225,2025-03-13 12:20:00,Saint-Louis,Wave,Paiement,Android,81419,0,0,Normal
21,CUST_345,2025-06-13 09:53:00,Ziguinchor,Carte Bancaire,Paiement,Android,61813,0,0,Normal
22,CUST_225,2025-04-09 08:58:00,Saint-Louis,Free Money,Paiement,Android,43704,0,0,Normal
23,CUST_251,2025-05-22 12:21:00,Ziguinchor,Orange Money,Transfert,Android,9679,0,0,Normal
24,CUST_247,2025-01-23 09:18:00,Kaolack,Free Money,Retrait,iPhone,5158,0,0,Normal
25,CUST_362,2025-03-31 11:35:00,Saint-Louis,Wave,Transfert,iPhone,1321,0,0,Normal
26,CUST_347,2025-02-17 17:50:00,Thiès,Wave,Transfert,Android,3450,0,0,Normal
27,CUST_99,2025-04-09 13:26:00,Dakar,Orange Money,Retrait,Android,30270,0,0,Normal
28,CUST_964,2025-05-22 06:21:00,Saint-Louis,Orange Money,Transfert,iPhone,24348,0,0,Normal
29,CUST_842,2025-05-20 12:51:00,Saint-Louis,Wave,Retrait,Android,4123,0,0,Normal
30,CUST_81,2025-04-19 17:03:00,Thiès,Carte Bancaire,Transfert,iPhone,21765,0,0,Normal
31,CUST_131,2025-03-05 16:58:00,Kaolack,Orange Money,Transfert,iPhone,17574,0,0,Normal
32,CUST_961,2025-03-07 16:30:00,Ziguinchor,Free Money,Retrait,iPhone,18315,0,0,Normal
33,CUST_216,2025-02-18 15:56:00,Dakar,Carte Bancaire,Retrait,iPhone,17744,0,0,Normal
34,CUST_390,2025-04-19 23:37:00,Kaolack,Free Money,Paiement,iPhone,53584,0,0,Normal
35,CUST_151,2025-01-13 12:33:00,Saint-Louis,Wave,Transfert,Android,12110,0,0,Normal
36,CUST_648,2025-03-01 10:12:00,Kaolack,Orange Money,Paiement,Android,75643,0,0,Normal
37,CUST_327,2025-03-25 16:24:00,Dakar,Wave,Transfert,Android,8164,0,0,Normal
38,CUST_241,2025-01-12 17:14:00,Thiès,Orange Money,Retrait,Android,52275,0,0,Normal
39,CUST_136,2025-01-27 08:27:00,Dakar,Carte Bancaire,Transfert,iPhone,65292,0,0,Normal
40,CUST_27,2025-06-22 05:33:00,Saint-Louis,Orange Money,Transfert,iPhone,2867,0,0,Normal
41,CUST_720,2025-05-17 09:54:00,Ziguinchor,Orange Money,Paiement,iPhone,4761,0,0,Normal
42,CUST_910,2025-01-14 08:22:00,Saint-Louis,Wave,Transfert,Android,11189,0,0,Normal
43,CUST_435,2025-04-21 17:47:00,Saint-Louis,Orange Money,Retrait,Android,40996,0,0,Normal
44,CUST_812,2025-02-23 15:50:00,Thiès,Wave,Paiement,Android,10805,0,0,Normal
45,CUST_881,2025-06-08 14:35:00,Kaolack,Wave,Paiement,Android,32367,0,0,Normal
46,CUST_531,2025-01-03 17:24:00,Thiès,Free Money,Paiement,Android,16833,0,0,Normal
47,CUST_704,2025-03-24 16:26:00,Dakar,Wave,Transfert,Android,11089,0,0,Normal
48,CUST_538,2025-06-02 07:56:00,Saint-Louis,Carte Bancaire,Paiement,Android,61189,0,0,Normal
49,CUST_801,2025-06-08 10:08:00,Dakar,Wave,Retrait,iPhone,62797,0,0,Normal
50,CUST_187,2025-04-10 08:31:00,Dakar,Orange Money,Transfert,Android,30275,0,0,Normal
51,CUST_336,2025-02-13 09:34:00,Ziguinchor,Orange Money,Retrait,Android,54575,0,0,Normal
52,CUST_529,2025-03-22 19:56:00,Ziguinchor,Orange Money,Retrait,Android,14362,0,0,Normal
53,CUST_128,2025-03-10 13:18:00,Kaolack,Carte Bancaire,Retrait,iPhone,75779,0,0,Normal
54,CUST_427,2025-02-16 18:42:00,Kaolack,Orange Money,Retrait,Android,36764,0,0,Normal
55,CUST_966,2025-01-16 17:42:00,Dakar,Orange Money,Transfert,iPhone,66723,0,0,Normal
56,CUST_223,2025-02-19 06:00:00,Thiès,Orange Money,Retrait,iPhone,51103,0,0,Normal
57,CUST_15,2025-03-16 16:37:00,Saint-Louis,Wave,Paiement,iPhone,42654,0,0,Normal
58,CUST_728,2025-01-29 13:14:00,Thiès,Free Money,Paiement,Android,43779,0,0,Normal
59,CUST_833,2025-02-06 09:33:00,Saint-Louis,Free Money,Transfert,iPhone,50259,0,0,Normal
60,CUST_257,2025-04-21 15:14:00,Saint-Louis,Free Money,Retrait,Android,7646,0,0,Normal
61,CUST_286,2025-06-28 08:18:00,Thiès,Orange Money,Paiement,Android,500,0,0,Normal
62,CUST_9,2025-03-29 13:18:00,Thiès,Free Money,Retrait,iPhone,12987,0,0,Normal
63,CUST_203,2025-01-08 04:54:00,Ziguinchor,Free Money,Transfert,iPhone,37686,25,0,Normal
64,CUST_211,2025-04-26 00:53:00,Saint-Louis,Orange Money,Retrait,Android,2942,0,0,Normal
65,CUST_494,2025-06-30 15:51:00,Thiès,Carte Bancaire,Retrait,Android,2874,0,0,Normal
66,CUST_14,2025-04-29 09:25:00,Ziguinchor,Carte Bancaire,Paiement,Android,4390,0,0,Normal
67,CUST_516,2025-05-22 13:23:00,Thiès,Free Money,Transfert,Android,24421,0,0,Normal
68,CUST_846,2025-05-07 07:55:00,Ziguinchor,Carte Bancaire,Paiement,iPhone,14858,0,0,Normal
69,CUST_126,2025-03-10 14:05:00,Kaolack,Carte Bancaire,Paiement,Android,47825,0,0,Normal
70,CUST_541,2025-06-24 08:05:00,Ziguinchor,Free Money,Transfert,Android,21601,0,0,Normal
71,CUST_858,2025-01-01 07:08:00,Thiès,Free Money,Retrait,iPhone,56789,0,0,Normal
72,CUST_729,2025-06-10 12:05:00,Kaolack,Carte Bancaire,Transfert,Android,46290,0,0,Normal
73,CUST_815,2025-05-08 06:38:00,Kaolack,Carte Bancaire,Transfert,Android,21355,0,0,Normal
74,CUST_491,2025-05-14 12:45:00,Dakar,Wave,Transfert,Android,10131,30,0,Normal
75,CUST_158,2025-02-18 08:56:00,Dakar,Wave,Retrait,iPhone,15092,0,0,Normal
76,CUST_373,2025-06-15 10:52:00,Kaolack,Wave,Paiement,Android,16058,0,0,Normal
77,CUST_43,2025-01-23 19:43:00,Ziguinchor,Carte Bancaire,Paiement,iPhone,29899,0,0,Normal
78,CUST_398,2025-05-29 08:50:00,Dakar,Orange Money,Retrait,iPhone,3512,0,0,Normal
79,CUST_137,2025-01-11 10:52:00,Thiès,Wave,Paiement,iPhone,36291,0,0,Normal
80,CUST_390,2025-03-12 08:48:00,Kaolack,Wave,Paiement,iPhone,91918,0,0,Normal
81,CUST_94,2025-03-07 10:16:00,Ziguinchor,Wave,Paiement,Android,62757,0,0,Normal
82,CUST_423,2025-03-01 09:15:00,Kaolack,Wave,Retrait,iPhone,29251,0,0,Normal
83,CUST_245,2025-03-11 13:23:00,Kaolack,Orange Money,Transfert,Android,10572,30,0,Normal
84,CUST_17,2025-06-12 18:50:00,Dakar,Carte Bancaire,Paiement,Android,25629,0,0,Normal
85,CUST_94,2025-05-17 08:16:00,Ziguinchor,Free Money,Paiement,iPhone,23690,0,0,Normal
86,CUST_761,2025-05-12 12:13:00,Thiès,Carte Bancaire,Transfert,Android,41571,0,0,Normal
87,CUST_916,2025-03-15 11:08:00,Ziguinchor,Orange Money,Transfert,Android,21944,0,0,Normal
88,CUST_469,2025-01-13 14:47:00,Dakar,Carte Bancaire,Paiement,Android,15036,0,0,Normal
89,CUST_48,2025-04-30 01:23:00,Thiès,Wave,Paiement,iPhone,3278,25,0,Normal
90,CUST_172,2025-05-21 13:01:00,Thiès,Free Money,Retrait,Android,39450,0,0,Normal
91,CUST_362,2025-06-04 21:28:00,Saint-Louis,Orange Money,Paiement,iPhone,14228,0,0,Normal
92,CUST_150,2025-01-03 07:03:00,Dakar,Carte Bancaire,Retrait,Android,40974,0,0,Normal
93,CUST_959,2025-06-09 11:41:00,Ziguinchor,Carte Bancaire,Paiement,iPhone,21198,0,0,Normal
94,CUST_913,2025-03-18 11:07:00,Kaolack,Orange Money,Paiement,iPhone,2853,0,0,Normal
95,CUST_810,2025-06-14 13:24:00,Kaolack,Carte Bancaire,Transfert,Android,51471,0,0,Normal
96,CUST_531,2025-06-14 21:00:00,Thiès,Orange Money,Transfert,iPhone,18084,0,0,Normal
97,CUST_305,2025-06-01 06:48:00,Kaolack,Orange Money,Transfert,iPhone,27443,0,0,Normal
98,CUST_29,2025-01-02 16:00:00,Saint-Louis,Orange Money,Transfert,Android,38051,0,0,Normal
99,CUST_527,2025-03-21 18:15:00,Saint-Louis,Wave,Paiement,Android,44920,0,0,Normal
100,CUST_243,2025-04-17 05:19:00,Kaolack,Carte Bancaire,Transfert,iPhone,16990,0,0,Normal
101,CUST_359,2025-05-20 09:04:00,Saint-Louis,Orange Money,Retrait,iPhone,18989,0,0,Normal
102,CUST_745,2025-06-13 11:03:00,Kaolack,Free Money,Paiement,Android,29058,0,0,Normal
103,CUST_995,2025-05-08 13:28:00,Kaolack,Free Money,Paiement,Android,8023,0,0,Normal
104,CUST_147,2025-02-12 10:25:00,Saint-Louis,Free Money,Paiement,Android,11689,0,0,Normal
105,CUST_905,2025-02-14 04:59:00,Thiès,Carte Bancaire,Retrait,iPhone,56264,25,0,Normal
106,CUST_29,2025-03-06 10:28:00,Saint-Louis,Wave,Transfert,Android,28493,0,0,Normal
107,CUST_318,2025-01-07 19:51:00,Kaolack,Wave,Paiement,Android,8519,0,0,Normal
108,CUST_653,2025-03-23 13:40:00,Ziguinchor,Carte Bancaire,Transfert,Android,7790,0,0,Normal
109,CUST_140,2025-04-30 20:49:00,Ziguinchor,Wave,Retrait,Android,59568,0,0,Normal
110,CUST_967,2025-06-01 13:57:00,Ziguinchor,Wave,Transfert,Android,64304,0,0,Normal
111,CUST_422,2025-01-24 08:18:00,Thiès,Free Money,Paiement,iPhone,33608,0,0,Normal
112,CUST_602,2025-05-22 20:39:00,Dakar,Orange Money,Transfert,iPhone,17994,0,0,Normal
113,CUST_236,2025-02-04 10:23:00,Ziguinchor,Carte Bancaire,Transfert,iPhone,68918,0,0,Normal
114,CUST_679,2025-03-18 08:45:00,Saint-Louis,Carte Bancaire,Transfert,iPhone,6292,0,0,Normal
115,CUST_362,2025-03-23 13:07:00,Saint-Louis,Wave,Transfert,iPhone,46531,0,0,Normal
116,CUST_671,2025-01-09 11:34:00,Ziguinchor,Wave,Retrait,Android,45559,0,0,Normal
117,CUST_894,2025-04-07 14:03:00,Ziguinchor,Orange Money,Retrait,Android,36800,0,0,Normal
118,CUST_250,2025-06-29 19:11:00,Dakar,Carte Bancaire,Paiement,iPhone,45124,0,0,Normal
119,CUST_873,2025-06-21 08:39:00,Ziguinchor,Orange Money,Paiement,Android,79681,0,0,Normal
120,CUST_799,2025-03-07 07:14:00,Kaolack,Wave,Paiement,Android,13546,0,0,Normal
121,CUST_447,2025-03-28 14:13:00,Dakar,Orange Money,Retrait,Android,44740,0,0,Normal
122,CUST_367,2025-04-18 08:26:00,Saint-Louis,Orange Money,Paiement,iPhone,54275,0,0,Normal
123,CUST_168,2025-04-10 13:04:00,Kaolack,Free Money,Transfert,iPhone,39330,0,0,Normal
124,CUST_199,2025-02-14 11:26:00,Saint-Louis,Free Money,Paiement,Android,56191,0,0,Normal
125,CUST_720,2025-01-23 13:24:00,Ziguinchor,Wave,Paiement,Android,9064,0,0,Normal
126,CUST_536,2025-05-20 06:16:00,Ziguinchor,Orange Money,Paiement,Android,26293,0,0,Normal
127,CUST_264,2025-01-17 14:22:00,Kaolack,Free Money,Transfert,Android,33933,0,0,Normal
128,CUST_931,2025-05-26 07:57:00,Dakar,Carte Bancaire,Paiement,Android,35365,0,0,Normal
129,CUST_58,2025-06-19 08:07:00,Ziguinchor,Wave,Transfert,iPhone,55426,0,0,Normal
130,CUST_61,2025-06-24 19:44:00,Dakar,Orange Money,Retrait,iPhone,26702,0,0,Normal
131,CUST_533,2025-06-26 15:18:00,Dakar,Wave,Paiement,iPhone,21397,0,0,Normal
132,CUST_935,2025-06-17 11:55:00,Thiès,Carte Bancaire,Transfert,Android,42217,0,0,Normal
133,CUST_630,2025-06-23 15:09:00,Saint-Louis,Wave,Transfert,Android,32851,0,0,Normal
134,CUST_256,2025-01-05 11:38:00,Ziguinchor,Wave,Paiement,Android,21009,35,1,Comportement suspect
135,CUST_473,2025-03-09 18:31:00,Ziguinchor,Wave,Paiement,iPhone,70015,0,0,Normal
136,CUST_576,2025-03-22 19:05:00,Kaolack,Orange Money,Paiement,iPhone,42006,0,0,Normal
137,CUST_186,2025-01-13 15:55:00,Kaolack,Orange Money,Paiement,Android,39991,0,0,Normal
138,CUST_271,2025-02-04 16:41:00,Dakar,Free Money,Transfert,Android,10902,0,0,Normal
139,CUST_724,2025-03-27 15:33:00,Thiès,Carte Bancaire,Retrait,Android,500,35,1,Comportement suspect
140,CUST_789,2025-02-26 08:06:00,Kaolack,Wave,Transfert,iPhone,39868,0,0,Normal
141,CUST_391,2025-04-19 18:10:00,Kaolack,Orange Money,Retrait,iPhone,14922,0,0,Normal
142,CUST_738,2025-06-25 10:38:00,Ziguinchor,Orange Money,Paiement,iPhone,18413,0,0,Normal
143,CUST_836,2025-01-26 16:51:00,Kaolack,Free Money,Paiement,iPhone,42122,0,0,Normal
144,CUST_805,2025-06-25 13:01:00,Saint-Louis,Wave,Retrait,iPhone,4469,0,0,Normal
145,CUST_251,2025-03-03 19:15:00,Saint-Louis,Wave,Transfert,iPhone,11235,35,1,Comportement suspect
146,CUST_482,2025-06-11 17:29:00,Saint-Louis,Orange Money,Transfert,iPhone,2816,0,0,Normal
147,CUST_11,2025-04-09 22:53:00,Dakar,Carte Bancaire,Transfert,iPhone,4788,0,0,Normal
148,CUST_590,2025-01-09 09:47:00,Kaolack,Carte Bancaire,Transfert,Android,6609,0,0,Normal
149,CUST_473,2025-02-14 11:43:00,Ziguinchor,Orange Money,Retrait,iPhone,76556,0,0,Normal
150,CUST_418,2025-05-23 12:06:00,Thiès,Orange Money,Retrait,iPhone,31829,0,0,Normal
151,CUST_340,2025-06-07 10:17:00,Kaolack,Free Money,Transfert,Android,53301,0,0,Normal
152,CUST_456,2025-03-26 12:09:00,Kaolack,Free Money,Retrait,iPhone,47308,0,0,Normal
153,CUST_262,2025-05-31 15:21:00,Dakar,Orange Money,Retrait,Android,38065,35,1,Comportement suspect
154,CUST_621,2025-06-04 05:01:00,Thiès,Free Money,Paiement,Android,67858,0,0,Normal
155,CUST_865,2025-06-14 13:47:00,Ziguinchor,Wave,Transfert,iPhone,12525,30,0,Normal
156,CUST_592,2025-04-04 13:27:00,Kaolack,Orange Money,Paiement,Android,7226,0,0,Normal
157,CUST_616,2025-05-23 17:31:00,Thiès,Orange Money,Paiement,iPhone,6864,0,0,Normal
158,CUST_139,2025-05-14 08:20:00,Kaolack,Carte Bancaire,Paiement,iPhone,1401,0,0,Normal
159,CUST_983,2025-04-16 14:18:00,Kaolack,Carte Bancaire,Retrait,Android,8973,0,0,Normal
160,CUST_543,2025-06-04 10:09:00,Ziguinchor,Orange Money,Retrait,Android,22853,0,0,Normal
161,CUST_693,2025-05-21 12:58:00,Saint-Louis,Carte Bancaire,Retrait,Android,6561,0,0,Normal
162,CUST_696,2025-04-27 15:40:00,Thiès,Free Money,Transfert,Android,8581,0,0,Normal
163,CUST_805,2025-01-09 02:38:00,Saint-Louis,Orange Money,Transfert,Android,4031,25,0,Normal
164,CUST_748,2025-05-30 10:07:00,Kaolack,Wave,Retrait,iPhone,66434,0,0,Normal
165,CUST_12,2025-03-31 18:08:00,Saint-Louis,Wave,Retrait,iPhone,9663,0,0,Normal
166,CUST_197,2025-03-04 06:08:00,Thiès,Free Money,Transfert,iPhone,14831,0,0,Normal
167,CUST_95,2025-01-14 19:03:00,Dakar,Orange Money,Paiement,Android,86028,35,1,Comportement suspect
168,CUST_213,2025-04-24 15:24:00,Ziguinchor,Free Money,Retrait,iPhone,55639,0,0,Normal
169,CUST_116,2025-02-17 11:13:00,Ziguinchor,Free Money,Transfert,Android,20193,0,0,Normal
170,CUST_856,2025-04-24 17:08:00,Ziguinchor,Wave,Paiement,iPhone,17336,0,0,Normal
171,CUST_518,2025-03-06 21:42:00,Thiès,Wave,Retrait,Android,24105,0,0,Normal
172,CUST_327,2025-01-28 17:21:00,Dakar,Carte Bancaire,Paiement,iPhone,10064,0,0,Normal
173,CUST_833,2025-02-24 11:23:00,Saint-Louis,Free Money,Paiement,Android,64215,0,0,Normal
174,CUST_739,2025-04-17 12:33:00,Thiès,Carte Bancaire,Retrait,iPhone,16296,0,0,Normal
175,CUST_635,2025-03-02 02:17:00,Ziguinchor,Carte Bancaire,Paiement,Android,76239,25,0,Normal
176,CUST_32,2025-02-13 09:04:00,Thiès,Wave,Retrait,iPhone,50576,0,0,Normal
177,CUST_206,2025-01-25 11:26:00,Ziguinchor,Carte Bancaire,Retrait,iPhone,56542,0,0,Normal
178,CUST_374,2025-03-12 07:13:00,Ziguinchor,Wave,Paiement,Android,28387,0,0,Normal
179,CUST_756,2025-06-30 05:16:00,Ziguinchor,Carte Bancaire,Paiement,iPhone,27532,0,0,Normal
180,CUST_564,2025-05-13 10:38:00,Saint-Louis,Wave,Transfert,Android,50770,0,0,Normal
181,CUST_96,2025-04-09 08:26:00,Saint-Louis,Free Money,Paiement,iPhone,37733,0,0,Normal
182,CUST_59,2025-02-02 14:55:00,Thiès,Free Money,Transfert,Android,57480,0,0,Normal
183,CUST_527,2025-04-17 23:11:00,Saint-Louis,Orange Money,Retrait,iPhone,49752,0,0,Normal
184,CUST_587,2025-02-09 15:17:00,Thiès,Carte Bancaire,Transfert,iPhone,25865,0,0,Normal
185,CUST_954,2025-02-25 12:39:00,Ziguinchor,Wave,Retrait,iPhone,18271,0,0,Normal
186,CUST_677,2025-02-02 13:35:00,Thiès,Orange Money,Retrait,iPhone,70550,0,0,Normal
187,CUST_953,2025-02-27 07:28:00,Saint-Louis,Free Money,Retrait,Android,12135,0,0,Normal
188,CUST_782,2025-05-17 16:42:00,Dakar,Free Money,Retrait,Android,40201,0,0,Normal
189,CUST_819,2025-04-06 12:00:00,Ziguinchor,Wave,Retrait,iPhone,39523,0,0,Normal
190,CUST_15,2025-02-27 16:01:00,Saint-Louis,Carte Bancaire,Transfert,iPhone,13999,0,0,Normal
191,CUST_829,2025-04-25 12:06:00,Ziguinchor,Orange Money,Retrait,iPhone,17034,0,0,Normal
192,CUST_818,2025-05-11 03:38:00,Kaolack,Orange Money,Retrait,Android,44976,25,0,Normal
193,CUST_678,2025-01-26 10:52:00,Saint-Louis,Carte Bancaire,Paiement,Android,14390,0,0,Normal
194,CUST_632,2025-03-23 19:23:00,Thiès,Wave,Paiement,iPhone,51588,0,0,Normal
195,CUST_520,2025-05-26 19:29:00,Ziguinchor,Orange Money,Transfert,Android,500,0,0,Normal
196,CUST_986,2025-06-16 07:03:00,Kaolack,Wave,Retrait,Android,19438,0,0,Normal
197,CUST_461,2025-05-29 23:08:00,Ziguinchor,Orange Money,Retrait,Android,30658,0,0,Normal
198,CUST_367,2025-02-12 14:40:00,Saint-Louis,Wave,Paiement,iPhone,33342,0,0,Normal
199,CUST_535,2025-06-11 09:35:00,Ziguinchor,Free Money,Paiement,Android,500,0,0,Normal
200,CUST_152,2025-02-01 11:07:00,Ziguinchor,Carte Bancaire,Paiement,Android,18634,0,0,Normal
201,CUST_902,2025-01-31 09:58:00,Thiès,Orange Money,Transfert,Android,12020,0,0,Normal
202,CUST_210,2025-02-10 13:23:00,Dakar,Orange Money,Transfert,iPhone,45594,0,0,Normal
203,CUST_65,2025-01-13 14:55:00,Saint-Louis,Free Money,Transfert,Android,500,0,0,Normal
204,CUST_113,2025-01-09 09:48:00,Ziguinchor,Free Money,Paiement,iPhone,36239,0,0,Normal
205,CUST_251,2025-04-28 09:00:00,Ziguinchor,Carte Bancaire,Transfert,Android,5749,0,0,Normal
206,CUST_314,2025-02-23 16:15:00,Ziguinchor,Free Money,Paiement,Android,6163,0,0,Normal
207,CUST_876,2025-06-19 19:30:00,Kaolack,Orange Money,Retrait,Android,27708,0,0,Normal
208,CUST_592,2025-01-12 21:13:00,Kaolack,Wave,Transfert,iPhone,2840,0,0,Normal
209,CUST_681,2025-01-16 09:42:00,Saint-Louis,Orange Money,Paiement,Android,53220,0,0,Normal
210,CUST_21,2025-05-06 19:07:00,Dakar,Free Money,Transfert,iPhone,9481,0,0,Normal
211,CUST_127,2025-05-14 15:24:00,Dakar,Carte Bancaire,Transfert,iPhone,10834,0,0,Normal
212,CUST_274,2025-01-19 09:38:00,Dakar,Wave,Transfert,iPhone,73781,0,0,Normal
213,CUST_566,2025-06-30 13:48:00,Saint-Louis,Carte Bancaire,Paiement,Android,37497,0,0,Normal
214,CUST_24,2025-02-25 22:51:00,Thiès,Free Money,Retrait,Android,5243,0,0,Normal
215,CUST_143,2025-04-13 08:54:00,Ziguinchor,Wave,Transfert,iPhone,65617,0,0,Normal
216,CUST_715,2025-01-14 03:54:00,Dakar,Carte Bancaire,Retrait,iPhone,40551,25,0,Normal
217,CUST_134,2025-02-18 15:41:00,Kaolack,Carte Bancaire,Transfert,iPhone,28103,0,0,Normal
218,CUST_389,2025-04-15 14:32:00,Dakar,Carte Bancaire,Retrait,Android,16716,0,0,Normal
219,CUST_796,2025-01-31 15:24:00,Dakar,Carte Bancaire,Transfert,Android,23803,0,0,Normal
220,CUST_513,2025-03-04 15:32:00,Kaolack,Carte Bancaire,Retrait,Android,10486,0,0,Normal
221,CUST_259,2025-01-21 05:34:00,Ziguinchor,Free Money,Paiement,Android,41025,0,0,Normal
222,CUST_794,2025-01-26 02:35:00,Saint-Louis,Free Money,Transfert,iPhone,22791,55,1,Transaction nocturne
223,CUST_798,2025-04-01 22:13:00,Dakar,Carte Bancaire,Paiement,Android,34563,0,0,Normal
224,CUST_426,2025-01-02 10:20:00,Kaolack,Free Money,Retrait,Android,46572,0,0,Normal
225,CUST_264,2025-06-04 00:28:00,Kaolack,Free Money,Transfert,Android,37986,0,0,Normal
226,CUST_520,2025-01-04 12:37:00,Ziguinchor,Free Money,Transfert,Android,24614,0,0,Normal
227,CUST_388,2025-02-25 13:02:00,Kaolack,Wave,Retrait,iPhone,18641,30,0,Normal
228,CUST_321,2025-02-10 11:47:00,Ziguinchor,Orange Money,Retrait,Android,500,0,0,Normal
229,CUST_784,2025-02-14 10:29:00,Saint-Louis,Free Money,Paiement,iPhone,5582,0,0,Normal
230,CUST_845,2025-01-27 18:25:00,Kaolack,Wave,Paiement,iPhone,33856,0,0,Normal
231,CUST_585,2025-03-09 12:33:00,Saint-Louis,Free Money,Paiement,iPhone,56758,0,0,Normal
232,CUST_763,2025-05-23 17:37:00,Dakar,Wave,Retrait,iPhone,2458,0,0,Normal
233,CUST_713,2025-05-06 08:21:00,Kaolack,Orange Money,Paiement,Android,6438,0,0,Normal
234,CUST_235,2025-04-10 12:42:00,Thiès,Free Money,Paiement,iPhone,53305,0,0,Normal
235,CUST_834,2025-05-13 13:29:00,Ziguinchor,Wave,Transfert,Android,7461,0,0,Normal
236,CUST_618,2025-01-06 19:51:00,Ziguinchor,Wave,Retrait,Android,6752,30,0,Normal
237,CUST_823,2025-06-02 06:13:00,Dakar,Orange Money,Transfert,Android,4876,0,0,Normal
238,CUST_112,2025-05-30 09:55:00,Thiès,Wave,Paiement,iPhone,55459,0,0,Normal
239,CUST_513,2025-03-06 18:30:00,Kaolack,Wave,Paiement,Android,18119,0,0,Normal
240,CUST_864,2025-04-18 16:32:00,Kaolack,Wave,Transfert,Android,24086,0,0,Normal
241,CUST_497,2025-05-28 18:51:00,Thiès,Orange Money,Retrait,Android,5629,0,0,Normal
242,CUST_823,2025-01-16 03:04:00,Dakar,Orange Money,Paiement,iPhone,10297,25,0,Normal
243,CUST_77,2025-04-27 15:40:00,Thiès,Wave,Retrait,iPhone,3761,0,0,Normal
244,CUST_826,2025-06-23 13:58:00,Saint-Louis,Wave,Retrait,Android,34486,0,0,Normal
245,CUST_673,2025-06-26 18:19:00,Dakar,Free Money,Transfert,iPhone,30260,30,0,Normal
246,CUST_458,2025-01-25 09:58:00,Dakar,Carte Bancaire,Retrait,iPhone,16392,0,0,Normal
247,CUST_82,2025-01-21 08:35:00,Ziguinchor,Wave,Paiement,Android,14003,0,0,Normal
248,CUST_18,2025-02-06 10:38:00,Dakar,Wave,Transfert,Android,7992,0,0,Normal
249,CUST_737,2025-03-04 10:02:00,Dakar,Free Money,Paiement,iPhone,31308,0,0,Normal
250,CUST_679,2025-01-24 04:50:00,Saint-Louis,Free Money,Retrait,Android,13519,25,0,Normal
251,CUST_288,2025-03-13 10:59:00,Saint-Louis,Carte Bancaire,Transfert,Android,36081,0,0,Normal
252,CUST_210,2025-01-21 10:06:00,Dakar,Free Money,Paiement,iPhone,70799,0,0,Normal
253,CUST_683,2025-05-30 15:46:00,Dakar,Free Money,Transfert,iPhone,15746,0,0,Normal
254,CUST_167,2025-01-02 08:07:00,Saint-Louis,Carte Bancaire,Transfert,Android,23059,0,0,Normal
255,CUST_547,2025-05-08 21:12:00,Saint-Louis,Wave,Paiement,Android,6111,0,0,Normal
256,CUST_853,2025-05-07 01:12:00,Thiès,Wave,Paiement,iPhone,40576,25,0,Normal
257,CUST_572,2025-05-20 15:52:00,Thiès,Orange Money,Retrait,Android,11545,0,0,Normal
258,CUST_287,2025-05-12 17:22:00,Ziguinchor,Carte Bancaire,Retrait,iPhone,69076,0,0,Normal
259,CUST_937,2025-05-12 08:29:00,Saint-Louis,Wave,Paiement,Android,6977,0,0,Normal
260,CUST_548,2025-01-19 17:10:00,Saint-Louis,Carte Bancaire,Retrait,Android,44124,0,0,Normal
261,CUST_247,2025-06-14 15:51:00,Kaolack,Free Money,Transfert,Android,4134,0,0,Normal
262,CUST_897,2025-06-02 11:52:00,Thiès,Carte Bancaire,Retrait,iPhone,65274,0,0,Normal
263,CUST_278,2025-04-28 12:23:00,Dakar,Orange Money,Paiement,Android,39414,0,0,Normal
264,CUST_389,2025-05-28 09:02:00,Dakar,Orange Money,Transfert,iPhone,1882,0,0,Normal
265,CUST_434,2025-04-11 18:03:00,Ziguinchor,Wave,Retrait,Android,31557,0,0,Normal
266,CUST_154,2025-05-25 13:43:00,Kaolack,Carte Bancaire,Retrait,Android,12775,0,0,Normal
267,CUST_233,2025-06-19 08:46:00,Saint-Louis,Orange Money,Retrait,iPhone,42047,0,0,Normal
268,CUST_645,2025-04-15 08:33:00,Thiès,Free Money,Paiement,iPhone,21690,0,0,Normal
269,CUST_990,2025-04-01 08:37:00,Thiès,Free Money,Retrait,iPhone,8291,0,0,Normal
270,CUST_312,2025-05-22 10:16:00,Dakar,Carte Bancaire,Transfert,iPhone,38368,0,0,Normal
271,CUST_233,2025-05-30 05:28:00,Saint-Louis,Carte Bancaire,Retrait,iPhone,24622,0,0,Normal
272,CUST_467,2025-01-01 16:33:00,Kaolack,Orange Money,Transfert,iPhone,20965,0,0,Normal
273,CUST_562,2025-06-03 10:39:00,Ziguinchor,Free Money,Paiement,iPhone,13877,0,0,Normal
274,CUST_334,2025-03-02 05:20:00,Kaolack,Wave,Retrait,iPhone,38679,0,0,Normal
275,CUST_475,2025-03-04 10:55:00,Kaolack,Carte Bancaire,Transfert,Android,47433,0,0,Normal
276,CUST_511,2025-06-11 10:13:00,Thiès,Free Money,Transfert,Android,41761,0,0,Normal
277,CUST_429,2025-01-22 09:54:00,Ziguinchor,Wave,Retrait,Android,10466,0,0,Normal
278,CUST_475,2025-01-08 07:35:00,Kaolack,Free Money,Transfert,iPhone,11601,0,0,Normal
279,CUST_57,2025-01-21 14:04:00,Ziguinchor,Carte Bancaire,Transfert,Android,6320,0,0,Normal
280,CUST_453,2025-05-10 16:22:00,Dakar,Carte Bancaire,Transfert,iPhone,19269,0,0,Normal
281,CUST_455,2025-01-08 17:53:00,Thiès,Wave,Transfert,iPhone,4083,0,0,Normal
282,CUST_814,2025-03-07 10:57:00,Saint-Louis,Carte Bancaire,Paiement,iPhone,24212,35,1,Comportement suspect
283,CUST_935,2025-04-22 11:49:00,Thiès,Orange Money,Retrait,Android,31746,0,0,Normal
284,CUST_69,2025-04-24 11:21:00,Thiès,Carte Bancaire,Transfert,iPhone,46705,0,0,Normal
285,CUST_664,2025-05-31 19:48:00,Ziguinchor,Orange Money,Retrait,Android,12066,0,0,Normal
286,CUST_188,2025-06-12 08:10:00,Thiès,Carte Bancaire,Retrait,Android,8631,0,0,Normal
287,CUST_436,2025-01-04 10:46:00,Thiès,Free Money,Paiement,iPhone,36520,0,0,Normal
288,CUST_188,2025-06-03 14:53:00,Thiès,Wave,Transfert,iPhone,63277,0,0,Normal
289,CUST_337,2025-05-09 21:34:00,Thiès,Orange Money,Transfert,Android,42944,0,0,Normal
290,CUST_550,2025-04-10 11:50:00,Dakar,Orange Money,Paiement,Android,7387,0,0,Normal
291,CUST_735,2025-05-11 18:36:00,Saint-Louis,Free Money,Paiement,Android,1486,0,0,Normal
292,CUST_97,2025-06-10 05:38:00,Kaolack,Wave,Transfert,Android,71782,0,0,Normal
293,CUST_436,2025-03-03 18:43:00,Thiès,Orange Money,Paiement,Android,5932,0,0,Normal
294,CUST_628,2025-01-22 17:31:00,Dakar,Free Money,Retrait,Android,11589,0,0,Normal
295,CUST_607,2025-05-22 22:28:00,Thiès,Wave,Retrait,Android,12209,0,0,Normal
296,CUST_272,2025-04-27 11:20:00,Thiès,Wave,Retrait,Android,10378,0,0,Normal
297,CUST_23,2025-05-09 12:07:00,Ziguinchor,Free Money,Transfert,Android,6551,0,0,Normal
298,CUST_555,2025-04-16 08:59:00,Saint-Louis,Carte Bancaire,Transfert,Android,31841,0,0,Normal
299,CUST_43,2025-03-16 17:51:00,Ziguinchor,Wave,Paiement,Android,41830,0,0,Normal
300,CUST_921,2025-03-20 09:51:00,Thiès,Orange Money,Retrait,iPhone,59003,0,0,Normal
301,CUST_491,2025-05-03 16:14:00,Dakar,Orange Money,Transfert,Android,26406,0,0,Normal
302,CUST_701,2025-03-15 16:50:00,Thiès,Free Money,Retrait,iPhone,92794,0,0,Normal
303,CUST_201,2025-05-23 23:41:00,Kaolack,Carte Bancaire,Transfert,Android,21812,0,0,Normal
304,CUST_970,2025-06-18 06:36:00,Kaolack,Orange Money,Paiement,iPhone,21974,0,0,Normal
305,CUST_794,2025-01-14 14:40:00,Saint-Louis,Orange Money,Paiement,Android,19113,0,0,Normal
306,CUST_118,2025-05-04 10:34:00,Thiès,Free Money,Transfert,Android,23957,0,0,Normal
307,CUST_584,2025-05-25 11:48:00,Dakar,Wave,Transfert,iPhone,49070,0,0,Normal
308,CUST_959,2025-04-16 07:22:00,Ziguinchor,Carte Bancaire,Retrait,Android,28980,0,0,Normal
309,CUST_195,2025-06-28 09:23:00,Ziguinchor,Wave,Transfert,iPhone,6495,0,0,Normal
310,CUST_519,2025-03-05 10:59:00,Kaolack,Free Money,Transfert,iPhone,6497,0,0,Normal
311,CUST_389,2025-06-05 15:20:00,Dakar,Wave,Paiement,Android,28708,0,0,Normal
312,CUST_572,2025-03-12 15:28:00,Thiès,Wave,Transfert,Android,6482,0,0,Normal
313,CUST_44,2025-02-20 16:26:00,Kaolack,Carte Bancaire,Retrait,Android,12083,0,0,Normal
314,CUST_288,2025-04-05 20:14:00,Saint-Louis,Free Money,Paiement,Android,41580,0,0,Normal
315,CUST_247,2025-05-01 05:12:00,Kaolack,Orange Money,Retrait,Android,500,0,0,Normal
316,CUST_904,2025-02-08 11:31:00,Ziguinchor,Free Money,Transfert,Android,21654,0,0,Normal
317,CUST_813,2025-06-18 16:21:00,Dakar,Carte Bancaire,Transfert,iPhone,19847,0,0,Normal
318,CUST_349,2025-03-20 14:15:00,Saint-Louis,Carte Bancaire,Retrait,Android,4392,0,0,Normal
319,CUST_807,2025-05-31 18:52:00,Ziguinchor,Free Money,Retrait,Android,39181,0,0,Normal
320,CUST_894,2025-04-12 11:20:00,Ziguinchor,Carte Bancaire,Transfert,Android,24671,0,0,Normal
321,CUST_455,2025-02-05 09:07:00,Thiès,Orange Money,Retrait,iPhone,7151,0,0,Normal
322,CUST_104,2025-05-25 13:12:00,Dakar,Wave,Retrait,iPhone,17867,0,0,Normal
323,CUST_720,2025-06-13 20:31:00,Ziguinchor,Carte Bancaire,Retrait,iPhone,884,0,0,Normal
324,CUST_643,2025-03-14 12:42:00,Saint-Louis,Wave,Transfert,Android,57141,0,0,Normal
325,CUST_617,2025-06-02 19:13:00,Dakar,Wave,Paiement,iPhone,8530,0,0,Normal
326,CUST_871,2025-03-23 08:53:00,Ziguinchor,Free Money,Retrait,Android,57416,0,0,Normal
327,CUST_614,2025-02-04 17:46:00,Saint-Louis,Carte Bancaire,Transfert,Android,6690,0,0,Normal
328,CUST_144,2025-06-24 16:36:00,Kaolack,Orange Money,Paiement,iPhone,46651,0,0,Normal
329,CUST_152,2025-02-11 14:18:00,Ziguinchor,Wave,Paiement,iPhone,12983,0,0,Normal
330,CUST_872,2025-06-08 15:23:00,Ziguinchor,Free Money,Transfert,Android,20175,0,0,Normal
331,CUST_83,2025-06-08 07:17:00,Dakar,Carte Bancaire,Retrait,Android,30971,0,0,Normal
332,CUST_264,2025-03-13 12:59:00,Kaolack,Orange Money,Paiement,Android,44031,0,0,Normal
333,CUST_883,2025-02-04 06:49:00,Kaolack,Free Money,Transfert,Android,43555,0,0,Normal
334,CUST_95,2025-05-07 17:58:00,Ziguinchor,Free Money,Transfert,iPhone,11184,0,0,Normal
335,CUST_282,2025-02-09 07:29:00,Saint-Louis,Orange Money,Retrait,Android,35507,0,0,Normal
336,CUST_64,2025-02-03 21:54:00,Dakar,Carte Bancaire,Paiement,iPhone,15839,0,0,Normal
337,CUST_343,2025-06-12 15:12:00,Ziguinchor,Carte Bancaire,Paiement,Android,5424,0,0,Normal
338,CUST_650,2025-01-04 18:52:00,Ziguinchor,Wave,Transfert,iPhone,1203,0,0,Normal
339,CUST_294,2025-02-02 15:51:00,Thiès,Orange Money,Retrait,iPhone,33629,0,0,Normal
340,CUST_415,2025-02-27 20:42:00,Saint-Louis,Carte Bancaire,Paiement,iPhone,48423,0,0,Normal
341,CUST_923,2025-01-13 15:22:00,Kaolack,Wave,Transfert,iPhone,4562,0,0,Normal
342,CUST_929,2025-03-14 18:02:00,Thiès,Free Money,Paiement,Android,19656,0,0,Normal
343,CUST_332,2025-04-14 11:22:00,Ziguinchor,Carte Bancaire,Retrait,Android,14146,0,0,Normal
344,CUST_548,2025-02-11 07:59:00,Saint-Louis,Carte Bancaire,Retrait,iPhone,925,0,0,Normal
345,CUST_820,2025-05-07 10:33:00,Ziguinchor,Carte Bancaire,Retrait,Android,4771,0,0,Normal
346,CUST_329,2025-05-06 11:42:00,Ziguinchor,Orange Money,Paiement,Android,39694,0,0,Normal
347,CUST_983,2025-06-01 18:18:00,Kaolack,Wave,Retrait,iPhone,13852,0,0,Normal
348,CUST_45,2025-01-10 06:20:00,Saint-Louis,Carte Bancaire,Paiement,Android,19102,0,0,Normal
349,CUST_257,2025-03-17 02:27:00,Saint-Louis,Carte Bancaire,Transfert,Android,3967,25,0,Normal
350,CUST_518,2025-06-01 16:06:00,Thiès,Free Money,Paiement,iPhone,33157,0,0,Normal
351,CUST_698,2025-02-04 13:27:00,Ziguinchor,Wave,Paiement,iPhone,33288,0,0,Normal
352,CUST_188,2025-06-20 16:00:00,Thiès,Free Money,Paiement,Android,49728,0,0,Normal
353,CUST_31,2025-06-08 15:40:00,Kaolack,Carte Bancaire,Paiement,iPhone,16718,0,0,Normal
354,CUST_777,2025-05-22 12:24:00,Kaolack,Free Money,Paiement,iPhone,3642,0,0,Normal
355,CUST_658,2025-02-27 08:09:00,Kaolack,Wave,Retrait,iPhone,19538,0,0,Normal
356,CUST_327,2025-02-27 16:34:00,Dakar,Carte Bancaire,Paiement,iPhone,7561,0,0,Normal
357,CUST_508,2025-02-15 09:32:00,Dakar,Orange Money,Retrait,Android,92386,0,0,Normal
358,CUST_11,2025-03-21 21:28:00,Dakar,Carte Bancaire,Paiement,Android,36662,0,0,Normal
359,CUST_79,2025-06-03 04:30:00,Ziguinchor,Wave,Retrait,iPhone,15928,25,0,Normal
360,CUST_562,2025-03-06 06:17:00,Ziguinchor,Wave,Paiement,Android,12845,0,0,Normal
361,CUST_532,2025-02-09 05:11:00,Saint-Louis,Orange Money,Transfert,Android,42454,0,0,Normal
362,CUST_574,2025-01-30 04:27:00,Saint-Louis,Carte Bancaire,Retrait,Android,15469,25,0,Normal
363,CUST_221,2025-03-23 06:09:00,Kaolack,Carte Bancaire,Transfert,Android,18870,0,0,Normal
364,CUST_984,2025-02-28 09:57:00,Thiès,Wave,Paiement,Android,500,0,0,Normal
365,CUST_653,2025-01-07 13:10:00,Ziguinchor,Carte Bancaire,Transfert,Android,1387,0,0,Normal
366,CUST_835,2025-04-30 09:51:00,Dakar,Orange Money,Transfert,Android,55157,0,0,Normal
367,CUST_580,2025-03-28 08:13:00,Saint-Louis,Free Money,Retrait,iPhone,5104,0,0,Normal
368,CUST_768,2025-02-20 10:45:00,Saint-Louis,Carte Bancaire,Transfert,iPhone,1739,0,0,Normal
369,CUST_926,2025-01-12 19:26:00,Thiès,Carte Bancaire,Paiement,iPhone,61845,0,0,Normal
370,CUST_349,2025-03-16 16:04:00,Saint-Louis,Wave,Retrait,iPhone,4467,0,0,Normal
371,CUST_192,2025-04-09 05:40:00,Kaolack,Free Money,Paiement,iPhone,30494,0,0,Normal
372,CUST_35,2025-05-09 04:05:00,Thiès,Orange Money,Transfert,Android,34362,25,0,Normal
373,CUST_211,2025-06-05 19:20:00,Saint-Louis,Orange Money,Retrait,iPhone,71720,0,0,Normal
374,CUST_282,2025-04-03 14:23:00,Saint-Louis,Wave,Paiement,Android,15047,0,0,Normal
375,CUST_338,2025-01-27 16:40:00,Thiès,Orange Money,Transfert,Android,10448,0,0,Normal
376,CUST_973,2025-06-13 12:58:00,Thiès,Orange Money,Transfert,iPhone,18654,0,0,Normal
377,CUST_480,2025-06-10 10:00:00,Ziguinchor,Carte Bancaire,Paiement,Android,23228,0,0,Normal
378,CUST_564,2025-04-16 11:29:00,Saint-Louis,Orange Money,Paiement,Android,13672,0,0,Normal
379,CUST_523,2025-02-01 10:28:00,Kaolack,Wave,Paiement,Android,46337,0,0,Normal
380,CUST_407,2025-05-09 14:25:00,Kaolack,Wave,Retrait,iPhone,36440,0,0,Normal
381,CUST_980,2025-03-12 20:15:00,Saint-Louis,Orange Money,Retrait,Android,37998,0,0,Normal
382,CUST_655,2025-04-26 10:50:00,Thiès,Free Money,Transfert,iPhone,5841,0,0,Normal
383,CUST_673,2025-01-24 05:34:00,Dakar,Wave,Retrait,Android,4672,0,0,Normal
384,CUST_531,2025-06-22 12:58:00,Thiès,Free Money,Paiement,iPhone,21137,0,0,Normal
385,CUST_972,2025-01-26 06:01:00,Ziguinchor,Free Money,Retrait,iPhone,17808,0,0,Normal
386,CUST_270,2025-01-31 14:51:00,Kaolack,Free Money,Retrait,iPhone,19534,35,1,Comportement suspect
387,CUST_686,2025-03-31 11:31:00,Kaolack,Free Money,Transfert,Android,32728,0,0,Normal
388,CUST_643,2025-05-09 21:31:00,Saint-Louis,Free Money,Transfert,iPhone,19557,0,0,Normal
389,CUST_366,2025-04-01 11:59:00,Ziguinchor,Wave,Transfert,iPhone,13072,0,0,Normal
390,CUST_822,2025-03-18 14:10:00,Thiès,Carte Bancaire,Retrait,Android,54798,0,0,Normal
391,CUST_50,2025-01-31 15:07:00,Ziguinchor,Carte Bancaire,Paiement,iPhone,45064,0,0,Normal
392,CUST_247,2025-03-28 20:02:00,Kaolack,Carte Bancaire,Retrait,Android,7820,0,0,Normal
393,CUST_762,2025-03-11 08:53:00,Kaolack,Wave,Transfert,iPhone,30659,0,0,Normal
394,CUST_19,2025-03-18 15:59:00,Thiès,Orange Money,Retrait,Android,36958,0,0,Normal
395,CUST_161,2025-06-29 11:47:00,Saint-Louis,Orange Money,Paiement,iPhone,14291,0,0,Normal
396,CUST_230,2025-06-12 15:06:00,Thiès,Free Money,Transfert,Android,26344,0,0,Normal
397,CUST_872,2025-03-12 10:22:00,Ziguinchor,Orange Money,Transfert,iPhone,27310,0,0,Normal
398,CUST_890,2025-05-07 18:19:00,Thiès,Carte Bancaire,Paiement,Android,27128,0,0,Normal
399,CUST_351,2025-05-06 03:18:00,Kaolack,Free Money,Paiement,Android,32856,25,0,Normal
400,CUST_788,2025-03-20 10:33:00,Saint-Louis,Wave,Retrait,iPhone,9632,0,0,Normal
401,CUST_547,2025-03-09 19:44:00,Saint-Louis,Orange Money,Transfert,iPhone,7210,0,0,Normal
402,CUST_792,2025-01-16 18:43:00,Kaolack,Orange Money,Retrait,Android,9736,0,0,Normal
403,CUST_746,2025-03-24 09:34:00,Ziguinchor,Orange Money,Retrait,Android,63453,0,0,Normal
404,CUST_86,2025-01-14 14:10:00,Dakar,Orange Money,Transfert,Android,30316,0,0,Normal
405,CUST_426,2025-04-23 06:42:00,Kaolack,Carte Bancaire,Transfert,Android,15744,0,0,Normal
406,CUST_129,2025-04-26 06:17:00,Saint-Louis,Free Money,Paiement,Android,12952,0,0,Normal
407,CUST_797,2025-04-17 11:59:00,Thiès,Free Money,Retrait,iPhone,13213,0,0,Normal
408,CUST_586,2025-03-18 06:11:00,Saint-Louis,Wave,Transfert,iPhone,17400,0,0,Normal
409,CUST_253,2025-05-08 12:51:00,Thiès,Wave,Transfert,Android,5087,0,0,Normal
410,CUST_360,2025-05-17 13:29:00,Kaolack,Wave,Transfert,iPhone,14575,0,0,Normal
411,CUST_975,2025-06-03 01:40:00,Saint-Louis,Wave,Paiement,Android,10635,25,0,Normal
412,CUST_288,2025-03-12 19:53:00,Saint-Louis,Carte Bancaire,Paiement,Android,78968,0,0,Normal
413,CUST_184,2025-06-27 17:02:00,Saint-Louis,Carte Bancaire,Retrait,iPhone,15800,0,0,Normal
414,CUST_740,2025-06-29 12:27:00,Dakar,Wave,Paiement,Android,7189,0,0,Normal
415,CUST_883,2025-04-29 21:27:00,Kaolack,Orange Money,Transfert,Android,61981,0,0,Normal
416,CUST_105,2025-04-12 11:04:00,Thiès,Carte Bancaire,Transfert,iPhone,12044,0,0,Normal
417,CUST_656,2025-03-30 16:20:00,Dakar,Free Money,Retrait,Android,15104,0,0,Normal
418,CUST_508,2025-05-31 14:43:00,Dakar,Carte Bancaire,Retrait,iPhone,7434,0,0,Normal
419,CUST_11,2025-02-12 05:23:00,Dakar,Free Money,Paiement,iPhone,11295,0,0,Normal
420,CUST_366,2025-06-25 12:50:00,Ziguinchor,Wave,Paiement,Android,48059,0,0,Normal
421,CUST_828,2025-04-03 01:41:00,Dakar,Free Money,Transfert,iPhone,51688,25,0,Normal
422,CUST_248,2025-03-24 15:28:00,Ziguinchor,Wave,Paiement,iPhone,10743,0,0,Normal
423,CUST_111,2025-01-21 17:26:00,Thiès,Orange Money,Paiement,iPhone,21664,0,0,Normal
424,CUST_507,2025-05-12 06:40:00,Thiès,Wave,Retrait,iPhone,32884,0,0,Normal
425,CUST_879,2025-04-13 05:01:00,Dakar,Free Money,Transfert,iPhone,65316,0,0,Normal
426,CUST_426,2025-06-06 11:00:00,Kaolack,Orange Money,Paiement,iPhone,54926,0,0,Normal
427,CUST_63,2025-03-03 09:46:00,Kaolack,Free Money,Paiement,iPhone,62354,0,0,Normal
428,CUST_908,2025-03-04 09:19:00,Dakar,Carte Bancaire,Retrait,Android,3300,0,0,Normal
429,CUST_868,2025-04-11 17:45:00,Saint-Louis,Wave,Transfert,Android,93363,0,0,Normal
430,CUST_13,2025-06-09 16:39:00,Thiès,Free Money,Retrait,Android,6870,0,0,Normal
431,CUST_951,2025-01-12 11:44:00,Dakar,Orange Money,Transfert,Android,19004,0,0,Normal
432,CUST_430,2025-05-28 16:01:00,Saint-Louis,Wave,Retrait,Android,29465,0,0,Normal
433,CUST_26,2025-01-14 09:47:00,Kaolack,Wave,Paiement,Android,14549,0,0,Normal
434,CUST_12,2025-02-16 14:17:00,Ziguinchor,Carte Bancaire,Paiement,Android,34431,35,1,Comportement suspect
435,CUST_542,2025-02-07 19:53:00,Kaolack,Carte Bancaire,Transfert,Android,23706,0,0,Normal
436,CUST_298,2025-01-26 14:46:00,Saint-Louis,Carte Bancaire,Retrait,Android,32849,0,0,Normal
437,CUST_342,2025-06-01 13:26:00,Ziguinchor,Orange Money,Paiement,iPhone,8419,0,0,Normal
438,CUST_560,2025-01-02 14:13:00,Saint-Louis,Wave,Transfert,iPhone,21465,0,0,Normal
439,CUST_95,2025-05-16 16:54:00,Ziguinchor,Free Money,Retrait,iPhone,22133,0,0,Normal
440,CUST_139,2025-06-15 16:13:00,Kaolack,Orange Money,Transfert,iPhone,12684,0,0,Normal
441,CUST_587,2025-01-21 06:12:00,Thiès,Orange Money,Transfert,iPhone,29560,0,0,Normal
442,CUST_193,2025-01-30 15:47:00,Thiès,Wave,Transfert,iPhone,59534,0,0,Normal
443,CUST_615,2025-04-24 12:31:00,Ziguinchor,Carte Bancaire,Paiement,Android,20564,30,0,Normal
444,CUST_612,2025-05-16 10:49:00,Ziguinchor,Orange Money,Retrait,Android,6129,0,0,Normal
445,CUST_672,2025-06-17 13:56:00,Kaolack,Wave,Paiement,iPhone,16959,0,0,Normal
446,CUST_135,2025-01-03 14:40:00,Dakar,Free Money,Retrait,iPhone,1798,0,0,Normal
447,CUST_672,2025-04-21 18:21:00,Kaolack,Free Money,Transfert,iPhone,18525,0,0,Normal
448,CUST_190,2025-05-01 22:27:00,Dakar,Carte Bancaire,Transfert,iPhone,8706,30,0,Normal
449,CUST_714,2025-03-27 21:29:00,Ziguinchor,Wave,Retrait,iPhone,38652,0,0,Normal
450,CUST_796,2025-05-08 19:54:00,Dakar,Free Money,Paiement,iPhone,19313,0,0,Normal
451,CUST_877,2025-01-25 12:13:00,Dakar,Carte Bancaire,Retrait,iPhone,11955,0,0,Normal
452,CUST_939,2025-01-30 18:32:00,Kaolack,Carte Bancaire,Paiement,iPhone,19943,0,0,Normal
453,CUST_246,2025-01-29 05:52:00,Kaolack,Wave,Retrait,Android,51519,0,0,Normal
454,CUST_585,2025-03-18 05:05:00,Saint-Louis,Carte Bancaire,Paiement,iPhone,64094,0,0,Normal
455,CUST_110,2025-01-29 12:04:00,Thiès,Wave,Retrait,Android,22306,0,0,Normal
456,CUST_126,2025-02-18 13:46:00,Kaolack,Free Money,Paiement,Android,26850,0,0,Normal
457,CUST_114,2025-05-24 14:29:00,Thiès,Free Money,Paiement,Android,57722,0,0,Normal
458,CUST_171,2025-02-03 15:38:00,Kaolack,Orange Money,Retrait,iPhone,45473,0,0,Normal
459,CUST_157,2025-05-27 20:50:00,Dakar,Free Money,Paiement,iPhone,11567,0,0,Normal
460,CUST_336,2025-01-06 01:10:00,Ziguinchor,Orange Money,Paiement,iPhone,24460,25,0,Normal
461,CUST_580,2025-02-28 20:50:00,Saint-Louis,Orange Money,Paiement,iPhone,4576,0,0,Normal
462,CUST_145,2025-06-17 09:17:00,Dakar,Carte Bancaire,Paiement,Android,16083,0,0,Normal
463,CUST_494,2025-05-29 10:12:00,Thiès,Orange Money,Transfert,iPhone,7576,0,0,Normal
464,CUST_527,2025-01-11 13:52:00,Saint-Louis,Free Money,Paiement,Android,51923,0,0,Normal
465,CUST_519,2025-03-02 12:16:00,Kaolack,Orange Money,Paiement,Android,9310,0,0,Normal
466,CUST_807,2025-06-27 12:13:00,Ziguinchor,Orange Money,Paiement,Android,17608,0,0,Normal
467,CUST_113,2025-03-11 10:27:00,Ziguinchor,Free Money,Transfert,Android,39460,0,0,Normal
468,CUST_913,2025-01-16 10:39:00,Kaolack,Free Money,Retrait,Android,3468,0,0,Normal
469,CUST_465,2025-02-16 09:58:00,Saint-Louis,Orange Money,Transfert,iPhone,9475,0,0,Normal
470,CUST_455,2025-03-11 16:59:00,Thiès,Free Money,Retrait,Android,5401,0,0,Normal
471,CUST_877,2025-05-29 15:34:00,Dakar,Carte Bancaire,Retrait,Android,7274,0,0,Normal
472,CUST_729,2025-04-15 17:52:00,Kaolack,Carte Bancaire,Paiement,iPhone,29996,0,0,Normal
473,CUST_377,2025-06-11 15:15:00,Kaolack,Orange Money,Retrait,Android,15182,0,0,Normal
474,CUST_542,2025-02-16 12:24:00,Kaolack,Free Money,Paiement,iPhone,27242,0,0,Normal
475,CUST_836,2025-01-04 09:32:00,Kaolack,Carte Bancaire,Transfert,Android,11860,30,0,Normal
476,CUST_633,2025-02-02 09:44:00,Saint-Louis,Carte Bancaire,Retrait,Android,9066,0,0,Normal
477,CUST_732,2025-04-05 09:24:00,Dakar,Free Money,Transfert,iPhone,17221,0,0,Normal
478,CUST_295,2025-03-13 21:36:00,Kaolack,Orange Money,Retrait,Android,1987,0,0,Normal
479,CUST_533,2025-03-16 12:47:00,Dakar,Carte Bancaire,Paiement,Android,9845,0,0,Normal
480,CUST_604,2025-04-23 01:46:00,Kaolack,Wave,Retrait,iPhone,44832,25,0,Normal
481,CUST_148,2025-06-19 07:47:00,Ziguinchor,Carte Bancaire,Retrait,Android,4233,0,0,Normal
482,CUST_699,2025-02-19 10:05:00,Dakar,Orange Money,Retrait,Android,56612,0,0,Normal
483,CUST_317,2025-01-18 14:06:00,Saint-Louis,Free Money,Paiement,iPhone,37726,0,0,Normal
484,CUST_775,2025-01-02 16:13:00,Dakar,Carte Bancaire,Transfert,iPhone,3639,0,0,Normal
485,CUST_537,2025-04-07 09:21:00,Thiès,Free Money,Retrait,Android,2745,0,0,Normal
486,CUST_798,2025-03-20 13:01:00,Dakar,Wave,Transfert,Android,36435,0,0,Normal
487,CUST_466,2025-03-06 09:25:00,Dakar,Wave,Retrait,Android,18235,0,0,Normal
488,CUST_743,2025-02-04 13:27:00,Ziguinchor,Orange Money,Paiement,iPhone,5813,0,0,Normal
489,CUST_106,2025-04-14 14:27:00,Saint-Louis,Free Money,Paiement,iPhone,79214,0,0,Normal
490,CUST_892,2025-03-20 07:42:00,Thiès,Orange Money,Retrait,Android,4721,0,0,Normal
491,CUST_355,2025-02-19 10:26:00,Dakar,Wave,Paiement,Android,17351,0,0,Normal
492,CUST_879,2025-01-16 05:20:00,Dakar,Free Money,Transfert,Android,48375,0,0,Normal
493,CUST_46,2025-01-01 14:50:00,Thiès,Wave,Paiement,iPhone,37240,0,0,Normal
494,CUST_46,2025-06-18 13:20:00,Thiès,Free Money,Paiement,iPhone,45090,0,0,Normal
495,CUST_202,2025-04-07 11:02:00,Saint-Louis,Wave,Transfert,iPhone,18861,0,0,Normal
496,CUST_881,2025-06-11 20:05:00,Kaolack,Carte Bancaire,Paiement,Android,5040,0,0,Normal
497,CUST_668,2025-03-20 20:54:00,Kaolack,Carte Bancaire,Transfert,Android,81880,0,0,Normal
498,CUST_922,2025-05-13 08:36:00,Saint-Louis,Carte Bancaire,Paiement,iPhone,62780,0,0,Normal
499,CUST_802,2025-06-14 08:55:00,Kaolack,Free Money,Retrait,Android,30962,0,0,Normal
500,CUST_666,2025-02-22 07:30:00,Kaolack,Orange Money,Paiement,iPhone,8059,0,0,Normal
501,CUST_480,2025-03-26 09:13:00,Ziguinchor,Free Money,Retrait,Android,19314,0,0,Normal
502,CUST_618,2025-05-07 12:16:00,Ziguinchor,Wave,Paiement,Android,5838,0,0,Normal
503,CUST_977,2025-03-23 23:11:00,Thiès,Wave,Transfert,iPhone,3732,0,0,Normal
504,CUST_768,2025-05-09 15:42:00,Saint-Louis,Carte Bancaire,Retrait,iPhone,16143,0,0,Normal
505,CUST_749,2025-02-28 07:35:00,Thiès,Free Money,Paiement,Android,2099,0,0,Normal
506,CUST_896,2025-05-27 11:25:00,Kaolack,Wave,Transfert,Android,19983,0,0,Normal
507,CUST_685,2025-04-04 12:12:00,Dakar,Free Money,Retrait,iPhone,14134,0,0,Normal
508,CUST_495,2025-03-07 06:25:00,Saint-Louis,Orange Money,Transfert,Android,6297,30,0,Normal
509,CUST_278,2025-03-21 13:50:00,Dakar,Orange Money,Paiement,Android,44683,0,0,Normal
510,CUST_443,2025-06-19 06:09:00,Ziguinchor,Carte Bancaire,Paiement,iPhone,31884,0,0,Normal
511,CUST_348,2025-04-07 08:02:00,Saint-Louis,Free Money,Transfert,Android,59770,0,0,Normal
512,CUST_94,2025-01-29 23:20:00,Ziguinchor,Free Money,Transfert,Android,85035,0,0,Normal
513,CUST_48,2025-03-06 06:22:00,Thiès,Orange Money,Retrait,iPhone,1596,0,0,Normal
514,CUST_218,2025-01-03 17:50:00,Ziguinchor,Orange Money,Paiement,iPhone,13008,0,0,Normal
515,CUST_197,2025-05-20 11:09:00,Thiès,Wave,Retrait,Android,15180,0,0,Normal
516,CUST_423,2025-02-11 11:19:00,Kaolack,Carte Bancaire,Transfert,Android,18652,0,0,Normal
517,CUST_726,2025-06-29 08:48:00,Thiès,Wave,Retrait,Android,500,0,0,Normal
518,CUST_679,2025-04-13 14:02:00,Saint-Louis,Wave,Transfert,iPhone,9287,0,0,Normal
519,CUST_975,2025-05-22 13:51:00,Saint-Louis,Orange Money,Paiement,iPhone,11187,0,0,Normal
520,CUST_80,2025-06-21 05:30:00,Ziguinchor,Orange Money,Retrait,iPhone,12583,0,0,Normal
521,CUST_817,2025-04-22 14:37:00,Kaolack,Wave,Retrait,iPhone,34333,0,0,Normal
522,CUST_28,2025-03-26 08:32:00,Ziguinchor,Wave,Retrait,iPhone,26280,0,0,Normal
523,CUST_21,2025-03-05 12:36:00,Dakar,Wave,Paiement,iPhone,25387,0,0,Normal
524,CUST_458,2025-03-04 09:43:00,Dakar,Orange Money,Paiement,Android,50800,0,0,Normal
525,CUST_669,2025-01-15 11:00:00,Kaolack,Wave,Retrait,Android,13798,0,0,Normal
526,CUST_807,2025-04-12 20:10:00,Ziguinchor,Free Money,Paiement,iPhone,32191,0,0,Normal
527,CUST_643,2025-02-26 09:34:00,Saint-Louis,Orange Money,Paiement,iPhone,64799,0,0,Normal
528,CUST_163,2025-04-19 08:18:00,Dakar,Orange Money,Retrait,iPhone,27616,0,0,Normal
529,CUST_730,2025-01-23 06:55:00,Saint-Louis,Carte Bancaire,Transfert,Android,31151,30,0,Normal
530,CUST_456,2025-01-10 12:51:00,Kaolack,Orange Money,Retrait,iPhone,5123,0,0,Normal
531,CUST_962,2025-03-05 12:49:00,Thiès,Wave,Retrait,iPhone,500,0,0,Normal
532,CUST_56,2025-02-13 08:31:00,Kaolack,Wave,Transfert,iPhone,67787,0,0,Normal
533,CUST_386,2025-05-03 19:01:00,Saint-Louis,Carte Bancaire,Retrait,iPhone,18067,0,0,Normal
534,CUST_732,2025-03-12 14:24:00,Dakar,Wave,Paiement,Android,10618,0,0,Normal
535,CUST_49,2025-01-04 17:06:00,Kaolack,Orange Money,Retrait,Android,2837,0,0,Normal
536,CUST_787,2025-02-06 08:26:00,Ziguinchor,Carte Bancaire,Paiement,Android,14850,0,0,Normal
537,CUST_712,2025-04-05 07:52:00,Thiès,Free Money,Transfert,Android,56734,0,0,Normal
538,CUST_502,2025-01-03 20:26:00,Kaolack,Wave,Transfert,Android,26075,0,0,Normal
539,CUST_810,2025-03-08 10:35:00,Kaolack,Carte Bancaire,Transfert,iPhone,16749,0,0,Normal
540,CUST_528,2025-06-13 14:44:00,Dakar,Orange Money,Paiement,iPhone,44366,0,0,Normal
541,CUST_717,2025-01-21 14:16:00,Thiès,Wave,Retrait,iPhone,34547,0,0,Normal
542,CUST_720,2025-06-02 11:52:00,Ziguinchor,Free Money,Transfert,iPhone,11230,0,0,Normal
543,CUST_946,2025-01-24 02:01:00,Dakar,Wave,Transfert,Android,18542,25,0,Normal
544,CUST_510,2025-04-15 15:36:00,Kaolack,Free Money,Transfert,Android,24892,0,0,Normal
545,CUST_164,2025-01-24 10:26:00,Dakar,Orange Money,Transfert,iPhone,11314,0,0,Normal
546,CUST_120,2025-04-01 11:55:00,Kaolack,Wave,Retrait,iPhone,24077,0,0,Normal
547,CUST_219,2025-01-22 06:05:00,Kaolack,Orange Money,Transfert,iPhone,31401,0,0,Normal
548,CUST_571,2025-06-07 12:23:00,Kaolack,Carte Bancaire,Transfert,Android,23649,0,0,Normal
549,CUST_587,2025-01-11 15:50:00,Thiès,Wave,Retrait,iPhone,42790,30,0,Normal
550,CUST_918,2025-03-02 09:39:00,Saint-Louis,Wave,Transfert,iPhone,38709,0,0,Normal
551,CUST_208,2025-03-23 11:24:00,Thiès,Carte Bancaire,Retrait,iPhone,14519,0,0,Normal
552,CUST_172,2025-01-27 18:34:00,Thiès,Free Money,Paiement,iPhone,89936,0,0,Normal
553,CUST_408,2025-03-06 17:09:00,Dakar,Wave,Transfert,iPhone,8912,0,0,Normal
554,CUST_499,2025-06-23 14:21:00,Thiès,Free Money,Retrait,iPhone,26076,0,0,Normal
555,CUST_698,2025-02-27 15:07:00,Ziguinchor,Orange Money,Paiement,iPhone,47206,0,0,Normal
556,CUST_484,2025-06-13 17:16:00,Saint-Louis,Free Money,Retrait,iPhone,65490,0,0,Normal
557,CUST_613,2025-03-23 11:53:00,Saint-Louis,Free Money,Paiement,iPhone,17771,0,0,Normal
558,CUST_55,2025-05-24 10:54:00,Dakar,Orange Money,Transfert,Android,10686,0,0,Normal
559,CUST_344,2025-06-25 18:51:00,Ziguinchor,Orange Money,Retrait,Android,60842,0,0,Normal
560,CUST_915,2025-06-20 09:04:00,Thiès,Orange Money,Transfert,Android,38290,0,0,Normal
561,CUST_308,2025-01-09 17:07:00,Dakar,Wave,Transfert,Android,1735,0,0,Normal
562,CUST_747,2025-02-11 13:15:00,Thiès,Free Money,Paiement,Android,6779,0,0,Normal
563,CUST_586,2025-01-24 19:07:00,Saint-Louis,Wave,Paiement,iPhone,4199,0,0,Normal
564,CUST_852,2025-03-10 12:20:00,Dakar,Carte Bancaire,Transfert,iPhone,4851,0,0,Normal
565,CUST_942,2025-02-19 14:44:00,Thiès,Free Money,Transfert,iPhone,4420,0,0,Normal
566,CUST_947,2025-06-23 13:33:00,Dakar,Wave,Paiement,Android,19198,0,0,Normal
567,CUST_312,2025-04-29 09:01:00,Dakar,Wave,Transfert,Android,20403,0,0,Normal
568,CUST_809,2025-04-06 17:22:00,Thiès,Orange Money,Transfert,iPhone,16114,0,0,Normal
569,CUST_726,2025-06-05 05:47:00,Thiès,Free Money,Retrait,iPhone,28986,0,0,Normal
570,CUST_136,2025-01-06 14:04:00,Dakar,Free Money,Paiement,iPhone,59040,0,0,Normal
571,CUST_549,2025-02-24 16:51:00,Ziguinchor,Free Money,Paiement,Android,70429,0,0,Normal
572,CUST_412,2025-03-29 10:55:00,Dakar,Carte Bancaire,Transfert,Android,16812,0,0,Normal
573,CUST_138,2025-05-27 12:23:00,Ziguinchor,Wave,Transfert,iPhone,49360,0,0,Normal
574,CUST_410,2025-02-12 20:03:00,Saint-Louis,Carte Bancaire,Transfert,Android,79751,0,0,Normal
575,CUST_331,2025-04-24 14:26:00,Kaolack,Carte Bancaire,Transfert,iPhone,6198,0,0,Normal
576,CUST_342,2025-01-14 12:15:00,Ziguinchor,Carte Bancaire,Retrait,Android,5829,30,0,Normal
577,CUST_211,2025-02-11 23:57:00,Saint-Louis,Orange Money,Retrait,Android,41471,0,0,Normal
578,CUST_955,2025-03-24 20:36:00,Saint-Louis,Carte Bancaire,Transfert,Android,35333,0,0,Normal
579,CUST_450,2025-04-11 10:27:00,Kaolack,Free Money,Paiement,Android,11871,0,0,Normal
580,CUST_356,2025-01-12 17:09:00,Ziguinchor,Wave,Transfert,iPhone,2144,0,0,Normal
581,CUST_629,2025-03-05 09:48:00,Saint-Louis,Free Money,Retrait,Android,44882,0,0,Normal
582,CUST_702,2025-02-18 15:25:00,Ziguinchor,Free Money,Transfert,iPhone,22146,30,0,Normal
583,CUST_130,2025-01-24 14:17:00,Dakar,Wave,Retrait,Android,3042,0,0,Normal
584,CUST_71,2025-06-03 23:47:00,Ziguinchor,Wave,Transfert,Android,45206,0,0,Normal
585,CUST_674,2025-05-08 11:16:00,Thiès,Free Money,Paiement,iPhone,35165,0,0,Normal
586,CUST_384,2025-05-26 17:48:00,Kaolack,Orange Money,Paiement,Android,27500,0,0,Normal
587,CUST_668,2025-06-12 13:48:00,Kaolack,Carte Bancaire,Transfert,Android,50281,0,0,Normal
588,CUST_879,2025-06-10 15:55:00,Dakar,Carte Bancaire,Paiement,iPhone,15811,0,0,Normal
589,CUST_248,2025-02-02 21:19:00,Ziguinchor,Wave,Retrait,Android,36859,0,0,Normal
590,CUST_848,2025-02-27 12:24:00,Ziguinchor,Orange Money,Transfert,Android,35577,0,0,Normal
591,CUST_900,2025-04-14 07:29:00,Kaolack,Wave,Transfert,iPhone,61238,30,0,Normal
592,CUST_435,2025-03-31 16:09:00,Saint-Louis,Orange Money,Transfert,iPhone,51087,0,0,Normal
593,CUST_67,2025-02-05 10:41:00,Thiès,Orange Money,Retrait,Android,25664,0,0,Normal
594,CUST_590,2025-02-12 23:41:00,Kaolack,Orange Money,Transfert,Android,7828,0,0,Normal
595,CUST_728,2025-03-26 13:27:00,Thiès,Carte Bancaire,Retrait,Android,14682,0,0,Normal
596,CUST_379,2025-06-28 08:53:00,Saint-Louis,Carte Bancaire,Retrait,Android,29331,0,0,Normal
597,CUST_168,2025-02-11 08:59:00,Kaolack,Carte Bancaire,Paiement,Android,29247,0,0,Normal
598,CUST_744,2025-04-16 00:26:00,Saint-Louis,Carte Bancaire,Retrait,iPhone,4637,0,0,Normal
599,CUST_422,2025-06-09 15:38:00,Thiès,Carte Bancaire,Retrait,Android,31199,0,0,Normal
600,CUST_613,2025-01-28 13:17:00,Saint-Louis,Orange Money,Paiement,Android,8918,0,0,Normal
601,CUST_580,2025-01-29 20:48:00,Saint-Louis,Wave,Paiement,Android,1963,0,0,Normal
602,CUST_844,2025-02-17 07:41:00,Saint-Louis,Free Money,Paiement,Android,23992,0,0,Normal
603,CUST_1,2025-05-06 11:36:00,Dakar,Orange Money,Transfert,iPhone,66337,0,0,Normal
604,CUST_789,2025-03-26 16:45:00,Kaolack,Wave,Paiement,iPhone,33680,0,0,Normal
605,CUST_841,2025-01-05 10:59:00,Thiès,Orange Money,Retrait,iPhone,10347,0,0,Normal
606,CUST_971,2025-06-09 13:13:00,Dakar,Orange Money,Transfert,Android,64263,0,0,Normal
607,CUST_468,2025-05-12 08:06:00,Thiès,Orange Money,Transfert,iPhone,15835,0,0,Normal
608,CUST_550,2025-06-13 08:58:00,Dakar,Wave,Transfert,Android,8548,0,0,Normal
609,CUST_791,2025-06-04 09:53:00,Kaolack,Orange Money,Paiement,Android,16747,0,0,Normal
610,CUST_284,2025-05-11 00:03:00,Saint-Louis,Carte Bancaire,Retrait,Android,8931,0,0,Normal
611,CUST_51,2025-05-14 14:02:00,Thiès,Carte Bancaire,Transfert,iPhone,27316,0,0,Normal
612,CUST_168,2025-06-14 15:17:00,Kaolack,Free Money,Paiement,iPhone,13735,0,0,Normal
613,CUST_872,2025-01-09 17:21:00,Ziguinchor,Orange Money,Retrait,Android,9214,0,0,Normal
614,CUST_360,2025-06-28 00:35:00,Kaolack,Carte Bancaire,Paiement,iPhone,8826,30,0,Normal
615,CUST_256,2025-05-15 11:41:00,Thiès,Carte Bancaire,Transfert,Android,13111,0,0,Normal
616,CUST_100,2025-04-28 10:32:00,Dakar,Wave,Transfert,iPhone,63513,0,0,Normal
617,CUST_645,2025-02-08 10:55:00,Thiès,Wave,Transfert,iPhone,10739,0,0,Normal
618,CUST_701,2025-02-09 18:08:00,Thiès,Wave,Paiement,Android,1390,0,0,Normal
619,CUST_133,2025-01-26 01:36:00,Kaolack,Carte Bancaire,Transfert,Android,28753,25,0,Normal
620,CUST_310,2025-04-11 07:25:00,Kaolack,Free Money,Transfert,Android,11515,0,0,Normal
621,CUST_558,2025-06-10 06:15:00,Ziguinchor,Free Money,Transfert,iPhone,500,0,0,Normal
622,CUST_960,2025-06-27 08:57:00,Ziguinchor,Carte Bancaire,Paiement,iPhone,22954,0,0,Normal
623,CUST_726,2025-02-10 13:18:00,Thiès,Wave,Paiement,iPhone,500,0,0,Normal
624,CUST_637,2025-01-24 14:23:00,Kaolack,Orange Money,Transfert,Android,20590,0,0,Normal
625,CUST_715,2025-06-07 12:39:00,Dakar,Orange Money,Paiement,iPhone,65175,0,0,Normal
626,CUST_481,2025-01-27 16:20:00,Kaolack,Wave,Transfert,Android,42748,0,0,Normal
627,CUST_967,2025-03-01 11:34:00,Ziguinchor,Free Money,Retrait,Android,24337,0,0,Normal
628,CUST_583,2025-03-06 08:53:00,Saint-Louis,Wave,Retrait,Android,13977,0,0,Normal
629,CUST_938,2025-02-28 15:58:00,Kaolack,Orange Money,Retrait,Android,25596,0,0,Normal
630,CUST_548,2025-03-05 17:05:00,Saint-Louis,Carte Bancaire,Retrait,iPhone,45752,0,0,Normal
631,CUST_604,2025-02-17 08:39:00,Kaolack,Wave,Retrait,iPhone,53215,0,0,Normal
632,CUST_598,2025-05-19 09:17:00,Ziguinchor,Carte Bancaire,Transfert,Android,11641,0,0,Normal
633,CUST_57,2025-05-29 12:22:00,Ziguinchor,Wave,Transfert,iPhone,21913,0,0,Normal
634,CUST_221,2025-05-03 08:01:00,Kaolack,Free Money,Retrait,iPhone,15628,0,0,Normal
635,CUST_972,2025-06-20 13:33:00,Ziguinchor,Wave,Paiement,iPhone,24877,0,0,Normal
636,CUST_881,2025-02-25 12:01:00,Kaolack,Wave,Transfert,iPhone,16900,0,0,Normal
637,CUST_423,2025-06-01 17:39:00,Kaolack,Carte Bancaire,Transfert,Android,48697,0,0,Normal
638,CUST_410,2025-05-30 10:26:00,Saint-Louis,Carte Bancaire,Paiement,iPhone,57530,0,0,Normal
639,CUST_972,2025-03-15 18:32:00,Ziguinchor,Wave,Transfert,Android,28113,0,0,Normal
640,CUST_91,2025-04-22 11:55:00,Saint-Louis,Orange Money,Paiement,Android,28925,0,0,Normal
641,CUST_789,2025-02-05 05:31:00,Kaolack,Wave,Transfert,Android,85863,0,0,Normal
642,CUST_472,2025-06-29 10:40:00,Ziguinchor,Free Money,Transfert,Android,27065,0,0,Normal
643,CUST_969,2025-02-09 21:37:00,Ziguinchor,Wave,Paiement,iPhone,70601,0,0,Normal
644,CUST_50,2025-04-27 13:28:00,Ziguinchor,Free Money,Paiement,Android,500,0,0,Normal
645,CUST_566,2025-02-06 11:01:00,Saint-Louis,Free Money,Transfert,Android,8078,0,0,Normal
646,CUST_533,2025-02-06 13:34:00,Dakar,Orange Money,Retrait,Android,22679,30,0,Normal
647,CUST_989,2025-02-09 18:49:00,Thiès,Carte Bancaire,Transfert,iPhone,76775,0,0,Normal
648,CUST_843,2025-01-28 15:53:00,Saint-Louis,Wave,Retrait,iPhone,63984,0,0,Normal
649,CUST_205,2025-06-23 05:58:00,Dakar,Wave,Retrait,Android,49511,0,0,Normal
650,CUST_65,2025-03-12 11:00:00,Saint-Louis,Wave,Retrait,Android,14995,0,0,Normal
651,CUST_919,2025-04-02 12:10:00,Saint-Louis,Wave,Paiement,Android,2086,0,0,Normal
652,CUST_962,2025-05-08 05:46:00,Thiès,Wave,Paiement,Android,51937,0,0,Normal
653,CUST_128,2025-05-18 11:52:00,Kaolack,Wave,Retrait,iPhone,76908,0,0,Normal
654,CUST_226,2025-06-21 12:04:00,Ziguinchor,Orange Money,Transfert,Android,14881,0,0,Normal
655,CUST_522,2025-05-13 15:22:00,Dakar,Carte Bancaire,Transfert,Android,54876,0,0,Normal
656,CUST_225,2025-05-07 06:57:00,Saint-Louis,Orange Money,Transfert,iPhone,10741,0,0,Normal
657,CUST_523,2025-05-08 12:19:00,Kaolack,Carte Bancaire,Transfert,iPhone,27273,0,0,Normal
658,CUST_940,2025-01-29 13:15:00,Kaolack,Orange Money,Paiement,Android,5198,0,0,Normal
659,CUST_305,2025-03-13 11:47:00,Kaolack,Carte Bancaire,Transfert,iPhone,21664,0,0,Normal
660,CUST_702,2025-05-28 15:24:00,Ziguinchor,Carte Bancaire,Retrait,iPhone,24471,0,0,Normal
661,CUST_8,2025-01-04 21:02:00,Thiès,Wave,Retrait,iPhone,33023,0,0,Normal
662,CUST_71,2025-06-22 14:11:00,Ziguinchor,Wave,Retrait,Android,55388,0,0,Normal
663,CUST_53,2025-04-05 05:29:00,Ziguinchor,Carte Bancaire,Retrait,Android,13559,0,0,Normal
664,CUST_758,2025-01-13 03:44:00,Dakar,Free Money,Transfert,iPhone,28536,25,0,Normal
665,CUST_180,2025-05-09 05:55:00,Dakar,Free Money,Retrait,iPhone,54751,0,0,Normal
666,CUST_584,2025-01-11 18:06:00,Dakar,Carte Bancaire,Retrait,iPhone,51091,0,0,Normal
667,CUST_976,2025-04-03 10:44:00,Dakar,Orange Money,Transfert,iPhone,52219,0,0,Normal
668,CUST_433,2025-06-07 12:08:00,Ziguinchor,Carte Bancaire,Paiement,Android,9195,0,0,Normal
669,CUST_499,2025-05-28 19:30:00,Thiès,Wave,Paiement,Android,20585,0,0,Normal
670,CUST_157,2025-04-13 13:47:00,Dakar,Free Money,Transfert,iPhone,16821,0,0,Normal
671,CUST_512,2025-01-14 10:00:00,Thiès,Carte Bancaire,Transfert,Android,28236,0,0,Normal
672,CUST_648,2025-02-26 13:53:00,Kaolack,Orange Money,Transfert,Android,47958,0,0,Normal
673,CUST_411,2025-01-29 12:13:00,Saint-Louis,Orange Money,Retrait,Android,22502,0,0,Normal
674,CUST_218,2025-06-01 08:09:00,Ziguinchor,Free Money,Paiement,iPhone,12324,0,0,Normal
675,CUST_980,2025-03-04 15:12:00,Saint-Louis,Orange Money,Paiement,iPhone,44678,0,0,Normal
676,CUST_839,2025-04-26 11:47:00,Kaolack,Wave,Transfert,iPhone,33842,0,0,Normal
677,CUST_284,2025-04-05 16:12:00,Saint-Louis,Orange Money,Retrait,Android,8434,0,0,Normal
678,CUST_267,2025-04-08 12:14:00,Thiès,Free Money,Paiement,Android,7401,0,0,Normal
679,CUST_898,2025-05-01 13:40:00,Kaolack,Carte Bancaire,Retrait,iPhone,38685,0,0,Normal
680,CUST_501,2025-03-24 09:55:00,Saint-Louis,Free Money,Transfert,iPhone,35837,0,0,Normal
681,CUST_822,2025-03-22 14:19:00,Thiès,Wave,Retrait,iPhone,38277,0,0,Normal
682,CUST_598,2025-01-10 14:29:00,Ziguinchor,Orange Money,Paiement,iPhone,10016,0,0,Normal
683,CUST_123,2025-01-02 12:49:00,Dakar,Free Money,Paiement,Android,500,0,0,Normal
684,CUST_712,2025-03-22 19:45:00,Thiès,Wave,Transfert,iPhone,15087,0,0,Normal
685,CUST_122,2025-02-03 13:35:00,Ziguinchor,Carte Bancaire,Transfert,Android,22900,0,0,Normal
686,CUST_501,2025-04-11 21:33:00,Saint-Louis,Free Money,Transfert,iPhone,27420,0,0,Normal
687,CUST_81,2025-06-04 17:30:00,Thiès,Orange Money,Paiement,iPhone,37062,0,0,Normal
688,CUST_668,2025-05-14 16:54:00,Kaolack,Wave,Retrait,iPhone,48993,0,0,Normal
689,CUST_704,2025-02-10 09:36:00,Dakar,Wave,Paiement,Android,18816,0,0,Normal
690,CUST_925,2025-04-22 04:11:00,Ziguinchor,Carte Bancaire,Paiement,iPhone,58414,25,0,Normal
691,CUST_388,2025-04-29 10:41:00,Kaolack,Wave,Paiement,iPhone,500,0,0,Normal
692,CUST_17,2025-02-24 13:13:00,Dakar,Orange Money,Paiement,Android,22724,0,0,Normal
693,CUST_82,2025-03-30 18:00:00,Ziguinchor,Wave,Transfert,Android,38181,0,0,Normal
694,CUST_148,2025-03-14 12:50:00,Ziguinchor,Orange Money,Transfert,Android,9985,0,0,Normal
695,CUST_572,2025-01-17 12:55:00,Thiès,Free Money,Retrait,Android,17598,0,0,Normal
696,CUST_998,2025-06-22 15:39:00,Kaolack,Wave,Paiement,Android,74327,0,0,Normal
697,CUST_846,2025-06-15 15:19:00,Ziguinchor,Carte Bancaire,Paiement,Android,4156,0,0,Normal
698,CUST_850,2025-03-18 10:43:00,Dakar,Orange Money,Transfert,iPhone,26054,0,0,Normal
699,CUST_360,2025-03-10 13:02:00,Kaolack,Free Money,Retrait,Android,500,0,0,Normal
700,CUST_886,2025-02-11 10:50:00,Saint-Louis,Carte Bancaire,Retrait,iPhone,67112,0,0,Normal
701,CUST_644,2025-05-09 04:34:00,Kaolack,Free Money,Paiement,iPhone,15744,25,0,Normal
702,CUST_162,2025-06-13 10:55:00,Ziguinchor,Wave,Retrait,Android,88428,0,0,Normal
703,CUST_361,2025-04-04 17:46:00,Dakar,Free Money,Transfert,Android,20124,0,0,Normal
704,CUST_622,2025-05-16 07:06:00,Kaolack,Wave,Transfert,Android,42645,30,0,Normal
705,CUST_308,2025-03-18 22:20:00,Dakar,Orange Money,Paiement,Android,55057,0,0,Normal
706,CUST_708,2025-02-20 18:00:00,Kaolack,Orange Money,Paiement,iPhone,40926,0,0,Normal
707,CUST_718,2025-01-18 13:55:00,Ziguinchor,Orange Money,Transfert,iPhone,3565,0,0,Normal
708,CUST_136,2025-06-20 21:57:00,Dakar,Carte Bancaire,Retrait,iPhone,39717,0,0,Normal
709,CUST_660,2025-05-10 14:08:00,Dakar,Wave,Transfert,iPhone,4540,0,0,Normal
710,CUST_868,2025-01-21 15:36:00,Saint-Louis,Orange Money,Retrait,iPhone,32496,0,0,Normal
711,CUST_167,2025-03-31 10:45:00,Saint-Louis,Orange Money,Paiement,iPhone,38980,0,0,Normal
712,CUST_869,2025-03-22 13:10:00,Kaolack,Free Money,Paiement,Android,20706,0,0,Normal
713,CUST_170,2025-01-15 16:17:00,Saint-Louis,Free Money,Paiement,Android,15524,0,0,Normal
714,CUST_643,2025-04-14 13:54:00,Saint-Louis,Orange Money,Paiement,iPhone,47125,0,0,Normal
715,CUST_50,2025-05-25 08:23:00,Ziguinchor,Free Money,Retrait,Android,19629,0,0,Normal
716,CUST_558,2025-01-09 14:52:00,Ziguinchor,Carte Bancaire,Retrait,iPhone,9118,0,0,Normal
717,CUST_700,2025-04-02 13:20:00,Saint-Louis,Carte Bancaire,Paiement,Android,13949,0,0,Normal
718,CUST_274,2025-04-10 17:05:00,Dakar,Orange Money,Paiement,Android,35291,0,0,Normal
719,CUST_871,2025-03-11 06:52:00,Ziguinchor,Wave,Retrait,iPhone,35948,0,0,Normal
720,CUST_536,2025-04-26 12:44:00,Ziguinchor,Free Money,Transfert,iPhone,79533,0,0,Normal
721,CUST_577,2025-06-15 12:34:00,Ziguinchor,Orange Money,Transfert,Android,21331,0,0,Normal
722,CUST_589,2025-05-28 15:09:00,Ziguinchor,Carte Bancaire,Paiement,Android,21173,0,0,Normal
723,CUST_31,2025-03-03 14:21:00,Kaolack,Carte Bancaire,Transfert,Android,22862,0,0,Normal
724,CUST_366,2025-02-07 06:18:00,Ziguinchor,Wave,Transfert,iPhone,500,0,0,Normal
725,CUST_588,2025-06-16 06:58:00,Ziguinchor,Carte Bancaire,Transfert,Android,13726,0,0,Normal
726,CUST_86,2025-04-28 11:20:00,Dakar,Wave,Transfert,iPhone,26691,0,0,Normal
727,CUST_265,2025-03-03 17:30:00,Kaolack,Carte Bancaire,Transfert,iPhone,33265,0,0,Normal
728,CUST_889,2025-01-18 17:52:00,Thiès,Wave,Retrait,Android,7044,0,0,Normal
729,CUST_674,2025-04-28 15:54:00,Thiès,Orange Money,Paiement,iPhone,66038,0,0,Normal
730,CUST_595,2025-04-03 09:25:00,Saint-Louis,Carte Bancaire,Paiement,iPhone,41278,0,0,Normal
731,CUST_868,2025-02-02 17:52:00,Saint-Louis,Carte Bancaire,Paiement,iPhone,92192,0,0,Normal
732,CUST_997,2025-05-05 13:35:00,Thiès,Orange Money,Paiement,iPhone,12646,35,1,Comportement suspect
733,CUST_847,2025-06-04 17:54:00,Dakar,Carte Bancaire,Retrait,iPhone,25440,0,0,Normal
734,CUST_344,2025-02-22 18:37:00,Ziguinchor,Free Money,Paiement,iPhone,500,0,0,Normal
735,CUST_261,2025-06-13 08:34:00,Kaolack,Free Money,Transfert,iPhone,24528,0,0,Normal
736,CUST_108,2025-03-06 14:16:00,Dakar,Orange Money,Transfert,iPhone,73484,0,0,Normal
737,CUST_837,2025-02-16 15:52:00,Ziguinchor,Wave,Retrait,iPhone,53861,0,0,Normal
738,CUST_65,2025-04-09 19:34:00,Saint-Louis,Wave,Transfert,iPhone,42029,0,0,Normal
739,CUST_354,2025-01-05 09:02:00,Ziguinchor,Free Money,Paiement,Android,11952,35,1,Comportement suspect
740,CUST_84,2025-01-22 02:34:00,Thiès,Wave,Paiement,Android,5631,25,0,Normal
741,CUST_962,2025-06-09 09:03:00,Thiès,Orange Money,Retrait,Android,25597,0,0,Normal
742,CUST_172,2025-05-27 05:38:00,Thiès,Wave,Transfert,iPhone,43809,0,0,Normal
743,CUST_558,2025-05-24 14:15:00,Ziguinchor,Carte Bancaire,Retrait,iPhone,5485,0,0,Normal
744,CUST_246,2025-06-26 11:45:00,Kaolack,Free Money,Retrait,iPhone,31211,0,0,Normal
745,CUST_518,2025-04-15 12:52:00,Thiès,Carte Bancaire,Transfert,iPhone,48847,0,0,Normal
746,CUST_23,2025-06-28 06:26:00,Ziguinchor,Carte Bancaire,Paiement,iPhone,11463,0,0,Normal
747,CUST_23,2025-01-03 06:47:00,Ziguinchor,Wave,Paiement,iPhone,6325,0,0,Normal
748,CUST_187,2025-01-23 13:05:00,Dakar,Carte Bancaire,Transfert,iPhone,12302,0,0,Normal
749,CUST_291,2025-02-24 12:03:00,Ziguinchor,Wave,Paiement,iPhone,12717,0,0,Normal
750,CUST_385,2025-04-27 08:33:00,Ziguinchor,Wave,Transfert,iPhone,23876,0,0,Normal
751,CUST_971,2025-03-31 10:27:00,Dakar,Wave,Retrait,Android,42956,0,0,Normal
752,CUST_656,2025-01-22 16:50:00,Dakar,Wave,Transfert,iPhone,15577,0,0,Normal
753,CUST_922,2025-03-16 06:34:00,Saint-Louis,Carte Bancaire,Transfert,iPhone,59254,0,0,Normal
754,CUST_783,2025-03-28 05:31:00,Thiès,Carte Bancaire,Retrait,Android,500,0,0,Normal
755,CUST_802,2025-01-05 12:08:00,Kaolack,Carte Bancaire,Transfert,iPhone,37819,0,0,Normal
756,CUST_10,2025-03-01 11:57:00,Ziguinchor,Wave,Transfert,iPhone,22559,0,0,Normal
757,CUST_733,2025-01-24 14:36:00,Thiès,Free Money,Paiement,Android,56468,0,0,Normal
758,CUST_893,2025-01-01 03:06:00,Saint-Louis,Free Money,Paiement,Android,40434,25,0,Normal
759,CUST_579,2025-03-16 10:31:00,Ziguinchor,Orange Money,Paiement,iPhone,9744,0,0,Normal
760,CUST_331,2025-05-10 13:15:00,Kaolack,Carte Bancaire,Retrait,Android,2907,0,0,Normal
761,CUST_75,2025-02-02 13:11:00,Thiès,Orange Money,Transfert,iPhone,14292,0,0,Normal
762,CUST_460,2025-01-29 08:23:00,Dakar,Orange Money,Retrait,iPhone,11748,0,0,Normal
763,CUST_31,2025-02-25 02:27:00,Kaolack,Free Money,Retrait,Android,46677,25,0,Normal
764,CUST_404,2025-01-31 05:46:00,Dakar,Carte Bancaire,Transfert,Android,19590,0,0,Normal
765,CUST_488,2025-05-11 08:01:00,Saint-Louis,Carte Bancaire,Paiement,Android,57033,0,0,Normal
766,CUST_280,2025-01-14 14:30:00,Thiès,Orange Money,Transfert,Android,55903,0,0,Normal
767,CUST_633,2025-03-05 13:13:00,Dakar,Orange Money,Retrait,iPhone,17914,35,1,Comportement suspect
768,CUST_386,2025-05-03 11:36:00,Saint-Louis,Wave,Retrait,iPhone,35653,0,0,Normal
769,CUST_65,2025-05-12 19:46:00,Saint-Louis,Free Money,Retrait,iPhone,29640,0,0,Normal
770,CUST_587,2025-02-01 09:24:00,Thiès,Wave,Paiement,Android,29629,0,0,Normal
771,CUST_382,2025-03-22 14:52:00,Dakar,Orange Money,Retrait,iPhone,14152,0,0,Normal
772,CUST_227,2025-02-19 08:39:00,Ziguinchor,Carte Bancaire,Transfert,iPhone,4867,0,0,Normal
773,CUST_540,2025-01-27 19:01:00,Saint-Louis,Wave,Paiement,Android,28534,0,0,Normal
774,CUST_888,2025-04-15 03:00:00,Thiès,Orange Money,Retrait,iPhone,11820,25,0,Normal
775,CUST_354,2025-04-12 11:42:00,Saint-Louis,Orange Money,Transfert,Android,2089,0,0,Normal
776,CUST_848,2025-04-05 10:14:00,Ziguinchor,Wave,Paiement,Android,14332,0,0,Normal
777,CUST_727,2025-01-19 10:36:00,Saint-Louis,Wave,Paiement,iPhone,1308,0,0,Normal
778,CUST_464,2025-04-22 07:49:00,Ziguinchor,Carte Bancaire,Retrait,iPhone,35615,0,0,Normal
779,CUST_100,2025-01-21 11:40:00,Dakar,Orange Money,Paiement,Android,19987,0,0,Normal
780,CUST_97,2025-05-20 06:36:00,Kaolack,Orange Money,Transfert,iPhone,53551,0,0,Normal
781,CUST_643,2025-04-08 17:25:00,Saint-Louis,Carte Bancaire,Paiement,iPhone,39581,0,0,Normal
782,CUST_126,2025-01-12 21:19:00,Kaolack,Orange Money,Paiement,Android,48164,0,0,Normal
783,CUST_815,2025-03-06 09:38:00,Kaolack,Wave,Transfert,Android,9491,0,0,Normal
784,CUST_347,2025-04-22 15:08:00,Thiès,Free Money,Transfert,Android,7505,0,0,Normal
785,CUST_329,2025-01-05 13:35:00,Ziguinchor,Orange Money,Transfert,iPhone,14282,0,0,Normal
786,CUST_807,2025-03-28 12:44:00,Ziguinchor,Orange Money,Retrait,Android,29253,0,0,Normal
787,CUST_728,2025-01-01 14:16:00,Thiès,Free Money,Paiement,iPhone,31845,0,0,Normal
788,CUST_998,2025-01-17 11:42:00,Kaolack,Orange Money,Retrait,Android,25204,0,0,Normal
789,CUST_673,2025-03-19 09:33:00,Dakar,Carte Bancaire,Retrait,Android,18526,0,0,Normal
790,CUST_934,2025-06-16 03:49:00,Dakar,Wave,Paiement,iPhone,11974,25,0,Normal
791,CUST_65,2025-02-28 13:09:00,Saint-Louis,Orange Money,Transfert,iPhone,37486,0,0,Normal
792,CUST_629,2025-02-08 17:24:00,Saint-Louis,Carte Bancaire,Transfert,Android,41915,0,0,Normal
793,CUST_774,2025-06-13 14:48:00,Dakar,Free Money,Paiement,Android,500,0,0,Normal
794,CUST_622,2025-05-24 07:09:00,Kaolack,Orange Money,Paiement,Android,11206,0,0,Normal
795,CUST_239,2025-03-17 08:44:00,Dakar,Carte Bancaire,Retrait,iPhone,21320,0,0,Normal
796,CUST_110,2025-06-21 11:46:00,Thiès,Free Money,Transfert,Android,24044,0,0,Normal
797,CUST_237,2025-01-30 11:18:00,Saint-Louis,Carte Bancaire,Transfert,iPhone,500,0,0,Normal
798,CUST_862,2025-05-13 09:43:00,Kaolack,Carte Bancaire,Retrait,iPhone,9840,0,0,Normal
799,CUST_249,2025-03-15 21:50:00,Saint-Louis,Wave,Paiement,iPhone,10873,0,0,Normal
800,CUST_240,2025-05-17 06:59:00,Kaolack,Carte Bancaire,Paiement,iPhone,40844,0,0,Normal
801,CUST_101,2025-05-21 13:10:00,Ziguinchor,Carte Bancaire,Paiement,iPhone,5897,0,0,Normal
802,CUST_767,2025-02-19 17:40:00,Kaolack,Wave,Retrait,iPhone,71486,0,0,Normal
803,CUST_112,2025-05-10 15:21:00,Thiès,Wave,Paiement,Android,46375,0,0,Normal
804,CUST_657,2025-01-07 08:48:00,Thiès,Orange Money,Transfert,Android,24329,0,0,Normal
805,CUST_572,2025-01-04 17:56:00,Thiès,Carte Bancaire,Transfert,Android,13223,0,0,Normal
806,CUST_969,2025-03-21 14:08:00,Ziguinchor,Wave,Retrait,iPhone,9094,0,0,Normal
807,CUST_187,2025-02-09 12:49:00,Dakar,Free Money,Transfert,Android,41587,0,0,Normal
808,CUST_720,2025-05-12 20:39:00,Ziguinchor,Wave,Retrait,Android,3062,0,0,Normal
809,CUST_274,2025-05-28 10:07:00,Dakar,Free Money,Paiement,iPhone,97409,0,0,Normal
810,CUST_978,2025-05-30 16:12:00,Kaolack,Wave,Paiement,Android,31058,0,0,Normal
811,CUST_185,2025-02-23 20:17:00,Saint-Louis,Carte Bancaire,Paiement,Android,16282,0,0,Normal
812,CUST_986,2025-01-14 10:26:00,Kaolack,Free Money,Paiement,iPhone,500,0,0,Normal
813,CUST_199,2025-05-01 15:44:00,Saint-Louis,Wave,Paiement,Android,500,0,0,Normal
814,CUST_629,2025-06-19 16:22:00,Saint-Louis,Wave,Paiement,Android,81492,0,0,Normal
815,CUST_108,2025-05-26 16:13:00,Dakar,Carte Bancaire,Paiement,Android,36417,0,0,Normal
816,CUST_323,2025-06-22 07:37:00,Kaolack,Carte Bancaire,Transfert,Android,4434,0,0,Normal
817,CUST_359,2025-02-15 13:08:00,Saint-Louis,Carte Bancaire,Retrait,iPhone,7254,0,0,Normal
818,CUST_536,2025-06-20 15:23:00,Ziguinchor,Carte Bancaire,Retrait,iPhone,38710,0,0,Normal
819,CUST_959,2025-05-06 07:59:00,Ziguinchor,Carte Bancaire,Transfert,Android,16371,0,0,Normal
820,CUST_565,2025-01-16 12:49:00,Ziguinchor,Free Money,Retrait,Android,19268,0,0,Normal
821,CUST_409,2025-05-06 12:26:00,Ziguinchor,Wave,Paiement,iPhone,11993,0,0,Normal
822,CUST_359,2025-02-16 06:31:00,Saint-Louis,Wave,Transfert,iPhone,15935,0,0,Normal
823,CUST_923,2025-03-05 14:51:00,Kaolack,Wave,Paiement,iPhone,500,0,0,Normal
824,CUST_686,2025-06-11 13:30:00,Kaolack,Carte Bancaire,Paiement,Android,33129,0,0,Normal
825,CUST_115,2025-01-30 10:49:00,Saint-Louis,Orange Money,Transfert,Android,10793,0,0,Normal
826,CUST_299,2025-03-09 14:41:00,Ziguinchor,Free Money,Paiement,Android,30104,0,0,Normal
827,CUST_408,2025-01-16 06:08:00,Dakar,Free Money,Paiement,iPhone,11583,0,0,Normal
828,CUST_913,2025-04-11 19:27:00,Ziguinchor,Wave,Retrait,iPhone,4062,35,1,Comportement suspect
829,CUST_147,2025-05-23 13:41:00,Saint-Louis,Carte Bancaire,Transfert,iPhone,10772,0,0,Normal
830,CUST_562,2025-04-01 13:18:00,Ziguinchor,Carte Bancaire,Transfert,Android,31356,0,0,Normal
831,CUST_351,2025-02-19 11:39:00,Kaolack,Free Money,Transfert,iPhone,16925,0,0,Normal
832,CUST_704,2025-04-05 07:10:00,Dakar,Orange Money,Paiement,Android,17760,0,0,Normal
833,CUST_79,2025-05-13 05:41:00,Ziguinchor,Carte Bancaire,Transfert,iPhone,11500,0,0,Normal
834,CUST_578,2025-04-27 13:43:00,Thiès,Carte Bancaire,Transfert,iPhone,47787,0,0,Normal
835,CUST_156,2025-06-28 08:17:00,Dakar,Free Money,Transfert,iPhone,6913,0,0,Normal
836,CUST_677,2025-04-24 09:47:00,Thiès,Free Money,Paiement,Android,52100,0,0,Normal
837,CUST_810,2025-03-16 14:28:00,Kaolack,Carte Bancaire,Transfert,Android,22915,0,0,Normal
838,CUST_132,2025-03-22 21:21:00,Saint-Louis,Orange Money,Retrait,Android,43875,0,0,Normal
839,CUST_187,2025-03-06 00:04:00,Dakar,Carte Bancaire,Transfert,Android,49088,0,0,Normal
840,CUST_951,2025-02-11 10:27:00,Dakar,Wave,Transfert,Android,6444,0,0,Normal
841,CUST_97,2025-06-26 20:09:00,Kaolack,Free Money,Transfert,iPhone,104661,0,0,Normal
842,CUST_646,2025-04-02 12:58:00,Dakar,Carte Bancaire,Retrait,iPhone,6198,0,0,Normal
843,CUST_672,2025-01-14 08:07:00,Kaolack,Wave,Retrait,iPhone,21006,0,0,Normal
844,CUST_980,2025-02-17 12:45:00,Saint-Louis,Wave,Paiement,Android,22552,0,0,Normal
845,CUST_653,2025-06-23 05:07:00,Ziguinchor,Wave,Transfert,iPhone,4992,0,0,Normal
846,CUST_661,2025-02-08 12:49:00,Ziguinchor,Orange Money,Paiement,Android,28936,0,0,Normal
847,CUST_286,2025-05-01 11:58:00,Thiès,Orange Money,Transfert,Android,500,0,0,Normal
848,CUST_221,2025-06-28 20:59:00,Kaolack,Wave,Retrait,Android,28822,0,0,Normal
849,CUST_138,2025-04-29 10:09:00,Ziguinchor,Carte Bancaire,Transfert,iPhone,24714,0,0,Normal
850,CUST_894,2025-01-17 11:04:00,Ziguinchor,Free Money,Retrait,iPhone,44199,0,0,Normal
851,CUST_343,2025-02-25 15:53:00,Ziguinchor,Carte Bancaire,Paiement,Android,2261,0,0,Normal
852,CUST_927,2025-04-07 08:22:00,Dakar,Wave,Retrait,Android,15573,0,0,Normal
853,CUST_669,2025-06-19 09:28:00,Kaolack,Free Money,Paiement,Android,10354,0,0,Normal
854,CUST_380,2025-03-20 07:56:00,Thiès,Orange Money,Transfert,iPhone,39357,0,0,Normal
855,CUST_984,2025-04-09 17:33:00,Thiès,Carte Bancaire,Paiement,Android,8755,0,0,Normal
856,CUST_285,2025-01-25 10:37:00,Thiès,Orange Money,Retrait,Android,59248,0,0,Normal
857,CUST_717,2025-06-30 09:27:00,Thiès,Wave,Transfert,iPhone,64950,0,0,Normal
858,CUST_653,2025-01-23 07:57:00,Ziguinchor,Wave,Paiement,iPhone,6466,0,0,Normal
859,CUST_21,2025-06-11 12:43:00,Dakar,Free Money,Transfert,Android,30008,0,0,Normal
860,CUST_283,2025-03-26 07:44:00,Kaolack,Free Money,Transfert,Android,500,0,0,Normal
861,CUST_681,2025-06-21 20:37:00,Saint-Louis,Wave,Paiement,iPhone,41643,0,0,Normal
862,CUST_185,2025-01-13 09:14:00,Saint-Louis,Free Money,Paiement,Android,11607,0,0,Normal
863,CUST_13,2025-01-09 12:58:00,Thiès,Carte Bancaire,Paiement,iPhone,7258,0,0,Normal
864,CUST_375,2025-02-09 09:06:00,Kaolack,Carte Bancaire,Paiement,Android,55222,0,0,Normal
865,CUST_149,2025-03-10 09:44:00,Saint-Louis,Orange Money,Retrait,Android,22201,0,0,Normal
866,CUST_711,2025-01-04 17:26:00,Ziguinchor,Wave,Paiement,Android,23517,0,0,Normal
867,CUST_426,2025-03-30 17:15:00,Kaolack,Wave,Transfert,Android,37922,0,0,Normal
868,CUST_651,2025-05-08 12:20:00,Dakar,Free Money,Paiement,Android,19596,0,0,Normal
869,CUST_815,2025-06-07 08:54:00,Kaolack,Orange Money,Retrait,iPhone,22179,0,0,Normal
870,CUST_112,2025-05-06 13:30:00,Thiès,Wave,Paiement,Android,14835,0,0,Normal
871,CUST_74,2025-03-22 14:39:00,Ziguinchor,Carte Bancaire,Transfert,Android,11992,0,0,Normal
872,CUST_794,2025-06-26 09:38:00,Saint-Louis,Free Money,Paiement,Android,11986,0,0,Normal
873,CUST_336,2025-02-02 08:29:00,Ziguinchor,Carte Bancaire,Paiement,iPhone,9514,0,0,Normal
874,CUST_387,2025-02-17 14:14:00,Thiès,Wave,Transfert,iPhone,45873,0,0,Normal
875,CUST_749,2025-02-12 17:53:00,Thiès,Free Money,Paiement,iPhone,17779,0,0,Normal
876,CUST_996,2025-05-17 12:19:00,Ziguinchor,Carte Bancaire,Paiement,iPhone,5350,0,0,Normal
877,CUST_550,2025-03-16 22:13:00,Dakar,Free Money,Transfert,Android,8691,0,0,Normal
878,CUST_145,2025-04-24 17:23:00,Dakar,Carte Bancaire,Paiement,Android,9354,0,0,Normal
879,CUST_675,2025-02-22 17:09:00,Thiès,Wave,Retrait,iPhone,31617,0,0,Normal
880,CUST_738,2025-06-04 07:42:00,Ziguinchor,Free Money,Retrait,iPhone,14389,0,0,Normal
881,CUST_646,2025-04-14 08:09:00,Thiès,Orange Money,Retrait,Android,8100,35,1,Comportement suspect
882,CUST_286,2025-06-26 07:32:00,Thiès,Wave,Transfert,iPhone,31324,0,0,Normal
883,CUST_1,2025-06-05 10:51:00,Dakar,Carte Bancaire,Paiement,iPhone,55354,0,0,Normal
884,CUST_208,2025-06-01 06:52:00,Thiès,Wave,Transfert,Android,18331,0,0,Normal
885,CUST_812,2025-01-10 16:33:00,Thiès,Free Money,Retrait,iPhone,2660,0,0,Normal
886,CUST_587,2025-01-02 10:00:00,Thiès,Free Money,Retrait,iPhone,35843,0,0,Normal
887,CUST_332,2025-05-15 05:10:00,Ziguinchor,Free Money,Transfert,Android,10446,0,0,Normal
888,CUST_540,2025-06-28 01:32:00,Saint-Louis,Wave,Transfert,iPhone,29595,25,0,Normal
889,CUST_610,2025-03-09 12:44:00,Saint-Louis,Wave,Transfert,iPhone,4097,0,0,Normal
890,CUST_122,2025-02-07 18:27:00,Ziguinchor,Wave,Paiement,Android,33409,0,0,Normal
891,CUST_438,2025-05-01 14:41:00,Dakar,Carte Bancaire,Transfert,Android,23194,0,0,Normal
892,CUST_461,2025-02-10 16:41:00,Ziguinchor,Orange Money,Retrait,iPhone,8101,0,0,Normal
893,CUST_343,2025-02-21 07:32:00,Ziguinchor,Orange Money,Retrait,Android,1863,0,0,Normal
894,CUST_164,2025-03-29 06:45:00,Dakar,Free Money,Retrait,iPhone,500,0,0,Normal
895,CUST_783,2025-05-24 08:32:00,Thiès,Orange Money,Transfert,Android,16213,0,0,Normal
896,CUST_895,2025-06-26 08:57:00,Kaolack,Orange Money,Transfert,Android,25007,0,0,Normal
897,CUST_249,2025-05-23 11:06:00,Saint-Louis,Wave,Retrait,Android,8966,0,0,Normal
898,CUST_477,2025-03-25 19:43:00,Thiès,Orange Money,Paiement,Android,23080,0,0,Normal
899,CUST_367,2025-05-26 16:54:00,Saint-Louis,Orange Money,Retrait,Android,75684,0,0,Normal
900,CUST_108,2025-02-13 15:32:00,Dakar,Carte Bancaire,Paiement,Android,17631,0,0,Normal
901,CUST_755,2025-05-17 18:46:00,Saint-Louis,Wave,Retrait,Android,27283,0,0,Normal
902,CUST_598,2025-04-30 14:17:00,Ziguinchor,Orange Money,Retrait,Android,16239,0,0,Normal
903,CUST_317,2025-05-17 09:17:00,Saint-Louis,Orange Money,Paiement,iPhone,20811,0,0,Normal
904,CUST_195,2025-05-23 16:31:00,Ziguinchor,Wave,Retrait,Android,13632,0,0,Normal
905,CUST_703,2025-05-06 12:20:00,Saint-Louis,Free Money,Paiement,Android,4874,0,0,Normal
906,CUST_362,2025-04-20 15:17:00,Saint-Louis,Free Money,Transfert,iPhone,21867,0,0,Normal
907,CUST_235,2025-03-21 09:26:00,Thiès,Free Money,Paiement,Android,30366,0,0,Normal
908,CUST_523,2025-05-01 16:26:00,Kaolack,Orange Money,Transfert,iPhone,50926,0,0,Normal
909,CUST_500,2025-04-10 12:36:00,Dakar,Orange Money,Paiement,Android,60660,0,0,Normal
910,CUST_2,2025-04-21 11:42:00,Kaolack,Free Money,Paiement,iPhone,52491,0,0,Normal
911,CUST_731,2025-06-19 03:59:00,Ziguinchor,Free Money,Paiement,Android,65314,25,0,Normal
912,CUST_826,2025-03-19 15:55:00,Saint-Louis,Wave,Transfert,Android,43968,0,0,Normal
913,CUST_113,2025-03-06 11:42:00,Ziguinchor,Free Money,Retrait,Android,33905,0,0,Normal
914,CUST_245,2025-04-20 11:56:00,Kaolack,Free Money,Transfert,iPhone,12733,0,0,Normal
915,CUST_859,2025-02-16 12:52:00,Ziguinchor,Wave,Retrait,iPhone,42948,0,0,Normal
916,CUST_610,2025-05-21 09:17:00,Saint-Louis,Carte Bancaire,Paiement,iPhone,9475,0,0,Normal
917,CUST_703,2025-02-12 17:03:00,Saint-Louis,Wave,Transfert,iPhone,990,0,0,Normal
918,CUST_149,2025-02-22 11:53:00,Saint-Louis,Free Money,Paiement,iPhone,12918,0,0,Normal
919,CUST_35,2025-06-15 17:42:00,Thiès,Orange Money,Transfert,iPhone,36130,0,0,Normal
920,CUST_333,2025-03-12 13:53:00,Saint-Louis,Free Money,Transfert,Android,13975,0,0,Normal
921,CUST_814,2025-04-05 19:17:00,Kaolack,Carte Bancaire,Paiement,Android,43007,0,0,Normal
922,CUST_259,2025-06-09 12:40:00,Ziguinchor,Orange Money,Transfert,iPhone,47916,0,0,Normal
923,CUST_645,2025-04-14 15:46:00,Thiès,Free Money,Paiement,Android,21749,0,0,Normal
924,CUST_80,2025-06-19 14:27:00,Ziguinchor,Carte Bancaire,Paiement,Android,15593,0,0,Normal
925,CUST_761,2025-02-28 06:24:00,Thiès,Free Money,Transfert,Android,35953,0,0,Normal
926,CUST_483,2025-05-17 15:16:00,Ziguinchor,Carte Bancaire,Retrait,iPhone,20136,0,0,Normal
927,CUST_904,2025-01-12 15:53:00,Ziguinchor,Free Money,Retrait,Android,17723,0,0,Normal
928,CUST_66,2025-04-15 11:05:00,Kaolack,Free Money,Retrait,Android,27534,0,0,Normal
929,CUST_63,2025-04-16 14:05:00,Kaolack,Carte Bancaire,Transfert,iPhone,38016,0,0,Normal
930,CUST_796,2025-06-02 12:09:00,Dakar,Free Money,Retrait,iPhone,19123,0,0,Normal
931,CUST_199,2025-04-30 11:38:00,Saint-Louis,Free Money,Retrait,Android,45836,0,0,Normal
932,CUST_320,2025-02-18 11:37:00,Kaolack,Free Money,Transfert,Android,9882,0,0,Normal
933,CUST_887,2025-05-18 13:57:00,Thiès,Orange Money,Retrait,iPhone,19128,0,0,Normal
934,CUST_699,2025-01-18 13:35:00,Dakar,Free Money,Transfert,Android,16162,0,0,Normal
935,CUST_963,2025-03-21 09:01:00,Ziguinchor,Free Money,Retrait,iPhone,41523,0,0,Normal
936,CUST_745,2025-02-13 11:12:00,Kaolack,Free Money,Retrait,Android,16350,0,0,Normal
937,CUST_177,2025-06-13 06:33:00,Kaolack,Free Money,Paiement,Android,5730,0,0,Normal
938,CUST_839,2025-01-22 11:22:00,Kaolack,Carte Bancaire,Retrait,Android,12267,0,0,Normal
939,CUST_14,2025-06-30 16:55:00,Ziguinchor,Carte Bancaire,Retrait,iPhone,15786,0,0,Normal
940,CUST_440,2025-06-28 17:38:00,Dakar,Wave,Retrait,Android,8778,0,0,Normal
941,CUST_122,2025-02-05 08:36:00,Ziguinchor,Free Money,Retrait,iPhone,30613,0,0,Normal
942,CUST_149,2025-04-10 10:59:00,Saint-Louis,Wave,Retrait,Android,23776,0,0,Normal
943,CUST_473,2025-01-05 20:24:00,Ziguinchor,Wave,Retrait,Android,32946,0,0,Normal
944,CUST_291,2025-06-10 12:15:00,Ziguinchor,Orange Money,Paiement,iPhone,12168,0,0,Normal
945,CUST_368,2025-01-25 11:12:00,Saint-Louis,Carte Bancaire,Paiement,Android,9539,0,0,Normal
946,CUST_959,2025-04-22 17:39:00,Ziguinchor,Free Money,Transfert,Android,21804,0,0,Normal
947,CUST_588,2025-01-22 12:23:00,Ziguinchor,Free Money,Transfert,Android,500,0,0,Normal
948,CUST_694,2025-04-02 14:10:00,Thiès,Carte Bancaire,Paiement,iPhone,10686,0,0,Normal
949,CUST_726,2025-04-10 07:49:00,Thiès,Wave,Retrait,Android,29693,0,0,Normal
950,CUST_634,2025-02-19 06:08:00,Kaolack,Carte Bancaire,Transfert,iPhone,16731,0,0,Normal
951,CUST_84,2025-05-28 16:32:00,Thiès,Wave,Transfert,Android,26907,0,0,Normal
952,CUST_373,2025-02-09 06:24:00,Kaolack,Orange Money,Transfert,Android,22161,0,0,Normal
953,CUST_311,2025-05-23 13:51:00,Dakar,Carte Bancaire,Paiement,iPhone,14113,0,0,Normal
954,CUST_748,2025-04-06 12:52:00,Kaolack,Wave,Transfert,iPhone,30464,0,0,Normal
955,CUST_170,2025-03-14 14:53:00,Saint-Louis,Wave,Retrait,iPhone,9749,0,0,Normal
956,CUST_967,2025-05-21 15:11:00,Ziguinchor,Wave,Retrait,Android,29677,0,0,Normal
957,CUST_986,2025-03-15 18:00:00,Kaolack,Wave,Retrait,Android,13257,0,0,Normal
958,CUST_512,2025-02-16 07:03:00,Thiès,Wave,Transfert,iPhone,29224,0,0,Normal
959,CUST_595,2025-01-28 22:54:00,Saint-Louis,Wave,Retrait,iPhone,25058,0,0,Normal
960,CUST_316,2025-01-23 06:20:00,Saint-Louis,Carte Bancaire,Transfert,Android,45864,0,0,Normal
961,CUST_150,2025-04-20 09:13:00,Dakar,Orange Money,Retrait,iPhone,32167,0,0,Normal
962,CUST_146,2025-01-05 11:46:00,Dakar,Wave,Transfert,iPhone,6091,0,0,Normal
963,CUST_904,2025-02-04 15:00:00,Ziguinchor,Orange Money,Paiement,Android,25038,0,0,Normal
964,CUST_41,2025-02-14 15:55:00,Saint-Louis,Free Money,Retrait,Android,15605,0,0,Normal
965,CUST_319,2025-02-16 06:32:00,Kaolack,Orange Money,Transfert,Android,3254,0,0,Normal
966,CUST_27,2025-02-15 17:31:00,Saint-Louis,Wave,Paiement,Android,5185,0,0,Normal
967,CUST_339,2025-06-05 14:53:00,Saint-Louis,Orange Money,Retrait,Android,14384,0,0,Normal
968,CUST_596,2025-05-24 10:44:00,Ziguinchor,Orange Money,Transfert,Android,19549,0,0,Normal
969,CUST_173,2025-04-18 19:10:00,Saint-Louis,Wave,Transfert,Android,1930,0,0,Normal
970,CUST_702,2025-06-30 13:02:00,Ziguinchor,Carte Bancaire,Retrait,Android,6130,0,0,Normal
971,CUST_494,2025-02-09 06:43:00,Thiès,Free Money,Paiement,iPhone,4398,0,0,Normal
972,CUST_422,2025-04-26 07:32:00,Thiès,Wave,Transfert,iPhone,20143,0,0,Normal
973,CUST_973,2025-01-19 11:21:00,Thiès,Orange Money,Transfert,iPhone,11027,0,0,Normal
974,CUST_850,2025-05-21 23:30:00,Dakar,Wave,Retrait,Android,17441,0,0,Normal
975,CUST_635,2025-03-16 19:41:00,Ziguinchor,Wave,Retrait,Android,10787,0,0,Normal
976,CUST_398,2025-03-17 01:53:00,Dakar,Orange Money,Transfert,Android,4129,25,0,Normal
977,CUST_281,2025-06-04 15:37:00,Thiès,Carte Bancaire,Transfert,iPhone,44545,0,0,Normal
978,CUST_280,2025-03-10 13:03:00,Thiès,Orange Money,Transfert,iPhone,1387,0,0,Normal
979,CUST_834,2025-01-05 08:37:00,Ziguinchor,Free Money,Retrait,iPhone,16975,0,0,Normal
980,CUST_696,2025-06-30 10:11:00,Thiès,Wave,Retrait,iPhone,7171,0,0,Normal
981,CUST_73,2025-04-03 15:52:00,Ziguinchor,Wave,Retrait,iPhone,5634,0,0,Normal
982,CUST_92,2025-05-07 11:42:00,Saint-Louis,Free Money,Paiement,Android,2703,0,0,Normal
983,CUST_270,2025-04-28 09:15:00,Dakar,Orange Money,Transfert,iPhone,26792,0,0,Normal
984,CUST_610,2025-02-17 07:52:00,Saint-Louis,Wave,Paiement,iPhone,8462,0,0,Normal
985,CUST_290,2025-06-02 12:45:00,Kaolack,Carte Bancaire,Paiement,iPhone,32997,0,0,Normal
986,CUST_876,2025-01-11 05:19:00,Kaolack,Orange Money,Retrait,Android,32971,0,0,Normal
987,CUST_638,2025-04-11 18:05:00,Saint-Louis,Carte Bancaire,Retrait,Android,10607,0,0,Normal
988,CUST_658,2025-03-12 19:27:00,Kaolack,Free Money,Paiement,Android,28185,0,0,Normal
989,CUST_337,2025-06-28 08:59:00,Thiès,Orange Money,Retrait,iPhone,55244,0,0,Normal
990,CUST_493,2025-01-17 12:44:00,Saint-Louis,Orange Money,Paiement,iPhone,18372,0,0,Normal
991,CUST_25,2025-04-17 18:54:00,Kaolack,Free Money,Transfert,Android,2157,0,0,Normal
992,CUST_990,2025-06-18 21:17:00,Thiès,Free Money,Retrait,iPhone,665,0,0,Normal
993,CUST_221,2025-01-27 17:28:00,Kaolack,Wave,Transfert,Android,9143,0,0,Normal
994,CUST_84,2025-06-13 12:05:00,Saint-Louis,Wave,Paiement,iPhone,11061,35,1,Comportement suspect
995,CUST_221,2025-02-11 16:04:00,Kaolack,Carte Bancaire,Paiement,iPhone,16946,0,0,Normal
996,CUST_948,2025-01-21 08:12:00,Ziguinchor,Carte Bancaire,Paiement,iPhone,21931,0,0,Normal
997,CUST_563,2025-02-18 16:47:00,Dakar,Free Money,Paiement,Android,24145,0,0,Normal
998,CUST_984,2025-02-18 09:37:00,Thiès,Carte Bancaire,Transfert,iPhone,18645,0,0,Normal
999,CUST_768,2025-05-24 08:55:00,Saint-Louis,Orange Money,Paiement,iPhone,7159,0,0,Normal
1000,CUST_260,2025-03-02 07:47:00,Ziguinchor,Carte Bancaire,Transfert,iPhone,44867,35,1,Comportement suspect
1001,CUST_580,2025-01-16 14:14:00,Saint-Louis,Wave,Retrait,iPhone,3924,0,0,Normal
1002,CUST_11,2025-01-06 05:25:00,Dakar,Wave,Transfert,Android,17617,0,0,Normal
1003,CUST_503,2025-01-09 15:51:00,Dakar,Orange Money,Retrait,iPhone,79698,0,0,Normal
1004,CUST_653,2025-02-15 15:53:00,Ziguinchor,Carte Bancaire,Transfert,Android,6334,0,0,Normal
1005,CUST_464,2025-06-17 22:09:00,Ziguinchor,Carte Bancaire,Retrait,iPhone,11059,0,0,Normal
1006,CUST_106,2025-04-03 03:21:00,Saint-Louis,Free Money,Paiement,Android,41499,25,0,Normal
1007,CUST_281,2025-02-27 10:45:00,Thiès,Wave,Transfert,Android,10562,0,0,Normal
1008,CUST_404,2025-05-10 10:45:00,Dakar,Wave,Transfert,iPhone,49738,0,0,Normal
1009,CUST_579,2025-03-06 06:23:00,Ziguinchor,Carte Bancaire,Paiement,iPhone,21593,0,0,Normal
1010,CUST_296,2025-02-20 13:56:00,Dakar,Carte Bancaire,Transfert,Android,13641,0,0,Normal
1011,CUST_398,2025-03-23 13:55:00,Dakar,Carte Bancaire,Transfert,Android,8553,0,0,Normal
1012,CUST_409,2025-03-14 12:32:00,Ziguinchor,Carte Bancaire,Paiement,Android,8418,0,0,Normal
1013,CUST_211,2025-06-28 10:33:00,Saint-Louis,Wave,Retrait,Android,40579,0,0,Normal
1014,CUST_857,2025-02-05 16:33:00,Kaolack,Free Money,Retrait,Android,18536,0,0,Normal
1015,CUST_470,2025-04-18 14:57:00,Thiès,Wave,Retrait,Android,31006,0,0,Normal
1016,CUST_805,2025-06-13 13:52:00,Saint-Louis,Carte Bancaire,Transfert,iPhone,2185,0,0,Normal
1017,CUST_756,2025-01-29 07:59:00,Ziguinchor,Carte Bancaire,Transfert,Android,9298,0,0,Normal
1018,CUST_152,2025-02-26 13:09:00,Ziguinchor,Orange Money,Retrait,Android,10192,0,0,Normal
1019,CUST_747,2025-04-19 22:09:00,Thiès,Carte Bancaire,Transfert,Android,13262,0,0,Normal
1020,CUST_426,2025-05-14 11:08:00,Kaolack,Free Money,Transfert,Android,500,0,0,Normal
1021,CUST_366,2025-01-27 14:46:00,Ziguinchor,Orange Money,Transfert,iPhone,22560,0,0,Normal
1022,CUST_524,2025-02-06 14:36:00,Ziguinchor,Wave,Paiement,Android,18802,0,0,Normal
1023,CUST_29,2025-03-18 18:14:00,Saint-Louis,Free Money,Transfert,Android,48643,0,0,Normal
1024,CUST_372,2025-03-07 12:11:00,Dakar,Wave,Transfert,iPhone,13193,0,0,Normal
1025,CUST_3,2025-06-28 07:00:00,Kaolack,Free Money,Retrait,Android,9682,0,0,Normal
1026,CUST_769,2025-05-02 22:05:00,Ziguinchor,Orange Money,Transfert,iPhone,21613,0,0,Normal
1027,CUST_257,2025-04-23 13:16:00,Saint-Louis,Wave,Paiement,iPhone,6676,0,0,Normal
1028,CUST_330,2025-03-31 10:50:00,Ziguinchor,Wave,Transfert,iPhone,16536,0,0,Normal
1029,CUST_816,2025-01-18 16:43:00,Ziguinchor,Wave,Paiement,iPhone,7061,0,0,Normal
1030,CUST_817,2025-03-29 11:25:00,Kaolack,Free Money,Transfert,Android,59244,0,0,Normal
1031,CUST_616,2025-02-08 12:00:00,Thiès,Carte Bancaire,Retrait,iPhone,4829,0,0,Normal
1032,CUST_634,2025-01-12 05:07:00,Kaolack,Orange Money,Transfert,Android,53863,0,0,Normal
1033,CUST_937,2025-02-23 10:49:00,Saint-Louis,Orange Money,Retrait,Android,5202,0,0,Normal
1034,CUST_616,2025-04-23 03:02:00,Thiès,Carte Bancaire,Paiement,Android,7265,25,0,Normal
1035,CUST_630,2025-04-14 14:14:00,Saint-Louis,Carte Bancaire,Retrait,iPhone,34337,0,0,Normal
1036,CUST_640,2025-05-25 17:33:00,Dakar,Orange Money,Transfert,Android,25217,0,0,Normal
1037,CUST_114,2025-03-16 03:06:00,Thiès,Carte Bancaire,Transfert,iPhone,39064,25,0,Normal
1038,CUST_648,2025-04-30 12:34:00,Kaolack,Wave,Paiement,iPhone,27945,0,0,Normal
1039,CUST_60,2025-06-25 17:44:00,Thiès,Orange Money,Retrait,iPhone,4137,0,0,Normal
1040,CUST_870,2025-02-14 09:47:00,Ziguinchor,Wave,Paiement,iPhone,25235,0,0,Normal
1041,CUST_703,2025-02-26 11:49:00,Saint-Louis,Free Money,Transfert,Android,1801,0,0,Normal
1042,CUST_693,2025-03-20 11:11:00,Saint-Louis,Orange Money,Transfert,Android,4667,0,0,Normal
1043,CUST_609,2025-01-08 15:10:00,Kaolack,Free Money,Paiement,iPhone,48584,0,0,Normal
1044,CUST_46,2025-01-27 12:07:00,Thiès,Orange Money,Transfert,iPhone,20450,0,0,Normal
1045,CUST_278,2025-01-16 23:32:00,Dakar,Wave,Transfert,iPhone,500,0,0,Normal
1046,CUST_749,2025-05-15 14:02:00,Thiès,Carte Bancaire,Paiement,Android,28718,0,0,Normal
1047,CUST_124,2025-01-20 12:48:00,Dakar,Orange Money,Retrait,iPhone,500,0,0,Normal
1048,CUST_831,2025-03-24 10:23:00,Ziguinchor,Carte Bancaire,Retrait,Android,26495,0,0,Normal
1049,CUST_187,2025-02-25 12:59:00,Dakar,Carte Bancaire,Paiement,Android,18984,0,0,Normal
1050,CUST_129,2025-04-27 08:23:00,Saint-Louis,Carte Bancaire,Transfert,Android,14632,0,0,Normal
1051,CUST_550,2025-05-21 18:02:00,Dakar,Wave,Transfert,iPhone,7077,0,0,Normal
1052,CUST_550,2025-04-14 05:17:00,Dakar,Orange Money,Retrait,Android,500,0,0,Normal
1053,CUST_545,2025-05-05 06:42:00,Ziguinchor,Carte Bancaire,Paiement,Android,50793,0,0,Normal
1054,CUST_71,2025-01-09 08:04:00,Ziguinchor,Carte Bancaire,Transfert,Android,39876,0,0,Normal
1055,CUST_942,2025-04-12 14:13:00,Thiès,Orange Money,Retrait,iPhone,4876,0,0,Normal
1056,CUST_95,2025-02-28 18:11:00,Ziguinchor,Wave,Transfert,Android,21722,0,0,Normal
1057,CUST_586,2025-01-09 12:05:00,Saint-Louis,Carte Bancaire,Paiement,Android,21264,0,0,Normal
1058,CUST_48,2025-02-06 16:52:00,Thiès,Carte Bancaire,Transfert,Android,2641,0,0,Normal
1059,CUST_972,2025-02-13 14:18:00,Ziguinchor,Carte Bancaire,Paiement,Android,13562,0,0,Normal
1060,CUST_82,2025-05-25 10:03:00,Ziguinchor,Wave,Retrait,iPhone,73600,0,0,Normal
1061,CUST_951,2025-01-12 15:51:00,Dakar,Orange Money,Transfert,iPhone,14446,0,0,Normal
1062,CUST_22,2025-01-02 23:22:00,Kaolack,Free Money,Paiement,iPhone,500,35,1,Comportement suspect
1063,CUST_396,2025-03-24 11:41:00,Thiès,Free Money,Transfert,Android,27659,0,0,Normal
1064,CUST_336,2025-02-26 04:37:00,Ziguinchor,Wave,Transfert,Android,39838,25,0,Normal
1065,CUST_751,2025-01-31 16:47:00,Ziguinchor,Free Money,Transfert,iPhone,8912,0,0,Normal
1066,CUST_279,2025-01-06 04:56:00,Saint-Louis,Carte Bancaire,Transfert,Android,14567,25,0,Normal
1067,CUST_421,2025-06-26 13:25:00,Dakar,Carte Bancaire,Retrait,iPhone,6428,0,0,Normal
1068,CUST_61,2025-03-04 15:58:00,Dakar,Free Money,Paiement,iPhone,20480,0,0,Normal
1069,CUST_209,2025-05-23 10:11:00,Saint-Louis,Wave,Retrait,iPhone,33084,0,0,Normal
1070,CUST_649,2025-06-01 16:27:00,Saint-Louis,Free Money,Paiement,iPhone,25640,0,0,Normal
1071,CUST_216,2025-04-01 11:13:00,Dakar,Free Money,Retrait,Android,20623,0,0,Normal
1072,CUST_673,2025-02-16 15:10:00,Dakar,Orange Money,Transfert,Android,11028,0,0,Normal
1073,CUST_406,2025-04-26 12:12:00,Kaolack,Orange Money,Transfert,iPhone,5676,0,0,Normal
1074,CUST_59,2025-02-09 17:06:00,Thiès,Free Money,Retrait,Android,50837,0,0,Normal
1075,CUST_722,2025-01-27 20:50:00,Dakar,Wave,Retrait,iPhone,21483,0,0,Normal
1076,CUST_92,2025-01-28 12:33:00,Saint-Louis,Wave,Transfert,Android,6544,0,0,Normal
1077,CUST_742,2025-01-25 18:30:00,Ziguinchor,Carte Bancaire,Transfert,Android,33744,0,0,Normal
1078,CUST_922,2025-01-25 01:37:00,Thiès,Wave,Retrait,iPhone,88002,60,1,Transaction nocturne
1079,CUST_783,2025-06-03 12:54:00,Thiès,Orange Money,Paiement,Android,17987,0,0,Normal
1080,CUST_47,2025-02-03 12:59:00,Kaolack,Free Money,Paiement,Android,10501,0,0,Normal
1081,CUST_215,2025-04-13 06:54:00,Dakar,Free Money,Paiement,Android,500,0,0,Normal
1082,CUST_766,2025-03-08 12:53:00,Thiès,Wave,Retrait,Android,26223,0,0,Normal
1083,CUST_744,2025-02-01 06:37:00,Saint-Louis,Wave,Paiement,Android,13725,0,0,Normal
1084,CUST_256,2025-06-27 21:39:00,Thiès,Wave,Transfert,iPhone,500,0,0,Normal
1085,CUST_860,2025-03-02 13:58:00,Saint-Louis,Wave,Paiement,iPhone,51362,0,0,Normal
1086,CUST_275,2025-03-08 17:34:00,Kaolack,Orange Money,Paiement,iPhone,30822,0,0,Normal
1087,CUST_592,2025-05-10 13:23:00,Kaolack,Wave,Transfert,iPhone,10123,0,0,Normal
1088,CUST_487,2025-01-02 09:31:00,Kaolack,Carte Bancaire,Transfert,Android,44712,0,0,Normal
1089,CUST_512,2025-01-29 19:45:00,Thiès,Carte Bancaire,Transfert,iPhone,10817,0,0,Normal
1090,CUST_545,2025-06-03 16:21:00,Ziguinchor,Orange Money,Paiement,Android,55470,0,0,Normal
1091,CUST_707,2025-06-21 14:12:00,Dakar,Carte Bancaire,Paiement,Android,54474,0,0,Normal
1092,CUST_608,2025-01-26 14:13:00,Saint-Louis,Orange Money,Paiement,Android,4995,0,0,Normal
1093,CUST_212,2025-06-29 10:59:00,Saint-Louis,Wave,Paiement,iPhone,15083,0,0,Normal
1094,CUST_537,2025-03-09 16:56:00,Thiès,Wave,Paiement,Android,10868,0,0,Normal
1095,CUST_226,2025-05-16 15:03:00,Ziguinchor,Free Money,Transfert,Android,1630,0,0,Normal
1096,CUST_9,2025-01-08 12:05:00,Thiès,Carte Bancaire,Retrait,iPhone,10108,0,0,Normal
1097,CUST_547,2025-01-27 21:37:00,Saint-Louis,Carte Bancaire,Retrait,Android,17486,0,0,Normal
1098,CUST_931,2025-05-01 10:28:00,Dakar,Carte Bancaire,Paiement,iPhone,22411,0,0,Normal
1099,CUST_414,2025-03-03 17:22:00,Thiès,Orange Money,Transfert,iPhone,77971,0,0,Normal
1100,CUST_850,2025-03-04 09:58:00,Dakar,Free Money,Retrait,Android,24782,0,0,Normal
1101,CUST_655,2025-03-22 01:18:00,Thiès,Orange Money,Transfert,iPhone,4154,25,0,Normal
1102,CUST_51,2025-01-18 12:43:00,Thiès,Free Money,Paiement,iPhone,16890,0,0,Normal
1103,CUST_642,2025-03-29 09:37:00,Kaolack,Free Money,Transfert,iPhone,3466,0,0,Normal
1104,CUST_514,2025-04-02 17:42:00,Saint-Louis,Orange Money,Retrait,iPhone,36999,0,0,Normal
1105,CUST_536,2025-05-31 08:42:00,Ziguinchor,Free Money,Transfert,Android,25789,0,0,Normal
1106,CUST_268,2025-03-18 14:17:00,Thiès,Carte Bancaire,Retrait,iPhone,40855,0,0,Normal
1107,CUST_313,2025-05-27 06:34:00,Thiès,Carte Bancaire,Retrait,Android,18191,0,0,Normal
1108,CUST_53,2025-05-28 07:08:00,Ziguinchor,Free Money,Retrait,Android,28218,0,0,Normal
1109,CUST_876,2025-04-24 06:56:00,Kaolack,Free Money,Transfert,Android,51383,0,0,Normal
1110,CUST_189,2025-06-07 15:25:00,Thiès,Orange Money,Paiement,iPhone,66185,0,0,Normal
1111,CUST_901,2025-03-17 09:49:00,Dakar,Free Money,Transfert,Android,13934,0,0,Normal
1112,CUST_469,2025-06-12 08:03:00,Dakar,Free Money,Transfert,iPhone,11888,0,0,Normal
1113,CUST_287,2025-01-15 16:58:00,Ziguinchor,Wave,Transfert,Android,41529,0,0,Normal
1114,CUST_171,2025-03-24 10:01:00,Kaolack,Free Money,Paiement,Android,70058,0,0,Normal
1115,CUST_482,2025-02-25 14:20:00,Kaolack,Wave,Paiement,iPhone,8814,35,1,Comportement suspect
1116,CUST_478,2025-01-06 21:41:00,Dakar,Free Money,Transfert,iPhone,20918,0,0,Normal
1117,CUST_810,2025-05-23 09:57:00,Kaolack,Wave,Retrait,iPhone,50699,0,0,Normal
1118,CUST_881,2025-03-29 11:31:00,Kaolack,Free Money,Paiement,Android,52164,0,0,Normal
1119,CUST_108,2025-05-07 12:11:00,Dakar,Carte Bancaire,Paiement,iPhone,35475,0,0,Normal
1120,CUST_629,2025-01-25 17:18:00,Saint-Louis,Free Money,Transfert,Android,24007,0,0,Normal
1121,CUST_459,2025-06-22 13:09:00,Ziguinchor,Orange Money,Paiement,iPhone,42205,0,0,Normal
1122,CUST_51,2025-04-05 10:42:00,Thiès,Carte Bancaire,Retrait,Android,28454,0,0,Normal
1123,CUST_945,2025-02-12 13:12:00,Ziguinchor,Wave,Paiement,iPhone,60253,0,0,Normal
1124,CUST_140,2025-03-01 11:57:00,Ziguinchor,Free Money,Retrait,iPhone,36966,0,0,Normal
1125,CUST_451,2025-06-04 13:57:00,Kaolack,Orange Money,Transfert,Android,14021,0,0,Normal
1126,CUST_294,2025-01-24 10:00:00,Thiès,Free Money,Retrait,Android,28982,0,0,Normal
1127,CUST_548,2025-01-05 12:52:00,Saint-Louis,Orange Money,Transfert,Android,25058,0,0,Normal
1128,CUST_769,2025-03-06 03:52:00,Ziguinchor,Orange Money,Transfert,Android,34541,25,0,Normal
1129,CUST_231,2025-03-12 14:34:00,Saint-Louis,Carte Bancaire,Paiement,iPhone,27366,0,0,Normal
1130,CUST_284,2025-01-26 16:50:00,Saint-Louis,Wave,Paiement,iPhone,5050,0,0,Normal
1131,CUST_581,2025-06-19 10:02:00,Dakar,Free Money,Retrait,Android,65382,0,0,Normal
1132,CUST_614,2025-06-30 06:45:00,Saint-Louis,Wave,Transfert,Android,6493,0,0,Normal
1133,CUST_631,2025-02-08 12:39:00,Thiès,Wave,Transfert,iPhone,8122,0,0,Normal
1134,CUST_600,2025-04-22 22:00:00,Saint-Louis,Carte Bancaire,Paiement,iPhone,6989,0,0,Normal
1135,CUST_181,2025-01-23 01:26:00,Ziguinchor,Carte Bancaire,Retrait,iPhone,21653,25,0,Normal
1136,CUST_755,2025-06-30 11:29:00,Saint-Louis,Carte Bancaire,Transfert,iPhone,54193,0,0,Normal
1137,CUST_125,2025-02-17 09:50:00,Kaolack,Carte Bancaire,Paiement,iPhone,18286,0,0,Normal
1138,CUST_433,2025-01-21 07:48:00,Ziguinchor,Orange Money,Retrait,iPhone,14730,0,0,Normal
1139,CUST_998,2025-06-30 12:21:00,Kaolack,Orange Money,Transfert,iPhone,24227,0,0,Normal
1140,CUST_389,2025-06-22 22:09:00,Dakar,Wave,Retrait,iPhone,14458,0,0,Normal
1141,CUST_871,2025-06-08 18:30:00,Ziguinchor,Free Money,Retrait,iPhone,22928,0,0,Normal
1142,CUST_789,2025-03-29 09:40:00,Kaolack,Orange Money,Paiement,Android,54449,0,0,Normal
1143,CUST_853,2025-03-02 08:52:00,Thiès,Free Money,Retrait,Android,62965,0,0,Normal
1144,CUST_174,2025-02-12 11:04:00,Kaolack,Carte Bancaire,Retrait,Android,37293,0,0,Normal
1145,CUST_564,2025-01-10 18:01:00,Saint-Louis,Free Money,Transfert,iPhone,48314,0,0,Normal
1146,CUST_233,2025-04-16 17:03:00,Saint-Louis,Carte Bancaire,Paiement,iPhone,15775,0,0,Normal
1147,CUST_655,2025-02-05 14:42:00,Thiès,Carte Bancaire,Paiement,Android,7752,0,0,Normal
1148,CUST_171,2025-04-28 00:43:00,Kaolack,Free Money,Transfert,Android,85500,0,0,Normal
1149,CUST_185,2025-05-10 10:22:00,Saint-Louis,Free Money,Transfert,Android,10173,0,0,Normal
1150,CUST_477,2025-05-11 08:13:00,Thiès,Free Money,Transfert,Android,52074,0,0,Normal
1151,CUST_271,2025-01-22 20:08:00,Dakar,Orange Money,Paiement,iPhone,46020,0,0,Normal
1152,CUST_354,2025-02-09 13:38:00,Saint-Louis,Carte Bancaire,Paiement,Android,9779,0,0,Normal
1153,CUST_23,2025-05-25 14:27:00,Ziguinchor,Free Money,Retrait,iPhone,19001,0,0,Normal
1154,CUST_69,2025-05-08 12:38:00,Thiès,Carte Bancaire,Transfert,Android,21787,0,0,Normal
1155,CUST_560,2025-06-20 13:04:00,Saint-Louis,Carte Bancaire,Transfert,Android,21070,0,0,Normal
1156,CUST_966,2025-06-02 16:15:00,Dakar,Carte Bancaire,Transfert,Android,50077,0,0,Normal
1157,CUST_85,2025-02-04 09:28:00,Dakar,Wave,Retrait,Android,6867,0,0,Normal
1158,CUST_897,2025-04-08 07:20:00,Thiès,Wave,Transfert,iPhone,74875,0,0,Normal
1159,CUST_238,2025-01-05 06:26:00,Saint-Louis,Orange Money,Transfert,iPhone,22730,0,0,Normal
1160,CUST_938,2025-02-20 08:18:00,Kaolack,Carte Bancaire,Retrait,Android,13955,0,0,Normal
1161,CUST_471,2025-03-11 17:09:00,Kaolack,Orange Money,Retrait,iPhone,33221,0,0,Normal
1162,CUST_609,2025-02-26 11:23:00,Kaolack,Wave,Retrait,Android,27723,0,0,Normal
1163,CUST_771,2025-01-09 11:21:00,Thiès,Wave,Transfert,Android,500,0,0,Normal
1164,CUST_75,2025-02-19 05:04:00,Thiès,Free Money,Retrait,Android,7252,0,0,Normal
1165,CUST_993,2025-06-08 08:37:00,Thiès,Orange Money,Retrait,iPhone,15285,0,0,Normal
1166,CUST_724,2025-02-06 21:18:00,Ziguinchor,Free Money,Paiement,Android,1355,30,0,Normal
1167,CUST_239,2025-02-24 21:37:00,Dakar,Orange Money,Retrait,iPhone,27137,0,0,Normal
1168,CUST_568,2025-01-20 09:28:00,Thiès,Orange Money,Paiement,Android,13094,0,0,Normal
1169,CUST_305,2025-05-03 13:00:00,Kaolack,Free Money,Paiement,Android,5697,0,0,Normal
1170,CUST_900,2025-02-12 06:20:00,Kaolack,Carte Bancaire,Paiement,Android,66913,0,0,Normal
1171,CUST_66,2025-06-12 13:48:00,Kaolack,Wave,Transfert,Android,50748,0,0,Normal
1172,CUST_721,2025-05-28 18:17:00,Kaolack,Orange Money,Transfert,iPhone,7695,0,0,Normal
1173,CUST_518,2025-05-02 10:00:00,Thiès,Free Money,Transfert,Android,97761,0,0,Normal
1174,CUST_307,2025-02-18 12:29:00,Thiès,Free Money,Transfert,iPhone,21555,0,0,Normal
1175,CUST_921,2025-06-23 06:04:00,Thiès,Carte Bancaire,Paiement,Android,38762,0,0,Normal
1176,CUST_759,2025-06-03 14:10:00,Kaolack,Wave,Retrait,iPhone,35922,0,0,Normal
1177,CUST_678,2025-05-30 18:33:00,Saint-Louis,Free Money,Retrait,Android,12853,0,0,Normal
1178,CUST_228,2025-04-09 14:32:00,Saint-Louis,Carte Bancaire,Retrait,Android,20352,0,0,Normal
1179,CUST_28,2025-04-15 10:33:00,Ziguinchor,Wave,Retrait,iPhone,6062,0,0,Normal
1180,CUST_451,2025-05-06 12:17:00,Kaolack,Wave,Retrait,Android,39020,0,0,Normal
1181,CUST_607,2025-06-27 09:23:00,Thiès,Orange Money,Retrait,iPhone,20087,0,0,Normal
1182,CUST_34,2025-04-04 08:49:00,Thiès,Carte Bancaire,Paiement,Android,10613,0,0,Normal
1183,CUST_640,2025-02-06 12:25:00,Dakar,Free Money,Paiement,Android,46364,0,0,Normal
1184,CUST_644,2025-05-12 03:47:00,Kaolack,Carte Bancaire,Paiement,iPhone,14849,25,0,Normal
1185,CUST_551,2025-01-06 13:28:00,Kaolack,Wave,Paiement,iPhone,9298,0,0,Normal
1186,CUST_135,2025-02-17 19:00:00,Dakar,Free Money,Paiement,Android,6135,0,0,Normal
1187,CUST_484,2025-03-16 16:02:00,Saint-Louis,Carte Bancaire,Paiement,iPhone,18022,0,0,Normal
1188,CUST_881,2025-03-10 15:54:00,Kaolack,Wave,Paiement,iPhone,23463,0,0,Normal
1189,CUST_89,2025-04-30 08:12:00,Ziguinchor,Carte Bancaire,Transfert,iPhone,3016,0,0,Normal
1190,CUST_478,2025-05-16 16:52:00,Dakar,Carte Bancaire,Paiement,iPhone,54989,0,0,Normal
1191,CUST_704,2025-01-08 08:01:00,Dakar,Orange Money,Paiement,iPhone,24342,0,0,Normal
1192,CUST_953,2025-01-15 16:07:00,Saint-Louis,Wave,Transfert,iPhone,10645,0,0,Normal
1193,CUST_398,2025-02-19 05:06:00,Dakar,Orange Money,Retrait,iPhone,13731,0,0,Normal
1194,CUST_423,2025-04-24 14:35:00,Kaolack,Free Money,Transfert,Android,102272,0,0,Normal
1195,CUST_779,2025-01-18 15:27:00,Thiès,Wave,Retrait,iPhone,38976,0,0,Normal
1196,CUST_503,2025-02-04 01:51:00,Dakar,Wave,Paiement,Android,17098,25,0,Normal
1197,CUST_954,2025-05-17 15:07:00,Ziguinchor,Carte Bancaire,Retrait,iPhone,26902,0,0,Normal
1198,CUST_334,2025-04-12 08:21:00,Kaolack,Orange Money,Paiement,iPhone,34129,0,0,Normal
1199,CUST_485,2025-02-03 15:40:00,Kaolack,Orange Money,Paiement,iPhone,24429,0,0,Normal
1200,CUST_646,2025-03-10 20:42:00,Dakar,Orange Money,Transfert,Android,4738,0,0,Normal
1201,CUST_58,2025-04-30 12:58:00,Ziguinchor,Free Money,Transfert,iPhone,21763,0,0,Normal
1202,CUST_892,2025-01-05 09:33:00,Thiès,Free Money,Retrait,iPhone,2140,0,0,Normal
1203,CUST_935,2025-02-01 05:52:00,Thiès,Orange Money,Paiement,Android,44051,0,0,Normal
1204,CUST_334,2025-02-09 07:02:00,Kaolack,Orange Money,Retrait,Android,32036,0,0,Normal
1205,CUST_666,2025-03-24 08:37:00,Kaolack,Carte Bancaire,Paiement,iPhone,500,0,0,Normal
1206,CUST_191,2025-05-27 12:19:00,Dakar,Carte Bancaire,Transfert,Android,27153,0,0,Normal
1207,CUST_506,2025-01-02 05:17:00,Kaolack,Free Money,Retrait,Android,3872,0,0,Normal
1208,CUST_972,2025-01-19 13:31:00,Ziguinchor,Carte Bancaire,Retrait,Android,500,0,0,Normal
1209,CUST_616,2025-06-29 12:24:00,Thiès,Free Money,Retrait,Android,5963,0,0,Normal
1210,CUST_952,2025-03-19 06:22:00,Kaolack,Orange Money,Retrait,Android,41255,0,0,Normal
1211,CUST_98,2025-02-12 04:09:00,Kaolack,Carte Bancaire,Paiement,iPhone,500,25,0,Normal
1212,CUST_909,2025-03-14 11:21:00,Kaolack,Carte Bancaire,Paiement,iPhone,30842,0,0,Normal
1213,CUST_394,2025-02-26 13:39:00,Thiès,Carte Bancaire,Retrait,iPhone,5890,35,1,Comportement suspect
1214,CUST_543,2025-06-13 14:33:00,Ziguinchor,Wave,Transfert,iPhone,68762,0,0,Normal
1215,CUST_721,2025-04-17 08:57:00,Kaolack,Free Money,Retrait,iPhone,4178,0,0,Normal
1216,CUST_535,2025-05-11 14:24:00,Ziguinchor,Orange Money,Transfert,Android,3396,0,0,Normal
1217,CUST_276,2025-06-29 16:45:00,Ziguinchor,Free Money,Paiement,Android,28801,0,0,Normal
1218,CUST_261,2025-03-30 13:41:00,Kaolack,Carte Bancaire,Transfert,Android,19316,0,0,Normal
1219,CUST_989,2025-04-04 05:12:00,Thiès,Free Money,Transfert,Android,18852,0,0,Normal
1220,CUST_552,2025-04-23 07:45:00,Kaolack,Orange Money,Retrait,Android,7588,0,0,Normal
1221,CUST_914,2025-04-14 19:49:00,Thiès,Carte Bancaire,Retrait,Android,12771,0,0,Normal
1222,CUST_751,2025-04-03 07:22:00,Ziguinchor,Orange Money,Paiement,iPhone,13438,0,0,Normal
1223,CUST_176,2025-04-08 16:10:00,Saint-Louis,Free Money,Retrait,Android,3582,0,0,Normal
1224,CUST_151,2025-05-16 10:36:00,Saint-Louis,Free Money,Transfert,iPhone,24651,0,0,Normal
1225,CUST_172,2025-01-13 07:02:00,Thiès,Wave,Retrait,iPhone,10598,0,0,Normal
1226,CUST_525,2025-03-14 17:30:00,Kaolack,Orange Money,Paiement,Android,27957,0,0,Normal
1227,CUST_952,2025-03-04 04:49:00,Kaolack,Carte Bancaire,Retrait,Android,39706,25,0,Normal
1228,CUST_558,2025-05-23 13:13:00,Ziguinchor,Free Money,Transfert,iPhone,10225,0,0,Normal
1229,CUST_668,2025-06-20 10:56:00,Kaolack,Wave,Retrait,Android,26580,0,0,Normal
1230,CUST_620,2025-03-28 12:16:00,Thiès,Free Money,Transfert,Android,20493,0,0,Normal
1231,CUST_880,2025-02-12 16:15:00,Saint-Louis,Carte Bancaire,Paiement,Android,5804,0,0,Normal
1232,CUST_893,2025-05-29 18:29:00,Saint-Louis,Carte Bancaire,Paiement,iPhone,35104,0,0,Normal
1233,CUST_702,2025-04-15 07:17:00,Ziguinchor,Wave,Paiement,iPhone,24857,30,0,Normal
1234,CUST_294,2025-05-14 13:11:00,Thiès,Free Money,Paiement,iPhone,24655,0,0,Normal
1235,CUST_245,2025-05-13 12:32:00,Kaolack,Free Money,Retrait,iPhone,8405,0,0,Normal
1236,CUST_729,2025-03-10 05:27:00,Kaolack,Free Money,Paiement,Android,61268,0,0,Normal
1237,CUST_489,2025-05-12 11:13:00,Saint-Louis,Orange Money,Paiement,iPhone,32021,0,0,Normal
1238,CUST_277,2025-06-24 15:36:00,Ziguinchor,Free Money,Retrait,Android,28709,0,0,Normal
1239,CUST_725,2025-06-21 10:12:00,Kaolack,Carte Bancaire,Transfert,iPhone,29654,0,0,Normal
1240,CUST_98,2025-05-29 12:51:00,Kaolack,Carte Bancaire,Retrait,iPhone,50263,0,0,Normal
1241,CUST_121,2025-04-10 10:30:00,Dakar,Wave,Retrait,iPhone,8633,0,0,Normal
1242,CUST_466,2025-05-08 13:59:00,Dakar,Orange Money,Transfert,Android,25863,0,0,Normal
1243,CUST_944,2025-03-07 12:32:00,Kaolack,Free Money,Transfert,Android,33785,0,0,Normal
1244,CUST_215,2025-05-13 17:16:00,Dakar,Free Money,Paiement,Android,21088,0,0,Normal
1245,CUST_50,2025-02-08 10:00:00,Ziguinchor,Orange Money,Paiement,Android,45114,0,0,Normal
1246,CUST_398,2025-06-09 16:20:00,Dakar,Wave,Retrait,Android,8479,0,0,Normal
1247,CUST_346,2025-04-08 10:59:00,Thiès,Wave,Paiement,iPhone,5201,0,0,Normal
1248,CUST_456,2025-06-27 10:40:00,Kaolack,Orange Money,Paiement,iPhone,20589,0,0,Normal
1249,CUST_849,2025-03-01 12:21:00,Ziguinchor,Wave,Paiement,Android,16766,0,0,Normal
1250,CUST_367,2025-05-17 14:06:00,Saint-Louis,Wave,Retrait,Android,34735,0,0,Normal
1251,CUST_63,2025-02-21 12:08:00,Kaolack,Carte Bancaire,Paiement,iPhone,35113,0,0,Normal
1252,CUST_11,2025-01-27 12:35:00,Dakar,Wave,Retrait,Android,31770,0,0,Normal
1253,CUST_936,2025-04-14 04:06:00,Kaolack,Orange Money,Paiement,Android,26966,25,0,Normal
1254,CUST_914,2025-05-21 10:57:00,Thiès,Carte Bancaire,Paiement,iPhone,10916,0,0,Normal
1255,CUST_602,2025-01-21 07:51:00,Dakar,Carte Bancaire,Retrait,Android,15154,0,0,Normal
1256,CUST_516,2025-04-01 12:31:00,Thiès,Orange Money,Transfert,iPhone,500,0,0,Normal
1257,CUST_298,2025-01-04 09:13:00,Saint-Louis,Orange Money,Paiement,iPhone,32466,0,0,Normal
1258,CUST_602,2025-01-21 13:47:00,Dakar,Orange Money,Transfert,Android,25520,0,0,Normal
1259,CUST_151,2025-02-28 09:05:00,Saint-Louis,Wave,Paiement,iPhone,17727,0,0,Normal
1260,CUST_436,2025-01-15 20:58:00,Thiès,Carte Bancaire,Paiement,Android,7896,0,0,Normal
1261,CUST_658,2025-03-29 11:58:00,Kaolack,Wave,Retrait,iPhone,23967,0,0,Normal
1262,CUST_572,2025-05-04 02:00:00,Thiès,Free Money,Transfert,Android,9301,25,0,Normal
1263,CUST_993,2025-01-16 20:22:00,Thiès,Orange Money,Paiement,Android,46227,0,0,Normal
1264,CUST_440,2025-06-26 03:38:00,Dakar,Carte Bancaire,Retrait,Android,8357,25,0,Normal
1265,CUST_412,2025-06-08 01:22:00,Dakar,Carte Bancaire,Retrait,Android,43029,25,0,Normal
1266,CUST_949,2025-05-23 13:00:00,Thiès,Wave,Paiement,iPhone,15973,0,0,Normal
1267,CUST_732,2025-06-01 08:15:00,Dakar,Free Money,Paiement,Android,15223,0,0,Normal
1268,CUST_632,2025-05-04 14:06:00,Thiès,Free Money,Paiement,Android,38426,0,0,Normal
1269,CUST_298,2025-01-13 08:17:00,Saint-Louis,Wave,Transfert,iPhone,31922,0,0,Normal
1270,CUST_494,2025-04-03 09:54:00,Thiès,Orange Money,Paiement,iPhone,3922,0,0,Normal
1271,CUST_729,2025-03-31 01:14:00,Kaolack,Free Money,Retrait,Android,66401,25,0,Normal
1272,CUST_189,2025-01-11 14:15:00,Thiès,Orange Money,Transfert,Android,19996,0,0,Normal
1273,CUST_771,2025-03-31 16:19:00,Thiès,Wave,Paiement,iPhone,29594,0,0,Normal
1274,CUST_920,2025-04-12 11:40:00,Kaolack,Orange Money,Paiement,Android,41301,0,0,Normal
1275,CUST_921,2025-06-20 07:04:00,Thiès,Free Money,Retrait,iPhone,58908,0,0,Normal
1276,CUST_771,2025-05-02 11:30:00,Thiès,Orange Money,Retrait,Android,41939,0,0,Normal
1277,CUST_592,2025-05-27 10:35:00,Kaolack,Free Money,Retrait,iPhone,5765,0,0,Normal
1278,CUST_194,2025-05-21 09:55:00,Thiès,Free Money,Retrait,Android,8781,0,0,Normal
1279,CUST_874,2025-04-14 08:38:00,Thiès,Free Money,Transfert,iPhone,4578,0,0,Normal
1280,CUST_985,2025-05-09 11:07:00,Ziguinchor,Orange Money,Retrait,iPhone,3997,0,0,Normal
1281,CUST_24,2025-02-05 00:40:00,Thiès,Carte Bancaire,Paiement,Android,13028,0,0,Normal
1282,CUST_886,2025-04-06 09:44:00,Saint-Louis,Wave,Retrait,iPhone,45650,0,0,Normal
1283,CUST_432,2025-01-01 09:45:00,Ziguinchor,Carte Bancaire,Transfert,iPhone,27891,0,0,Normal
1284,CUST_995,2025-05-22 11:57:00,Kaolack,Orange Money,Transfert,iPhone,16972,0,0,Normal
1285,CUST_696,2025-04-27 10:37:00,Thiès,Wave,Transfert,Android,8917,0,0,Normal
1286,CUST_894,2025-02-06 11:56:00,Ziguinchor,Carte Bancaire,Paiement,Android,20201,0,0,Normal
1287,CUST_658,2025-01-22 09:35:00,Kaolack,Free Money,Transfert,iPhone,10661,0,0,Normal
1288,CUST_726,2025-03-30 15:53:00,Thiès,Carte Bancaire,Retrait,iPhone,37568,0,0,Normal
1289,CUST_909,2025-01-18 13:48:00,Kaolack,Wave,Transfert,Android,20086,0,0,Normal
1290,CUST_572,2025-03-23 08:44:00,Thiès,Orange Money,Transfert,iPhone,8100,0,0,Normal
1291,CUST_837,2025-04-21 13:51:00,Ziguinchor,Orange Money,Paiement,Android,52554,0,0,Normal
1292,CUST_242,2025-04-15 15:11:00,Thiès,Wave,Paiement,Android,15461,0,0,Normal
1293,CUST_997,2025-05-26 11:37:00,Kaolack,Orange Money,Transfert,iPhone,6931,0,0,Normal
1294,CUST_818,2025-04-23 08:41:00,Kaolack,Wave,Transfert,Android,28787,0,0,Normal
1295,CUST_794,2025-05-17 12:58:00,Saint-Louis,Carte Bancaire,Paiement,iPhone,30175,0,0,Normal
1296,CUST_920,2025-04-16 12:16:00,Kaolack,Wave,Paiement,Android,32235,0,0,Normal
1297,CUST_600,2025-01-29 03:59:00,Saint-Louis,Orange Money,Paiement,iPhone,10349,25,0,Normal
1298,CUST_488,2025-02-28 09:14:00,Saint-Louis,Free Money,Paiement,iPhone,86049,0,0,Normal
1299,CUST_316,2025-03-07 10:55:00,Saint-Louis,Free Money,Retrait,iPhone,79311,0,0,Normal
1300,CUST_609,2025-04-22 06:01:00,Kaolack,Carte Bancaire,Retrait,iPhone,34289,0,0,Normal
1301,CUST_537,2025-03-06 06:42:00,Thiès,Orange Money,Transfert,iPhone,18217,0,0,Normal
1302,CUST_297,2025-06-21 14:18:00,Kaolack,Free Money,Paiement,Android,26744,0,0,Normal
1303,CUST_943,2025-04-26 07:01:00,Saint-Louis,Carte Bancaire,Retrait,Android,65626,0,0,Normal
1304,CUST_332,2025-05-09 11:07:00,Ziguinchor,Free Money,Paiement,Android,27835,0,0,Normal
1305,CUST_213,2025-01-05 11:41:00,Ziguinchor,Wave,Paiement,iPhone,65796,0,0,Normal
1306,CUST_114,2025-06-07 15:13:00,Thiès,Orange Money,Retrait,iPhone,73374,0,0,Normal
1307,CUST_433,2025-05-17 10:17:00,Ziguinchor,Free Money,Transfert,Android,21794,0,0,Normal
1308,CUST_48,2025-05-19 16:18:00,Thiès,Free Money,Paiement,Android,2137,0,0,Normal
1309,CUST_128,2025-06-01 00:43:00,Kaolack,Carte Bancaire,Transfert,iPhone,31051,30,0,Normal
1310,CUST_169,2025-06-19 17:42:00,Thiès,Free Money,Retrait,Android,74209,0,0,Normal
1311,CUST_345,2025-05-14 04:32:00,Ziguinchor,Free Money,Paiement,iPhone,67620,25,0,Normal
1312,CUST_795,2025-01-28 14:16:00,Saint-Louis,Wave,Paiement,Android,8309,0,0,Normal
1313,CUST_372,2025-04-14 22:30:00,Dakar,Wave,Paiement,iPhone,20619,0,0,Normal
1314,CUST_844,2025-01-13 10:45:00,Saint-Louis,Wave,Paiement,Android,7723,0,0,Normal
1315,CUST_596,2025-02-25 20:19:00,Ziguinchor,Carte Bancaire,Paiement,iPhone,33403,0,0,Normal
1316,CUST_38,2025-05-06 14:07:00,Ziguinchor,Free Money,Retrait,Android,57847,0,0,Normal
1317,CUST_337,2025-01-01 04:29:00,Thiès,Orange Money,Paiement,iPhone,3906,25,0,Normal
1318,CUST_710,2025-01-20 04:22:00,Dakar,Orange Money,Paiement,Android,19016,25,0,Normal
1319,CUST_499,2025-03-19 10:37:00,Thiès,Wave,Paiement,iPhone,22950,0,0,Normal
1320,CUST_766,2025-02-07 14:46:00,Thiès,Wave,Transfert,Android,21341,0,0,Normal
1321,CUST_789,2025-06-18 05:34:00,Kaolack,Orange Money,Paiement,Android,52168,0,0,Normal
1322,CUST_835,2025-02-18 18:08:00,Saint-Louis,Orange Money,Retrait,iPhone,51726,35,1,Comportement suspect
1323,CUST_2,2025-02-17 22:27:00,Kaolack,Carte Bancaire,Paiement,Android,18471,0,0,Normal
1324,CUST_88,2025-04-10 14:00:00,Thiès,Carte Bancaire,Paiement,Android,9031,30,0,Normal
1325,CUST_813,2025-02-07 16:58:00,Dakar,Orange Money,Paiement,iPhone,11182,0,0,Normal
1326,CUST_259,2025-06-18 09:53:00,Ziguinchor,Orange Money,Paiement,iPhone,15966,0,0,Normal
1327,CUST_802,2025-04-12 18:22:00,Kaolack,Free Money,Retrait,Android,20355,0,0,Normal
1328,CUST_467,2025-05-07 14:10:00,Kaolack,Wave,Transfert,Android,31359,0,0,Normal
1329,CUST_573,2025-02-21 12:16:00,Dakar,Orange Money,Retrait,Android,11814,0,0,Normal
1330,CUST_253,2025-05-19 22:47:00,Thiès,Orange Money,Retrait,iPhone,5309,0,0,Normal
1331,CUST_943,2025-06-11 16:56:00,Saint-Louis,Carte Bancaire,Transfert,iPhone,41909,0,0,Normal
1332,CUST_875,2025-02-09 01:28:00,Ziguinchor,Free Money,Transfert,iPhone,13853,25,0,Normal
1333,CUST_317,2025-03-18 09:27:00,Saint-Louis,Carte Bancaire,Transfert,Android,27448,0,0,Normal
1334,CUST_463,2025-02-21 18:12:00,Thiès,Orange Money,Retrait,Android,59168,0,0,Normal
1335,CUST_293,2025-06-17 01:18:00,Thiès,Wave,Paiement,iPhone,49050,25,0,Normal
1336,CUST_169,2025-03-28 14:46:00,Thiès,Wave,Retrait,iPhone,42658,0,0,Normal
1337,CUST_991,2025-04-07 14:35:00,Ziguinchor,Orange Money,Paiement,iPhone,8236,0,0,Normal
1338,CUST_410,2025-01-05 13:44:00,Saint-Louis,Orange Money,Transfert,iPhone,1060,0,0,Normal
1339,CUST_28,2025-04-23 07:11:00,Ziguinchor,Carte Bancaire,Transfert,iPhone,13178,0,0,Normal
1340,CUST_954,2025-02-11 15:24:00,Ziguinchor,Wave,Transfert,Android,21417,0,0,Normal
1341,CUST_513,2025-06-30 06:09:00,Kaolack,Carte Bancaire,Paiement,Android,29670,0,0,Normal
1342,CUST_289,2025-01-25 18:50:00,Ziguinchor,Carte Bancaire,Paiement,Android,34783,0,0,Normal
1343,CUST_543,2025-05-02 15:06:00,Kaolack,Carte Bancaire,Transfert,Android,25050,35,1,Comportement suspect
1344,CUST_889,2025-02-19 13:49:00,Thiès,Orange Money,Paiement,Android,20047,0,0,Normal
1345,CUST_824,2025-01-09 08:16:00,Kaolack,Orange Money,Retrait,Android,56061,0,0,Normal
1346,CUST_624,2025-05-10 12:15:00,Kaolack,Free Money,Transfert,Android,61570,0,0,Normal
1347,CUST_854,2025-06-11 06:06:00,Saint-Louis,Orange Money,Paiement,Android,12033,0,0,Normal
1348,CUST_600,2025-05-28 10:04:00,Saint-Louis,Free Money,Transfert,iPhone,11635,0,0,Normal
1349,CUST_778,2025-05-25 09:17:00,Dakar,Carte Bancaire,Paiement,iPhone,50441,0,0,Normal
1350,CUST_411,2025-06-12 18:53:00,Saint-Louis,Carte Bancaire,Retrait,iPhone,11890,0,0,Normal
1351,CUST_793,2025-04-21 04:47:00,Kaolack,Free Money,Paiement,Android,500,25,0,Normal
1352,CUST_504,2025-03-01 10:03:00,Thiès,Free Money,Paiement,iPhone,49010,35,1,Comportement suspect
1353,CUST_388,2025-05-01 12:35:00,Kaolack,Orange Money,Retrait,iPhone,2789,0,0,Normal
1354,CUST_582,2025-04-05 18:54:00,Dakar,Wave,Transfert,iPhone,7029,0,0,Normal
1355,CUST_795,2025-04-27 06:31:00,Saint-Louis,Carte Bancaire,Transfert,Android,18543,0,0,Normal
1356,CUST_201,2025-03-23 16:17:00,Kaolack,Wave,Retrait,iPhone,24370,0,0,Normal
1357,CUST_155,2025-05-16 07:31:00,Saint-Louis,Orange Money,Paiement,Android,14327,0,0,Normal
1358,CUST_491,2025-04-25 14:29:00,Dakar,Carte Bancaire,Retrait,iPhone,500,0,0,Normal
1359,CUST_276,2025-05-10 10:40:00,Ziguinchor,Carte Bancaire,Paiement,Android,27726,0,0,Normal
1360,CUST_128,2025-02-15 05:36:00,Kaolack,Carte Bancaire,Paiement,iPhone,6563,0,0,Normal
1361,CUST_256,2025-06-26 11:35:00,Thiès,Orange Money,Retrait,Android,26515,0,0,Normal
1362,CUST_50,2025-05-15 13:18:00,Ziguinchor,Wave,Transfert,Android,29651,30,0,Normal
1363,CUST_559,2025-02-03 08:01:00,Saint-Louis,Free Money,Paiement,Android,15849,0,0,Normal
1364,CUST_928,2025-03-11 10:25:00,Ziguinchor,Wave,Retrait,iPhone,68077,0,0,Normal
1365,CUST_842,2025-02-05 18:57:00,Saint-Louis,Carte Bancaire,Transfert,iPhone,3844,0,0,Normal
1366,CUST_6,2025-02-23 06:45:00,Thiès,Free Money,Transfert,Android,28272,0,0,Normal
1367,CUST_936,2025-03-19 15:59:00,Saint-Louis,Free Money,Paiement,iPhone,57560,35,1,Comportement suspect
1368,CUST_53,2025-03-22 21:30:00,Ziguinchor,Orange Money,Paiement,iPhone,25162,0,0,Normal
1369,CUST_519,2025-03-14 07:45:00,Kaolack,Carte Bancaire,Transfert,Android,14079,0,0,Normal
1370,CUST_530,2025-05-31 10:07:00,Dakar,Free Money,Retrait,iPhone,22954,0,0,Normal
1371,CUST_974,2025-03-18 15:46:00,Dakar,Orange Money,Transfert,Android,27615,0,0,Normal
1372,CUST_873,2025-06-08 00:37:00,Ziguinchor,Carte Bancaire,Paiement,iPhone,3541,0,0,Normal
1373,CUST_561,2025-01-02 22:56:00,Kaolack,Free Money,Transfert,Android,6513,0,0,Normal
1374,CUST_107,2025-06-15 15:40:00,Dakar,Orange Money,Transfert,iPhone,14489,0,0,Normal
1375,CUST_316,2025-01-31 15:51:00,Saint-Louis,Free Money,Transfert,Android,48571,0,0,Normal
1376,CUST_609,2025-05-14 11:13:00,Kaolack,Carte Bancaire,Paiement,Android,45483,0,0,Normal
1377,CUST_859,2025-01-14 16:57:00,Ziguinchor,Wave,Retrait,iPhone,7848,0,0,Normal
1378,CUST_519,2025-04-12 14:18:00,Kaolack,Free Money,Retrait,iPhone,9298,0,0,Normal
1379,CUST_434,2025-06-04 17:01:00,Ziguinchor,Wave,Paiement,iPhone,22773,0,0,Normal
1380,CUST_552,2025-05-15 17:31:00,Kaolack,Carte Bancaire,Transfert,iPhone,3785,0,0,Normal
1381,CUST_222,2025-06-25 10:37:00,Dakar,Wave,Retrait,iPhone,7984,0,0,Normal
1382,CUST_506,2025-05-23 06:23:00,Kaolack,Wave,Transfert,Android,9029,0,0,Normal
1383,CUST_992,2025-06-28 15:58:00,Saint-Louis,Orange Money,Transfert,Android,32252,0,0,Normal
1384,CUST_979,2025-01-18 22:57:00,Thiès,Wave,Paiement,iPhone,35415,0,0,Normal
1385,CUST_118,2025-03-19 16:13:00,Thiès,Wave,Retrait,Android,36354,0,0,Normal
1386,CUST_108,2025-02-24 18:45:00,Dakar,Wave,Retrait,iPhone,29258,0,0,Normal
1387,CUST_418,2025-05-26 18:21:00,Thiès,Wave,Retrait,Android,38587,0,0,Normal
1388,CUST_299,2025-04-15 09:04:00,Ziguinchor,Orange Money,Paiement,iPhone,30271,0,0,Normal
1389,CUST_916,2025-03-16 17:55:00,Ziguinchor,Orange Money,Transfert,iPhone,42450,0,0,Normal
1390,CUST_125,2025-06-06 12:06:00,Kaolack,Orange Money,Transfert,Android,15937,0,0,Normal
1391,CUST_624,2025-04-09 08:25:00,Kaolack,Carte Bancaire,Paiement,Android,43715,0,0,Normal
1392,CUST_992,2025-06-27 09:48:00,Saint-Louis,Orange Money,Retrait,iPhone,77394,0,0,Normal
1393,CUST_375,2025-01-07 08:02:00,Kaolack,Orange Money,Retrait,iPhone,53762,0,0,Normal
1394,CUST_763,2025-04-28 17:16:00,Dakar,Orange Money,Retrait,Android,21669,0,0,Normal
1395,CUST_357,2025-03-21 11:54:00,Dakar,Free Money,Paiement,iPhone,20834,0,0,Normal
1396,CUST_404,2025-01-19 21:22:00,Dakar,Carte Bancaire,Transfert,iPhone,22614,0,0,Normal
1397,CUST_386,2025-03-26 15:05:00,Saint-Louis,Orange Money,Retrait,Android,25445,0,0,Normal
1398,CUST_709,2025-01-04 16:20:00,Ziguinchor,Free Money,Paiement,iPhone,30742,0,0,Normal
1399,CUST_602,2025-05-24 09:51:00,Dakar,Orange Money,Retrait,Android,25990,0,0,Normal
1400,CUST_695,2025-01-03 12:28:00,Thiès,Wave,Transfert,iPhone,32404,0,0,Normal
1401,CUST_875,2025-03-13 14:45:00,Ziguinchor,Orange Money,Retrait,iPhone,21412,0,0,Normal
1402,CUST_252,2025-06-21 19:17:00,Thiès,Orange Money,Paiement,iPhone,11761,0,0,Normal
1403,CUST_725,2025-04-30 14:59:00,Kaolack,Carte Bancaire,Retrait,Android,15628,0,0,Normal
1404,CUST_55,2025-03-11 16:40:00,Dakar,Orange Money,Paiement,Android,7116,0,0,Normal
1405,CUST_405,2025-02-19 15:26:00,Ziguinchor,Orange Money,Retrait,iPhone,28956,0,0,Normal
1406,CUST_193,2025-05-30 11:56:00,Thiès,Wave,Retrait,Android,50931,0,0,Normal
1407,CUST_803,2025-01-30 14:51:00,Dakar,Carte Bancaire,Transfert,Android,19235,0,0,Normal
1408,CUST_681,2025-03-16 16:00:00,Saint-Louis,Orange Money,Paiement,iPhone,28985,0,0,Normal
1409,CUST_238,2025-06-20 10:20:00,Saint-Louis,Carte Bancaire,Retrait,Android,58957,0,0,Normal
1410,CUST_7,2025-05-07 04:08:00,Ziguinchor,Orange Money,Transfert,Android,29594,25,0,Normal
1411,CUST_607,2025-01-21 21:45:00,Thiès,Free Money,Retrait,Android,38051,30,0,Normal
1412,CUST_374,2025-05-13 19:22:00,Ziguinchor,Wave,Paiement,iPhone,19990,0,0,Normal
1413,CUST_691,2025-04-14 14:13:00,Dakar,Free Money,Paiement,iPhone,500,0,0,Normal
1414,CUST_745,2025-01-02 18:57:00,Kaolack,Wave,Transfert,Android,36789,0,0,Normal
1415,CUST_886,2025-03-06 15:51:00,Saint-Louis,Orange Money,Retrait,Android,67762,0,0,Normal
1416,CUST_854,2025-04-14 12:34:00,Saint-Louis,Free Money,Retrait,iPhone,16960,0,0,Normal
1417,CUST_498,2025-05-03 17:29:00,Saint-Louis,Free Money,Transfert,iPhone,31571,0,0,Normal
1418,CUST_187,2025-01-14 09:41:00,Dakar,Carte Bancaire,Transfert,iPhone,48361,0,0,Normal
1419,CUST_790,2025-05-16 08:19:00,Ziguinchor,Free Money,Retrait,iPhone,15484,0,0,Normal
1420,CUST_224,2025-01-10 10:40:00,Dakar,Orange Money,Retrait,Android,12852,0,0,Normal
1421,CUST_320,2025-04-21 06:44:00,Kaolack,Carte Bancaire,Transfert,Android,6699,0,0,Normal
1422,CUST_139,2025-03-30 10:10:00,Kaolack,Carte Bancaire,Transfert,iPhone,49251,0,0,Normal
1423,CUST_610,2025-04-10 08:42:00,Saint-Louis,Orange Money,Retrait,Android,4157,0,0,Normal
1424,CUST_504,2025-04-09 20:46:00,Saint-Louis,Wave,Retrait,Android,57326,0,0,Normal
1425,CUST_950,2025-06-07 11:28:00,Kaolack,Free Money,Transfert,iPhone,33137,0,0,Normal
1426,CUST_951,2025-01-08 07:41:00,Dakar,Orange Money,Paiement,Android,9990,0,0,Normal
1427,CUST_341,2025-01-27 08:41:00,Saint-Louis,Free Money,Retrait,iPhone,4386,0,0,Normal
1428,CUST_73,2025-03-13 15:10:00,Ziguinchor,Orange Money,Transfert,Android,8916,0,0,Normal
1429,CUST_691,2025-05-23 16:03:00,Dakar,Wave,Retrait,iPhone,32849,0,0,Normal
1430,CUST_411,2025-04-14 15:53:00,Saint-Louis,Free Money,Paiement,Android,22711,0,0,Normal
1431,CUST_950,2025-02-17 06:18:00,Kaolack,Carte Bancaire,Paiement,Android,37308,0,0,Normal
1432,CUST_397,2025-03-05 09:08:00,Kaolack,Orange Money,Retrait,iPhone,56487,0,0,Normal
1433,CUST_143,2025-04-24 04:24:00,Dakar,Free Money,Retrait,Android,38554,60,1,Transaction nocturne
1434,CUST_18,2025-03-31 11:56:00,Dakar,Carte Bancaire,Transfert,Android,5758,0,0,Normal
1435,CUST_648,2025-06-13 10:21:00,Kaolack,Wave,Transfert,Android,37115,0,0,Normal
1436,CUST_791,2025-05-29 11:35:00,Kaolack,Orange Money,Retrait,iPhone,15259,0,0,Normal
1437,CUST_63,2025-05-11 16:26:00,Kaolack,Wave,Retrait,Android,74855,0,0,Normal
1438,CUST_599,2025-01-09 10:25:00,Thiès,Wave,Retrait,iPhone,42605,0,0,Normal
1439,CUST_273,2025-04-27 09:44:00,Saint-Louis,Free Money,Paiement,Android,19282,0,0,Normal
1440,CUST_562,2025-04-02 14:22:00,Ziguinchor,Carte Bancaire,Paiement,iPhone,18572,0,0,Normal
1441,CUST_286,2025-05-07 01:50:00,Thiès,Wave,Transfert,Android,39263,25,0,Normal
1442,CUST_245,2025-01-20 16:25:00,Kaolack,Orange Money,Transfert,iPhone,33016,0,0,Normal
1443,CUST_261,2025-01-15 07:41:00,Kaolack,Wave,Retrait,Android,500,0,0,Normal
1444,CUST_441,2025-03-01 23:25:00,Ziguinchor,Orange Money,Retrait,iPhone,5917,0,0,Normal
1445,CUST_901,2025-04-24 08:56:00,Dakar,Wave,Transfert,iPhone,8490,0,0,Normal
1446,CUST_89,2025-06-13 08:59:00,Ziguinchor,Free Money,Retrait,Android,29168,0,0,Normal
1447,CUST_679,2025-01-31 11:09:00,Saint-Louis,Wave,Transfert,Android,7562,0,0,Normal
1448,CUST_983,2025-04-28 09:06:00,Kaolack,Orange Money,Retrait,iPhone,4414,0,0,Normal
1449,CUST_846,2025-06-23 08:49:00,Ziguinchor,Carte Bancaire,Retrait,Android,39115,0,0,Normal
1450,CUST_494,2025-03-21 06:59:00,Thiès,Carte Bancaire,Paiement,Android,7159,0,0,Normal
1451,CUST_111,2025-05-01 16:15:00,Thiès,Orange Money,Retrait,iPhone,16378,0,0,Normal
1452,CUST_296,2025-05-30 17:02:00,Dakar,Carte Bancaire,Paiement,iPhone,16377,0,0,Normal
1453,CUST_208,2025-04-08 05:45:00,Thiès,Carte Bancaire,Paiement,Android,21270,0,0,Normal
1454,CUST_478,2025-01-09 09:38:00,Dakar,Wave,Paiement,iPhone,53491,0,0,Normal
1455,CUST_74,2025-01-22 12:11:00,Ziguinchor,Carte Bancaire,Transfert,Android,13284,0,0,Normal
1456,CUST_800,2025-04-30 13:07:00,Ziguinchor,Wave,Paiement,iPhone,13000,0,0,Normal
1457,CUST_208,2025-04-15 06:48:00,Thiès,Free Money,Retrait,iPhone,32785,0,0,Normal
1458,CUST_865,2025-05-25 13:19:00,Ziguinchor,Free Money,Paiement,Android,15261,0,0,Normal
1459,CUST_363,2025-05-21 16:59:00,Thiès,Orange Money,Retrait,Android,38042,0,0,Normal
1460,CUST_794,2025-01-26 11:04:00,Saint-Louis,Wave,Paiement,Android,33634,0,0,Normal
1461,CUST_720,2025-04-23 18:20:00,Ziguinchor,Carte Bancaire,Paiement,Android,3694,0,0,Normal
1462,CUST_895,2025-03-23 20:28:00,Kaolack,Orange Money,Transfert,iPhone,16600,0,0,Normal
1463,CUST_587,2025-02-04 20:30:00,Thiès,Orange Money,Paiement,Android,28934,0,0,Normal
1464,CUST_510,2025-01-12 19:49:00,Kaolack,Wave,Retrait,Android,18501,0,0,Normal
1465,CUST_835,2025-04-01 15:58:00,Dakar,Carte Bancaire,Transfert,iPhone,57539,0,0,Normal
1466,CUST_861,2025-06-05 13:02:00,Ziguinchor,Orange Money,Transfert,iPhone,17805,0,0,Normal
1467,CUST_556,2025-02-04 09:28:00,Thiès,Wave,Paiement,iPhone,23474,0,0,Normal
1468,CUST_712,2025-05-13 05:24:00,Thiès,Carte Bancaire,Transfert,Android,40323,0,0,Normal
1469,CUST_197,2025-02-14 18:55:00,Thiès,Wave,Retrait,Android,23744,0,0,Normal
1470,CUST_500,2025-06-14 05:22:00,Dakar,Carte Bancaire,Paiement,iPhone,25300,0,0,Normal
1471,CUST_81,2025-04-13 13:35:00,Thiès,Carte Bancaire,Transfert,Android,65745,0,0,Normal
1472,CUST_627,2025-03-03 10:29:00,Kaolack,Free Money,Paiement,Android,26787,0,0,Normal
1473,CUST_670,2025-06-05 14:25:00,Kaolack,Free Money,Retrait,iPhone,22417,0,0,Normal
1474,CUST_113,2025-04-16 08:16:00,Ziguinchor,Carte Bancaire,Transfert,iPhone,49723,0,0,Normal
1475,CUST_64,2025-03-19 18:35:00,Dakar,Orange Money,Paiement,Android,15066,0,0,Normal
1476,CUST_649,2025-01-16 14:06:00,Saint-Louis,Orange Money,Paiement,Android,26358,0,0,Normal
1477,CUST_498,2025-02-02 13:51:00,Saint-Louis,Wave,Paiement,Android,28488,0,0,Normal
1478,CUST_514,2025-03-28 22:12:00,Saint-Louis,Orange Money,Paiement,iPhone,53433,0,0,Normal
1479,CUST_709,2025-05-15 05:21:00,Ziguinchor,Orange Money,Retrait,iPhone,50305,0,0,Normal
1480,CUST_253,2025-02-12 13:06:00,Thiès,Free Money,Transfert,Android,6291,0,0,Normal
1481,CUST_731,2025-04-13 22:34:00,Ziguinchor,Carte Bancaire,Transfert,Android,88107,0,0,Normal
1482,CUST_630,2025-03-16 12:22:00,Saint-Louis,Carte Bancaire,Transfert,iPhone,44815,0,0,Normal
1483,CUST_359,2025-05-02 13:41:00,Saint-Louis,Orange Money,Paiement,iPhone,500,0,0,Normal
1484,CUST_649,2025-03-23 14:44:00,Saint-Louis,Carte Bancaire,Retrait,iPhone,13718,0,0,Normal
1485,CUST_61,2025-03-16 09:04:00,Dakar,Wave,Transfert,iPhone,13233,0,0,Normal
1486,CUST_674,2025-06-21 13:16:00,Thiès,Orange Money,Paiement,iPhone,50073,0,0,Normal
1487,CUST_34,2025-03-02 08:25:00,Thiès,Carte Bancaire,Transfert,iPhone,5256,0,0,Normal
1488,CUST_639,2025-04-04 13:23:00,Saint-Louis,Carte Bancaire,Retrait,Android,25603,0,0,Normal
1489,CUST_20,2025-01-30 13:51:00,Kaolack,Orange Money,Paiement,iPhone,45210,0,0,Normal
1490,CUST_788,2025-02-09 12:32:00,Saint-Louis,Orange Money,Paiement,iPhone,6588,0,0,Normal
1491,CUST_368,2025-05-08 07:07:00,Saint-Louis,Free Money,Retrait,iPhone,5921,0,0,Normal
1492,CUST_300,2025-02-18 14:18:00,Dakar,Wave,Paiement,Android,23077,0,0,Normal
1493,CUST_825,2025-04-09 06:46:00,Dakar,Wave,Transfert,Android,7087,0,0,Normal
1494,CUST_461,2025-02-14 11:55:00,Ziguinchor,Wave,Retrait,Android,36193,30,0,Normal
1495,CUST_76,2025-06-14 13:09:00,Ziguinchor,Wave,Transfert,Android,10917,0,0,Normal
1496,CUST_115,2025-01-15 08:45:00,Saint-Louis,Free Money,Paiement,Android,4510,0,0,Normal
1497,CUST_39,2025-02-11 17:17:00,Kaolack,Carte Bancaire,Retrait,Android,41120,0,0,Normal
1498,CUST_18,2025-02-03 18:32:00,Dakar,Carte Bancaire,Retrait,Android,8243,0,0,Normal
1499,CUST_910,2025-06-20 15:08:00,Saint-Louis,Wave,Paiement,Android,5869,0,0,Normal
1500,CUST_911,2025-01-20 09:37:00,Ziguinchor,Free Money,Paiement,iPhone,36586,0,0,Normal
1501,CUST_732,2025-04-02 17:03:00,Dakar,Free Money,Transfert,Android,7186,0,0,Normal
1502,CUST_797,2025-03-10 06:57:00,Thiès,Free Money,Transfert,Android,5462,0,0,Normal
1503,CUST_239,2025-01-15 15:18:00,Dakar,Carte Bancaire,Retrait,Android,7879,0,0,Normal
1504,CUST_945,2025-04-08 13:52:00,Ziguinchor,Free Money,Paiement,Android,56730,0,0,Normal
1505,CUST_38,2025-04-28 10:14:00,Ziguinchor,Orange Money,Retrait,iPhone,76901,0,0,Normal
1506,CUST_26,2025-06-16 13:41:00,Kaolack,Orange Money,Retrait,Android,10541,0,0,Normal
1507,CUST_782,2025-04-18 13:13:00,Dakar,Wave,Paiement,iPhone,4331,0,0,Normal
1508,CUST_759,2025-06-03 14:54:00,Kaolack,Carte Bancaire,Transfert,Android,52370,0,0,Normal
1509,CUST_187,2025-02-07 10:21:00,Dakar,Wave,Transfert,iPhone,25879,0,0,Normal
1510,CUST_527,2025-02-16 14:55:00,Saint-Louis,Orange Money,Paiement,Android,71015,0,0,Normal
1511,CUST_130,2025-06-01 18:35:00,Dakar,Wave,Retrait,Android,49261,0,0,Normal
1512,CUST_453,2025-03-30 04:27:00,Dakar,Carte Bancaire,Transfert,Android,1737,25,0,Normal
1513,CUST_716,2025-06-08 02:20:00,Kaolack,Carte Bancaire,Transfert,iPhone,30060,25,0,Normal
1514,CUST_652,2025-06-09 08:26:00,Thiès,Carte Bancaire,Transfert,Android,12327,0,0,Normal
1515,CUST_875,2025-06-28 15:16:00,Ziguinchor,Wave,Retrait,iPhone,2286,0,0,Normal
1516,CUST_38,2025-01-09 06:34:00,Ziguinchor,Wave,Transfert,Android,34478,0,0,Normal
1517,CUST_101,2025-02-18 14:05:00,Ziguinchor,Carte Bancaire,Transfert,iPhone,12380,0,0,Normal
1518,CUST_734,2025-04-13 17:42:00,Dakar,Carte Bancaire,Retrait,Android,22794,0,0,Normal
1519,CUST_989,2025-01-31 10:56:00,Thiès,Free Money,Transfert,Android,56415,0,0,Normal
1520,CUST_88,2025-04-15 09:21:00,Thiès,Carte Bancaire,Transfert,Android,19030,0,0,Normal
1521,CUST_609,2025-06-02 13:23:00,Kaolack,Orange Money,Transfert,Android,15444,0,0,Normal
1522,CUST_37,2025-02-17 17:01:00,Thiès,Orange Money,Retrait,iPhone,5605,0,0,Normal
1523,CUST_207,2025-03-23 16:49:00,Kaolack,Carte Bancaire,Transfert,Android,21671,0,0,Normal
1524,CUST_350,2025-02-22 22:52:00,Kaolack,Wave,Retrait,iPhone,40846,0,0,Normal
1525,CUST_2,2025-06-12 07:18:00,Kaolack,Orange Money,Retrait,iPhone,25373,0,0,Normal
1526,CUST_748,2025-01-15 06:12:00,Kaolack,Carte Bancaire,Paiement,iPhone,31677,0,0,Normal
1527,CUST_165,2025-04-28 12:24:00,Kaolack,Free Money,Retrait,iPhone,38035,0,0,Normal
1528,CUST_221,2025-06-02 09:00:00,Kaolack,Orange Money,Paiement,Android,33938,0,0,Normal
1529,CUST_728,2025-02-01 16:22:00,Thiès,Carte Bancaire,Retrait,Android,29811,0,0,Normal
1530,CUST_695,2025-05-07 08:37:00,Thiès,Orange Money,Paiement,iPhone,27164,0,0,Normal
1531,CUST_306,2025-03-07 14:52:00,Saint-Louis,Orange Money,Transfert,iPhone,23019,30,0,Normal
1532,CUST_232,2025-05-21 14:54:00,Saint-Louis,Orange Money,Transfert,iPhone,6946,0,0,Normal
1533,CUST_676,2025-02-06 17:23:00,Saint-Louis,Free Money,Transfert,iPhone,17323,0,0,Normal
1534,CUST_759,2025-01-13 09:06:00,Kaolack,Free Money,Paiement,Android,60977,0,0,Normal
1535,CUST_899,2025-06-27 19:08:00,Dakar,Carte Bancaire,Retrait,iPhone,26532,30,0,Normal
1536,CUST_367,2025-05-29 14:29:00,Saint-Louis,Wave,Transfert,iPhone,32308,0,0,Normal
1537,CUST_720,2025-04-17 00:10:00,Ziguinchor,Wave,Paiement,iPhone,6945,0,0,Normal
1538,CUST_254,2025-02-26 10:36:00,Saint-Louis,Orange Money,Paiement,Android,23987,0,0,Normal
1539,CUST_165,2025-01-26 03:50:00,Kaolack,Free Money,Retrait,iPhone,51128,25,0,Normal
1540,CUST_49,2025-02-16 16:25:00,Kaolack,Wave,Paiement,iPhone,3668,0,0,Normal
1541,CUST_574,2025-04-28 17:54:00,Saint-Louis,Wave,Paiement,iPhone,39880,0,0,Normal
1542,CUST_769,2025-06-12 16:59:00,Ziguinchor,Orange Money,Retrait,iPhone,35717,0,0,Normal
1543,CUST_937,2025-05-21 12:48:00,Saint-Louis,Wave,Retrait,Android,928,0,0,Normal
1544,CUST_293,2025-05-27 18:01:00,Thiès,Carte Bancaire,Paiement,Android,14950,0,0,Normal
1545,CUST_777,2025-01-16 04:04:00,Kaolack,Wave,Transfert,Android,11640,25,0,Normal
1546,CUST_577,2025-04-18 01:52:00,Ziguinchor,Wave,Paiement,iPhone,32243,25,0,Normal
1547,CUST_698,2025-01-08 11:27:00,Ziguinchor,Orange Money,Retrait,Android,59320,0,0,Normal
1548,CUST_289,2025-02-14 00:09:00,Ziguinchor,Carte Bancaire,Paiement,Android,55258,0,0,Normal
1549,CUST_450,2025-06-09 09:27:00,Kaolack,Free Money,Retrait,Android,6989,0,0,Normal
1550,CUST_612,2025-02-05 15:02:00,Ziguinchor,Wave,Retrait,iPhone,2055,0,0,Normal
1551,CUST_49,2025-03-01 12:23:00,Kaolack,Free Money,Paiement,Android,4813,0,0,Normal
1552,CUST_942,2025-02-08 07:58:00,Thiès,Orange Money,Paiement,Android,2649,0,0,Normal
1553,CUST_654,2025-03-01 10:50:00,Ziguinchor,Carte Bancaire,Transfert,Android,10396,0,0,Normal
1554,CUST_136,2025-05-22 08:42:00,Dakar,Carte Bancaire,Paiement,iPhone,55920,0,0,Normal
1555,CUST_269,2025-02-25 17:37:00,Kaolack,Wave,Paiement,Android,16764,0,0,Normal
1556,CUST_747,2025-02-24 11:20:00,Thiès,Carte Bancaire,Paiement,iPhone,8520,0,0,Normal
1557,CUST_360,2025-05-29 11:44:00,Ziguinchor,Wave,Paiement,Android,3642,35,1,Comportement suspect
1558,CUST_835,2025-06-15 07:52:00,Dakar,Free Money,Transfert,iPhone,88137,0,0,Normal
1559,CUST_99,2025-06-09 07:31:00,Dakar,Free Money,Retrait,Android,25656,0,0,Normal
1560,CUST_926,2025-04-03 17:51:00,Thiès,Free Money,Paiement,iPhone,76483,0,0,Normal
1561,CUST_766,2025-03-22 10:43:00,Thiès,Carte Bancaire,Paiement,Android,34307,0,0,Normal
1562,CUST_322,2025-01-31 11:30:00,Dakar,Carte Bancaire,Transfert,iPhone,41087,0,0,Normal
1563,CUST_759,2025-01-01 08:36:00,Kaolack,Free Money,Paiement,iPhone,21569,0,0,Normal
1564,CUST_94,2025-04-09 16:23:00,Ziguinchor,Free Money,Paiement,Android,43854,0,0,Normal
1565,CUST_643,2025-03-16 16:01:00,Saint-Louis,Wave,Retrait,iPhone,41468,0,0,Normal
1566,CUST_196,2025-02-02 08:18:00,Saint-Louis,Carte Bancaire,Transfert,iPhone,500,0,0,Normal
1567,CUST_925,2025-03-22 00:10:00,Ziguinchor,Orange Money,Paiement,iPhone,71185,0,0,Normal
1568,CUST_919,2025-05-14 06:19:00,Saint-Louis,Carte Bancaire,Retrait,Android,11897,0,0,Normal
1569,CUST_93,2025-03-05 18:22:00,Saint-Louis,Carte Bancaire,Transfert,iPhone,35834,0,0,Normal
1570,CUST_237,2025-02-08 19:52:00,Saint-Louis,Free Money,Paiement,Android,82456,0,0,Normal
1571,CUST_959,2025-06-02 19:00:00,Ziguinchor,Orange Money,Transfert,Android,31226,0,0,Normal
1572,CUST_423,2025-02-10 17:00:00,Kaolack,Free Money,Transfert,Android,49385,0,0,Normal
1573,CUST_810,2025-04-11 14:20:00,Kaolack,Orange Money,Retrait,iPhone,25927,0,0,Normal
1574,CUST_824,2025-06-08 10:23:00,Kaolack,Carte Bancaire,Retrait,iPhone,39822,0,0,Normal
1575,CUST_726,2025-03-11 11:19:00,Thiès,Wave,Retrait,iPhone,50254,0,0,Normal
1576,CUST_591,2025-03-15 14:35:00,Thiès,Wave,Paiement,Android,39300,0,0,Normal
1577,CUST_508,2025-01-11 11:38:00,Dakar,Free Money,Transfert,Android,40758,0,0,Normal
1578,CUST_298,2025-03-06 12:55:00,Saint-Louis,Wave,Transfert,iPhone,54373,0,0,Normal
1579,CUST_30,2025-01-17 17:47:00,Kaolack,Free Money,Transfert,iPhone,18498,0,0,Normal
1580,CUST_296,2025-01-22 21:55:00,Dakar,Carte Bancaire,Retrait,iPhone,500,0,0,Normal
1581,CUST_140,2025-06-04 09:10:00,Ziguinchor,Free Money,Transfert,Android,90099,0,0,Normal
1582,CUST_153,2025-06-15 14:39:00,Kaolack,Free Money,Paiement,Android,25741,0,0,Normal
1583,CUST_413,2025-01-11 13:10:00,Kaolack,Free Money,Paiement,Android,17957,0,0,Normal
1584,CUST_577,2025-02-25 07:46:00,Ziguinchor,Carte Bancaire,Transfert,iPhone,21836,30,0,Normal
1585,CUST_123,2025-06-01 14:54:00,Dakar,Orange Money,Transfert,Android,30809,0,0,Normal
1586,CUST_973,2025-06-10 10:22:00,Thiès,Carte Bancaire,Retrait,Android,6721,0,0,Normal
1587,CUST_991,2025-03-01 09:01:00,Ziguinchor,Orange Money,Retrait,iPhone,500,0,0,Normal
1588,CUST_574,2025-05-24 10:14:00,Saint-Louis,Wave,Retrait,Android,46776,0,0,Normal
1589,CUST_198,2025-02-22 16:35:00,Dakar,Wave,Paiement,Android,3064,0,0,Normal
1590,CUST_239,2025-02-27 14:35:00,Dakar,Carte Bancaire,Paiement,iPhone,10815,0,0,Normal
1591,CUST_51,2025-01-28 16:30:00,Thiès,Wave,Transfert,Android,17537,0,0,Normal
1592,CUST_2,2025-01-06 11:21:00,Kaolack,Free Money,Retrait,iPhone,21478,0,0,Normal
1593,CUST_33,2025-02-10 17:13:00,Kaolack,Orange Money,Retrait,iPhone,34691,0,0,Normal
1594,CUST_942,2025-04-10 13:59:00,Thiès,Carte Bancaire,Paiement,iPhone,6510,0,0,Normal
1595,CUST_443,2025-06-06 13:25:00,Ziguinchor,Free Money,Retrait,Android,44666,0,0,Normal
1596,CUST_314,2025-04-05 20:32:00,Ziguinchor,Carte Bancaire,Paiement,Android,4334,0,0,Normal
1597,CUST_136,2025-01-13 18:19:00,Dakar,Orange Money,Retrait,Android,54458,0,0,Normal
1598,CUST_346,2025-04-26 17:25:00,Thiès,Carte Bancaire,Paiement,Android,4663,0,0,Normal
1599,CUST_498,2025-01-03 18:41:00,Saint-Louis,Orange Money,Transfert,Android,37573,0,0,Normal
1600,CUST_839,2025-03-05 08:28:00,Kaolack,Wave,Paiement,Android,36798,0,0,Normal
1601,CUST_425,2025-02-04 15:32:00,Ziguinchor,Free Money,Transfert,Android,29770,0,0,Normal
1602,CUST_782,2025-06-30 17:44:00,Dakar,Carte Bancaire,Paiement,Android,29366,0,0,Normal
1603,CUST_454,2025-02-23 11:17:00,Dakar,Free Money,Retrait,Android,8363,0,0,Normal
1604,CUST_244,2025-06-28 18:32:00,Saint-Louis,Carte Bancaire,Retrait,Android,47766,0,0,Normal
1605,CUST_719,2025-02-04 23:47:00,Dakar,Free Money,Transfert,iPhone,28080,0,0,Normal
1606,CUST_571,2025-05-05 14:43:00,Kaolack,Wave,Paiement,Android,22844,0,0,Normal
1607,CUST_694,2025-05-04 06:33:00,Thiès,Orange Money,Paiement,iPhone,27793,0,0,Normal
1608,CUST_464,2025-04-22 10:25:00,Ziguinchor,Orange Money,Paiement,iPhone,28768,0,0,Normal
1609,CUST_638,2025-06-19 08:30:00,Saint-Louis,Free Money,Paiement,iPhone,25627,0,0,Normal
1610,CUST_135,2025-03-25 12:23:00,Dakar,Carte Bancaire,Paiement,iPhone,2512,0,0,Normal
1611,CUST_615,2025-05-03 14:00:00,Ziguinchor,Orange Money,Retrait,iPhone,29940,0,0,Normal
1612,CUST_230,2025-06-13 15:36:00,Thiès,Orange Money,Retrait,Android,18075,0,0,Normal
1613,CUST_6,2025-04-14 06:54:00,Thiès,Orange Money,Retrait,Android,16674,0,0,Normal
1614,CUST_101,2025-05-24 12:15:00,Ziguinchor,Carte Bancaire,Paiement,Android,11310,0,0,Normal
1615,CUST_505,2025-05-03 14:53:00,Ziguinchor,Carte Bancaire,Paiement,Android,62921,0,0,Normal
1616,CUST_266,2025-04-12 15:08:00,Saint-Louis,Orange Money,Transfert,Android,38006,0,0,Normal
1617,CUST_360,2025-06-10 08:16:00,Kaolack,Free Money,Paiement,iPhone,12203,0,0,Normal
1618,CUST_564,2025-04-24 08:03:00,Saint-Louis,Orange Money,Retrait,Android,45343,0,0,Normal
1619,CUST_463,2025-03-30 14:10:00,Thiès,Carte Bancaire,Transfert,iPhone,51816,0,0,Normal
1620,CUST_327,2025-01-25 13:22:00,Dakar,Wave,Retrait,Android,14087,0,0,Normal
1621,CUST_18,2025-02-02 04:35:00,Dakar,Wave,Transfert,iPhone,6490,25,0,Normal
1622,CUST_806,2025-04-07 11:07:00,Saint-Louis,Orange Money,Transfert,iPhone,47799,0,0,Normal
1623,CUST_757,2025-02-18 17:07:00,Thiès,Carte Bancaire,Retrait,iPhone,29559,0,0,Normal
1624,CUST_173,2025-05-31 10:00:00,Saint-Louis,Carte Bancaire,Retrait,iPhone,22685,30,0,Normal
1625,CUST_322,2025-06-02 15:14:00,Dakar,Orange Money,Transfert,Android,12734,0,0,Normal
1626,CUST_555,2025-04-19 08:57:00,Saint-Louis,Wave,Retrait,iPhone,17473,0,0,Normal
1627,CUST_580,2025-04-04 14:02:00,Saint-Louis,Free Money,Paiement,iPhone,3672,0,0,Normal
1628,CUST_169,2025-03-25 20:58:00,Thiès,Carte Bancaire,Transfert,Android,79592,0,0,Normal
1629,CUST_316,2025-03-15 19:13:00,Saint-Louis,Orange Money,Retrait,Android,44392,0,0,Normal
1630,CUST_362,2025-06-19 11:53:00,Saint-Louis,Free Money,Retrait,iPhone,47385,0,0,Normal
1631,CUST_100,2025-06-25 10:45:00,Dakar,Free Money,Retrait,iPhone,28252,0,0,Normal
1632,CUST_184,2025-01-23 13:31:00,Saint-Louis,Wave,Transfert,Android,21150,0,0,Normal
1633,CUST_320,2025-04-15 10:44:00,Kaolack,Carte Bancaire,Retrait,iPhone,4197,0,0,Normal
1634,CUST_978,2025-04-20 19:01:00,Kaolack,Carte Bancaire,Paiement,Android,65024,0,0,Normal
1635,CUST_828,2025-03-23 10:38:00,Dakar,Wave,Paiement,iPhone,43508,0,0,Normal
1636,CUST_276,2025-03-05 19:54:00,Ziguinchor,Orange Money,Retrait,iPhone,55993,0,0,Normal
1637,CUST_719,2025-03-26 15:32:00,Dakar,Free Money,Transfert,iPhone,19569,0,0,Normal
1638,CUST_63,2025-02-18 19:59:00,Kaolack,Orange Money,Paiement,Android,23845,0,0,Normal
1639,CUST_947,2025-05-28 10:53:00,Dakar,Wave,Retrait,iPhone,46830,0,0,Normal
1640,CUST_370,2025-03-31 15:34:00,Kaolack,Wave,Retrait,iPhone,62878,0,0,Normal
1641,CUST_829,2025-02-15 19:19:00,Ziguinchor,Orange Money,Retrait,iPhone,35228,0,0,Normal
1642,CUST_198,2025-06-22 14:17:00,Dakar,Carte Bancaire,Retrait,iPhone,3518,0,0,Normal
1643,CUST_447,2025-05-06 09:47:00,Dakar,Carte Bancaire,Transfert,iPhone,34049,0,0,Normal
1644,CUST_207,2025-02-07 06:11:00,Kaolack,Orange Money,Paiement,iPhone,20730,0,0,Normal
1645,CUST_554,2025-05-24 15:07:00,Dakar,Orange Money,Paiement,Android,66937,0,0,Normal
1646,CUST_13,2025-06-25 07:45:00,Thiès,Orange Money,Paiement,iPhone,14110,0,0,Normal
1647,CUST_209,2025-06-04 06:25:00,Saint-Louis,Orange Money,Retrait,Android,37069,0,0,Normal
1648,CUST_212,2025-03-13 10:25:00,Saint-Louis,Free Money,Retrait,Android,13603,0,0,Normal
1649,CUST_566,2025-06-06 13:00:00,Saint-Louis,Free Money,Transfert,iPhone,32997,0,0,Normal
1650,CUST_893,2025-04-22 13:14:00,Saint-Louis,Orange Money,Transfert,iPhone,21217,0,0,Normal
1651,CUST_963,2025-01-10 19:50:00,Ziguinchor,Free Money,Retrait,iPhone,30644,0,0,Normal
1652,CUST_354,2025-03-20 14:32:00,Saint-Louis,Carte Bancaire,Transfert,Android,9544,0,0,Normal
1653,CUST_813,2025-04-02 15:20:00,Dakar,Carte Bancaire,Retrait,iPhone,11881,0,0,Normal
1654,CUST_927,2025-02-10 14:36:00,Dakar,Orange Money,Transfert,Android,24948,0,0,Normal
1655,CUST_995,2025-06-27 11:38:00,Kaolack,Carte Bancaire,Paiement,Android,21615,0,0,Normal
1656,CUST_58,2025-01-30 13:42:00,Ziguinchor,Free Money,Retrait,Android,58247,0,0,Normal
1657,CUST_31,2025-03-13 16:31:00,Kaolack,Carte Bancaire,Retrait,iPhone,20676,0,0,Normal
1658,CUST_340,2025-03-03 13:17:00,Kaolack,Carte Bancaire,Paiement,Android,58338,0,0,Normal
1659,CUST_373,2025-03-04 11:30:00,Kaolack,Free Money,Transfert,Android,500,0,0,Normal
1660,CUST_487,2025-01-11 10:17:00,Kaolack,Orange Money,Paiement,Android,26011,0,0,Normal
1661,CUST_306,2025-05-08 11:26:00,Saint-Louis,Carte Bancaire,Paiement,Android,43520,0,0,Normal
1662,CUST_394,2025-05-26 21:56:00,Dakar,Orange Money,Transfert,Android,12981,0,0,Normal
1663,CUST_262,2025-05-07 21:15:00,Ziguinchor,Orange Money,Paiement,iPhone,58730,0,0,Normal
1664,CUST_495,2025-06-06 10:58:00,Saint-Louis,Wave,Transfert,iPhone,23820,0,0,Normal
1665,CUST_706,2025-05-03 14:32:00,Dakar,Carte Bancaire,Paiement,Android,10358,0,0,Normal
1666,CUST_168,2025-05-13 08:27:00,Kaolack,Wave,Retrait,iPhone,17150,0,0,Normal
1667,CUST_521,2025-03-06 11:05:00,Kaolack,Orange Money,Paiement,Android,15723,0,0,Normal
1668,CUST_776,2025-02-08 05:43:00,Kaolack,Orange Money,Paiement,iPhone,19540,0,0,Normal
1669,CUST_600,2025-02-24 10:20:00,Saint-Louis,Orange Money,Transfert,Android,5923,0,0,Normal
1670,CUST_609,2025-03-26 07:54:00,Kaolack,Wave,Transfert,Android,56775,0,0,Normal
1671,CUST_838,2025-06-12 07:43:00,Thiès,Carte Bancaire,Retrait,Android,43398,0,0,Normal
1672,CUST_996,2025-02-09 17:57:00,Ziguinchor,Free Money,Transfert,Android,56066,0,0,Normal
1673,CUST_491,2025-04-21 18:53:00,Dakar,Orange Money,Paiement,iPhone,27041,0,0,Normal
1674,CUST_553,2025-05-06 02:57:00,Thiès,Carte Bancaire,Transfert,iPhone,8288,25,0,Normal
1675,CUST_787,2025-02-19 12:21:00,Ziguinchor,Free Money,Retrait,iPhone,35122,0,0,Normal
1676,CUST_310,2025-05-07 12:33:00,Kaolack,Wave,Paiement,iPhone,14432,0,0,Normal
1677,CUST_782,2025-03-20 10:44:00,Dakar,Free Money,Transfert,Android,22998,0,0,Normal
1678,CUST_32,2025-02-06 16:36:00,Thiès,Wave,Transfert,iPhone,500,0,0,Normal
1679,CUST_93,2025-06-21 09:43:00,Saint-Louis,Carte Bancaire,Paiement,Android,52638,0,0,Normal
1680,CUST_285,2025-04-26 20:14:00,Thiès,Free Money,Paiement,iPhone,19791,0,0,Normal
1681,CUST_148,2025-03-25 08:36:00,Ziguinchor,Free Money,Paiement,Android,19680,0,0,Normal
1682,CUST_256,2025-06-27 06:05:00,Thiès,Free Money,Retrait,Android,7912,0,0,Normal
1683,CUST_266,2025-01-10 18:07:00,Dakar,Orange Money,Transfert,Android,22826,35,1,Comportement suspect
1684,CUST_24,2025-06-09 12:28:00,Thiès,Orange Money,Retrait,iPhone,8605,0,0,Normal
1685,CUST_112,2025-01-25 15:25:00,Thiès,Free Money,Retrait,iPhone,60165,0,0,Normal
1686,CUST_899,2025-01-30 05:04:00,Dakar,Orange Money,Transfert,Android,58272,0,0,Normal
1687,CUST_97,2025-06-21 12:08:00,Kaolack,Orange Money,Paiement,Android,4664,0,0,Normal
1688,CUST_453,2025-04-02 10:48:00,Dakar,Wave,Retrait,Android,54635,0,0,Normal
1689,CUST_700,2025-04-29 07:30:00,Saint-Louis,Free Money,Paiement,Android,18223,0,0,Normal
1690,CUST_63,2025-01-22 14:27:00,Kaolack,Free Money,Retrait,Android,33182,0,0,Normal
1691,CUST_967,2025-01-20 13:48:00,Ziguinchor,Wave,Retrait,iPhone,39265,0,0,Normal
1692,CUST_988,2025-03-16 18:01:00,Kaolack,Orange Money,Paiement,iPhone,25525,0,0,Normal
1693,CUST_424,2025-03-15 02:06:00,Ziguinchor,Free Money,Transfert,Android,11158,25,0,Normal
1694,CUST_968,2025-05-13 10:46:00,Saint-Louis,Carte Bancaire,Transfert,iPhone,12227,0,0,Normal
1695,CUST_327,2025-04-28 12:06:00,Dakar,Carte Bancaire,Transfert,Android,8218,0,0,Normal
1696,CUST_556,2025-05-23 12:52:00,Thiès,Wave,Retrait,iPhone,34997,0,0,Normal
1697,CUST_520,2025-05-04 08:30:00,Ziguinchor,Free Money,Transfert,Android,54335,0,0,Normal
1698,CUST_348,2025-02-27 14:52:00,Saint-Louis,Carte Bancaire,Transfert,Android,38874,0,0,Normal
1699,CUST_294,2025-02-28 17:04:00,Thiès,Orange Money,Paiement,Android,38233,0,0,Normal
1700,CUST_825,2025-01-10 20:20:00,Dakar,Carte Bancaire,Retrait,Android,19466,0,0,Normal
1701,CUST_520,2025-05-29 06:40:00,Ziguinchor,Orange Money,Paiement,Android,50739,0,0,Normal
1702,CUST_547,2025-04-29 08:39:00,Saint-Louis,Free Money,Retrait,iPhone,20471,0,0,Normal
1703,CUST_953,2025-03-09 09:14:00,Saint-Louis,Carte Bancaire,Paiement,iPhone,15992,0,0,Normal
1704,CUST_189,2025-04-01 07:35:00,Thiès,Wave,Transfert,iPhone,13187,0,0,Normal
1705,CUST_872,2025-04-08 00:36:00,Ziguinchor,Orange Money,Transfert,iPhone,49604,0,0,Normal
1706,CUST_502,2025-06-14 11:24:00,Kaolack,Wave,Paiement,Android,22981,0,0,Normal
1707,CUST_19,2025-04-13 15:42:00,Thiès,Orange Money,Transfert,Android,59622,0,0,Normal
1708,CUST_142,2025-01-15 19:22:00,Thiès,Orange Money,Transfert,Android,17592,0,0,Normal
1709,CUST_321,2025-01-16 13:21:00,Ziguinchor,Carte Bancaire,Transfert,Android,25758,0,0,Normal
1710,CUST_529,2025-01-05 21:25:00,Ziguinchor,Carte Bancaire,Paiement,Android,13216,0,0,Normal
1711,CUST_929,2025-01-04 17:10:00,Thiès,Free Money,Transfert,Android,20533,0,0,Normal
1712,CUST_956,2025-01-24 13:55:00,Saint-Louis,Free Money,Retrait,Android,29496,0,0,Normal
1713,CUST_776,2025-02-27 08:08:00,Kaolack,Free Money,Retrait,iPhone,12600,0,0,Normal
1714,CUST_86,2025-01-24 15:52:00,Dakar,Free Money,Retrait,Android,18783,0,0,Normal
1715,CUST_468,2025-02-09 12:19:00,Thiès,Carte Bancaire,Transfert,iPhone,5923,0,0,Normal
1716,CUST_688,2025-03-03 21:24:00,Thiès,Wave,Retrait,Android,14438,0,0,Normal
1717,CUST_436,2025-04-14 06:04:00,Thiès,Free Money,Retrait,Android,22727,0,0,Normal
1718,CUST_699,2025-05-08 04:25:00,Dakar,Orange Money,Transfert,Android,20150,25,0,Normal
1719,CUST_374,2025-01-12 17:49:00,Ziguinchor,Orange Money,Paiement,iPhone,22236,0,0,Normal
1720,CUST_30,2025-03-01 20:03:00,Kaolack,Free Money,Retrait,iPhone,8424,0,0,Normal
1721,CUST_972,2025-01-11 14:43:00,Ziguinchor,Carte Bancaire,Transfert,Android,20413,0,0,Normal
1722,CUST_958,2025-01-29 10:18:00,Thiès,Orange Money,Transfert,Android,7354,0,0,Normal
1723,CUST_578,2025-03-24 15:14:00,Thiès,Orange Money,Retrait,Android,33507,0,0,Normal
1724,CUST_452,2025-04-29 13:38:00,Saint-Louis,Orange Money,Paiement,iPhone,5791,0,0,Normal
1725,CUST_470,2025-05-12 16:50:00,Thiès,Free Money,Paiement,Android,20392,0,0,Normal
1726,CUST_315,2025-06-10 14:59:00,Saint-Louis,Free Money,Paiement,iPhone,19803,0,0,Normal
1727,CUST_875,2025-04-03 06:56:00,Ziguinchor,Carte Bancaire,Transfert,iPhone,15595,0,0,Normal
1728,CUST_822,2025-02-07 09:20:00,Thiès,Free Money,Transfert,Android,76446,0,0,Normal
1729,CUST_479,2025-03-09 09:59:00,Dakar,Wave,Retrait,iPhone,9009,30,0,Normal
1730,CUST_972,2025-02-01 08:54:00,Ziguinchor,Orange Money,Retrait,Android,15853,0,0,Normal
1731,CUST_775,2025-05-03 18:53:00,Dakar,Carte Bancaire,Retrait,iPhone,2477,0,0,Normal
1732,CUST_197,2025-04-08 06:46:00,Thiès,Free Money,Retrait,Android,13664,0,0,Normal
1733,CUST_353,2025-05-05 12:26:00,Ziguinchor,Wave,Paiement,iPhone,35555,0,0,Normal
1734,CUST_998,2025-04-25 04:10:00,Kaolack,Carte Bancaire,Paiement,iPhone,54222,25,0,Normal
1735,CUST_158,2025-01-04 10:47:00,Dakar,Free Money,Transfert,iPhone,8984,0,0,Normal
1736,CUST_690,2025-04-27 08:15:00,Kaolack,Orange Money,Transfert,iPhone,4588,0,0,Normal
1737,CUST_512,2025-01-14 13:27:00,Thiès,Carte Bancaire,Transfert,Android,41917,0,0,Normal
1738,CUST_934,2025-06-18 10:47:00,Dakar,Orange Money,Paiement,iPhone,16843,0,0,Normal
1739,CUST_33,2025-03-04 11:49:00,Kaolack,Orange Money,Transfert,iPhone,500,0,0,Normal
1740,CUST_285,2025-03-06 07:09:00,Thiès,Free Money,Retrait,Android,80045,0,0,Normal
1741,CUST_573,2025-06-07 04:23:00,Kaolack,Orange Money,Retrait,iPhone,53383,60,1,Transaction nocturne
1742,CUST_52,2025-01-20 03:40:00,Kaolack,Carte Bancaire,Paiement,Android,14475,25,0,Normal
1743,CUST_182,2025-04-05 08:12:00,Thiès,Wave,Paiement,Android,32945,0,0,Normal
1744,CUST_956,2025-06-29 11:22:00,Saint-Louis,Free Money,Transfert,iPhone,60214,0,0,Normal
1745,CUST_413,2025-04-05 15:22:00,Kaolack,Orange Money,Paiement,Android,33706,0,0,Normal
1746,CUST_293,2025-02-03 14:22:00,Thiès,Wave,Retrait,Android,33069,0,0,Normal
1747,CUST_342,2025-02-02 09:15:00,Ziguinchor,Carte Bancaire,Paiement,Android,8777,0,0,Normal
1748,CUST_83,2025-01-20 13:02:00,Dakar,Carte Bancaire,Paiement,iPhone,8162,0,0,Normal
1749,CUST_229,2025-06-18 08:40:00,Dakar,Free Money,Retrait,Android,31298,0,0,Normal
1750,CUST_34,2025-04-23 06:40:00,Thiès,Wave,Transfert,iPhone,12448,0,0,Normal
1751,CUST_39,2025-05-09 09:24:00,Kaolack,Orange Money,Transfert,Android,71913,0,0,Normal
1752,CUST_119,2025-01-19 08:36:00,Ziguinchor,Carte Bancaire,Retrait,Android,29470,0,0,Normal
1753,CUST_700,2025-06-29 09:56:00,Saint-Louis,Wave,Transfert,Android,11902,0,0,Normal
1754,CUST_313,2025-05-14 12:25:00,Thiès,Carte Bancaire,Retrait,Android,20058,0,0,Normal
1755,CUST_246,2025-01-05 10:10:00,Kaolack,Orange Money,Transfert,iPhone,40397,0,0,Normal
1756,CUST_839,2025-03-12 18:23:00,Kaolack,Carte Bancaire,Retrait,iPhone,61488,0,0,Normal
1757,CUST_366,2025-06-04 22:47:00,Ziguinchor,Free Money,Transfert,Android,14562,0,0,Normal
1758,CUST_860,2025-04-13 10:15:00,Saint-Louis,Free Money,Paiement,iPhone,22866,0,0,Normal
1759,CUST_145,2025-03-14 10:31:00,Dakar,Carte Bancaire,Transfert,Android,9349,0,0,Normal
1760,CUST_936,2025-05-31 06:49:00,Kaolack,Free Money,Transfert,iPhone,25167,0,0,Normal
1761,CUST_16,2025-01-29 06:35:00,Saint-Louis,Free Money,Paiement,iPhone,35308,0,0,Normal
1762,CUST_126,2025-04-15 13:29:00,Kaolack,Orange Money,Paiement,Android,29339,0,0,Normal
1763,CUST_330,2025-01-06 07:36:00,Ziguinchor,Carte Bancaire,Paiement,Android,43994,0,0,Normal
1764,CUST_687,2025-04-19 15:23:00,Ziguinchor,Free Money,Retrait,Android,22455,0,0,Normal
1765,CUST_354,2025-02-08 11:53:00,Saint-Louis,Wave,Transfert,Android,2608,0,0,Normal
1766,CUST_216,2025-05-19 05:06:00,Saint-Louis,Free Money,Retrait,iPhone,7461,35,1,Comportement suspect
1767,CUST_816,2025-06-30 07:49:00,Ziguinchor,Orange Money,Paiement,Android,7488,0,0,Normal
1768,CUST_558,2025-04-03 08:01:00,Ziguinchor,Carte Bancaire,Retrait,Android,1769,0,0,Normal
1769,CUST_232,2025-06-11 19:44:00,Saint-Louis,Carte Bancaire,Paiement,iPhone,5707,0,0,Normal
1770,CUST_647,2025-04-26 18:41:00,Dakar,Carte Bancaire,Paiement,iPhone,9371,0,0,Normal
1771,CUST_582,2025-02-17 06:09:00,Dakar,Carte Bancaire,Paiement,Android,36446,0,0,Normal
1772,CUST_281,2025-02-03 09:53:00,Thiès,Wave,Retrait,iPhone,17675,0,0,Normal
1773,CUST_598,2025-02-07 05:59:00,Ziguinchor,Wave,Transfert,iPhone,16671,0,0,Normal
1774,CUST_574,2025-02-22 08:35:00,Saint-Louis,Carte Bancaire,Transfert,iPhone,30874,0,0,Normal
1775,CUST_179,2025-05-28 12:44:00,Dakar,Wave,Paiement,Android,46181,0,0,Normal
1776,CUST_987,2025-05-03 07:58:00,Thiès,Orange Money,Paiement,Android,22939,0,0,Normal
1777,CUST_410,2025-05-08 08:38:00,Saint-Louis,Free Money,Retrait,Android,500,0,0,Normal
1778,CUST_599,2025-04-16 06:48:00,Thiès,Orange Money,Paiement,Android,64349,0,0,Normal
1779,CUST_612,2025-03-21 08:11:00,Ziguinchor,Wave,Paiement,iPhone,8582,0,0,Normal
1780,CUST_898,2025-04-26 00:22:00,Kaolack,Carte Bancaire,Retrait,Android,9202,0,0,Normal
1781,CUST_83,2025-01-21 08:20:00,Dakar,Orange Money,Transfert,Android,36250,0,0,Normal
1782,CUST_140,2025-02-13 09:00:00,Ziguinchor,Free Money,Transfert,iPhone,36995,0,0,Normal
1783,CUST_146,2025-04-02 18:54:00,Dakar,Orange Money,Transfert,iPhone,24760,0,0,Normal
1784,CUST_787,2025-01-14 06:49:00,Ziguinchor,Orange Money,Retrait,Android,20446,0,0,Normal
1785,CUST_263,2025-02-01 05:19:00,Dakar,Free Money,Transfert,Android,20237,0,0,Normal
1786,CUST_69,2025-01-30 18:44:00,Thiès,Wave,Retrait,Android,56909,0,0,Normal
1787,CUST_566,2025-03-06 10:15:00,Saint-Louis,Carte Bancaire,Retrait,Android,54075,0,0,Normal
1788,CUST_105,2025-05-24 11:58:00,Thiès,Carte Bancaire,Paiement,iPhone,26796,0,0,Normal
1789,CUST_998,2025-01-27 21:21:00,Kaolack,Free Money,Transfert,Android,30521,0,0,Normal
1790,CUST_730,2025-04-13 15:07:00,Saint-Louis,Carte Bancaire,Paiement,Android,13321,0,0,Normal
1791,CUST_101,2025-02-16 11:45:00,Thiès,Wave,Retrait,Android,5724,35,1,Comportement suspect
1792,CUST_373,2025-04-23 12:29:00,Kaolack,Free Money,Paiement,iPhone,61869,0,0,Normal
1793,CUST_850,2025-05-20 18:17:00,Dakar,Free Money,Paiement,Android,13720,0,0,Normal
1794,CUST_751,2025-05-18 02:22:00,Ziguinchor,Wave,Transfert,Android,13147,25,0,Normal
1795,CUST_159,2025-05-06 10:29:00,Kaolack,Orange Money,Transfert,Android,500,0,0,Normal
1796,CUST_671,2025-05-22 23:39:00,Ziguinchor,Free Money,Transfert,Android,53068,0,0,Normal
1797,CUST_801,2025-01-27 06:40:00,Dakar,Carte Bancaire,Paiement,iPhone,18430,0,0,Normal
1798,CUST_58,2025-01-15 12:35:00,Ziguinchor,Orange Money,Transfert,Android,2808,0,0,Normal
1799,CUST_932,2025-01-04 09:04:00,Ziguinchor,Free Money,Transfert,Android,43165,0,0,Normal
1800,CUST_798,2025-05-17 15:09:00,Dakar,Wave,Paiement,Android,37602,0,0,Normal
1801,CUST_98,2025-03-17 07:16:00,Kaolack,Carte Bancaire,Retrait,Android,61117,0,0,Normal
1802,CUST_808,2025-06-07 17:36:00,Dakar,Carte Bancaire,Paiement,Android,19474,0,0,Normal
1803,CUST_549,2025-01-26 16:45:00,Ziguinchor,Carte Bancaire,Retrait,Android,48120,0,0,Normal
1804,CUST_180,2025-06-15 07:32:00,Dakar,Carte Bancaire,Paiement,iPhone,49532,0,0,Normal
1805,CUST_945,2025-04-09 12:52:00,Ziguinchor,Wave,Retrait,Android,21203,0,0,Normal
1806,CUST_143,2025-05-05 19:27:00,Ziguinchor,Carte Bancaire,Paiement,iPhone,34755,0,0,Normal
1807,CUST_575,2025-01-16 23:08:00,Thiès,Orange Money,Transfert,iPhone,9608,0,0,Normal
1808,CUST_72,2025-04-30 09:43:00,Dakar,Free Money,Transfert,Android,3199,30,0,Normal
1809,CUST_533,2025-05-07 14:07:00,Ziguinchor,Orange Money,Transfert,iPhone,20564,35,1,Comportement suspect
1810,CUST_244,2025-01-10 10:45:00,Saint-Louis,Wave,Retrait,Android,51382,0,0,Normal
1811,CUST_495,2025-06-07 16:16:00,Saint-Louis,Carte Bancaire,Retrait,Android,24266,0,0,Normal
1812,CUST_760,2025-05-19 11:59:00,Saint-Louis,Free Money,Retrait,Android,31777,0,0,Normal
1813,CUST_39,2025-03-17 08:48:00,Kaolack,Orange Money,Transfert,iPhone,63109,0,0,Normal
1814,CUST_856,2025-03-30 20:18:00,Ziguinchor,Orange Money,Retrait,Android,21191,0,0,Normal
1815,CUST_511,2025-02-28 17:13:00,Thiès,Wave,Paiement,Android,41475,0,0,Normal
1816,CUST_596,2025-05-07 15:59:00,Ziguinchor,Orange Money,Retrait,Android,16683,0,0,Normal
1817,CUST_960,2025-05-30 10:16:00,Ziguinchor,Orange Money,Paiement,iPhone,14893,0,0,Normal
1818,CUST_910,2025-04-27 13:49:00,Saint-Louis,Free Money,Paiement,Android,12453,0,0,Normal
1819,CUST_179,2025-03-03 11:21:00,Dakar,Carte Bancaire,Paiement,Android,46457,0,0,Normal
1820,CUST_713,2025-06-25 16:40:00,Kaolack,Wave,Paiement,Android,12193,0,0,Normal
1821,CUST_341,2025-01-07 04:48:00,Dakar,Orange Money,Retrait,iPhone,5901,60,1,Transaction nocturne
1822,CUST_757,2025-03-07 08:54:00,Thiès,Orange Money,Paiement,iPhone,34540,0,0,Normal
1823,CUST_155,2025-06-20 09:29:00,Saint-Louis,Carte Bancaire,Retrait,iPhone,11739,0,0,Normal
1824,CUST_817,2025-02-13 14:06:00,Kaolack,Wave,Paiement,iPhone,45652,0,0,Normal
1825,CUST_685,2025-02-22 16:23:00,Dakar,Free Money,Transfert,iPhone,29906,0,0,Normal
1826,CUST_162,2025-01-01 08:32:00,Ziguinchor,Carte Bancaire,Transfert,iPhone,71703,0,0,Normal
1827,CUST_654,2025-04-10 05:18:00,Ziguinchor,Free Money,Transfert,iPhone,11010,0,0,Normal
1828,CUST_446,2025-06-29 05:26:00,Thiès,Free Money,Paiement,Android,17429,0,0,Normal
1829,CUST_34,2025-02-26 11:54:00,Thiès,Wave,Retrait,Android,15965,0,0,Normal
1830,CUST_537,2025-01-01 21:07:00,Thiès,Free Money,Paiement,iPhone,13593,0,0,Normal
1831,CUST_28,2025-04-23 13:21:00,Ziguinchor,Free Money,Transfert,Android,6772,0,0,Normal
1832,CUST_579,2025-01-12 05:37:00,Ziguinchor,Orange Money,Transfert,Android,23096,0,0,Normal
1833,CUST_681,2025-03-05 13:53:00,Saint-Louis,Carte Bancaire,Paiement,Android,26677,0,0,Normal
1834,CUST_159,2025-04-18 20:57:00,Kaolack,Orange Money,Retrait,Android,24183,0,0,Normal
1835,CUST_267,2025-04-16 13:03:00,Thiès,Orange Money,Paiement,iPhone,22670,0,0,Normal
1836,CUST_611,2025-05-17 10:01:00,Kaolack,Wave,Paiement,iPhone,10589,0,0,Normal
1837,CUST_597,2025-02-08 12:38:00,Saint-Louis,Wave,Paiement,Android,55623,0,0,Normal
1838,CUST_419,2025-02-12 10:22:00,Dakar,Orange Money,Paiement,iPhone,500,0,0,Normal
1839,CUST_685,2025-04-23 14:12:00,Dakar,Orange Money,Retrait,iPhone,9162,0,0,Normal
1840,CUST_382,2025-01-06 11:01:00,Dakar,Carte Bancaire,Paiement,iPhone,5545,0,0,Normal
1841,CUST_657,2025-06-02 15:40:00,Thiès,Orange Money,Retrait,Android,13432,0,0,Normal
1842,CUST_210,2025-03-13 11:37:00,Dakar,Free Money,Paiement,iPhone,38597,0,0,Normal
1843,CUST_217,2025-01-04 10:32:00,Kaolack,Orange Money,Retrait,Android,2855,0,0,Normal
1844,CUST_589,2025-01-09 16:34:00,Ziguinchor,Wave,Paiement,Android,500,0,0,Normal
1845,CUST_932,2025-02-03 17:31:00,Ziguinchor,Orange Money,Paiement,Android,30226,0,0,Normal
1846,CUST_687,2025-05-18 00:25:00,Ziguinchor,Free Money,Retrait,Android,56435,0,0,Normal
1847,CUST_184,2025-03-21 19:15:00,Saint-Louis,Carte Bancaire,Transfert,iPhone,25408,0,0,Normal
1848,CUST_970,2025-04-28 06:18:00,Kaolack,Free Money,Paiement,iPhone,15059,0,0,Normal
1849,CUST_587,2025-03-10 12:04:00,Thiès,Wave,Retrait,Android,28438,0,0,Normal
1850,CUST_930,2025-06-14 12:22:00,Ziguinchor,Free Money,Retrait,Android,25150,35,1,Comportement suspect
1851,CUST_96,2025-06-30 06:40:00,Saint-Louis,Wave,Transfert,Android,6747,0,0,Normal
1852,CUST_931,2025-05-17 10:12:00,Dakar,Orange Money,Transfert,Android,23672,0,0,Normal
1853,CUST_935,2025-02-04 09:16:00,Thiès,Orange Money,Paiement,iPhone,66309,0,0,Normal
1854,CUST_51,2025-02-07 15:57:00,Ziguinchor,Wave,Retrait,Android,37091,35,1,Comportement suspect
1855,CUST_986,2025-05-09 11:31:00,Kaolack,Free Money,Paiement,iPhone,11197,0,0,Normal
1856,CUST_175,2025-06-16 07:41:00,Kaolack,Free Money,Transfert,Android,22017,0,0,Normal
1857,CUST_751,2025-06-20 13:58:00,Ziguinchor,Carte Bancaire,Transfert,iPhone,16913,0,0,Normal
1858,CUST_844,2025-01-08 14:43:00,Kaolack,Free Money,Paiement,iPhone,24104,35,1,Comportement suspect
1859,CUST_352,2025-04-18 07:41:00,Ziguinchor,Orange Money,Transfert,Android,6733,0,0,Normal
1860,CUST_495,2025-04-18 17:42:00,Saint-Louis,Carte Bancaire,Paiement,Android,25005,0,0,Normal
1861,CUST_977,2025-03-04 13:01:00,Thiès,Orange Money,Transfert,iPhone,11359,0,0,Normal
1862,CUST_223,2025-03-07 22:59:00,Thiès,Free Money,Transfert,Android,41394,0,0,Normal
1863,CUST_238,2025-02-23 14:58:00,Saint-Louis,Orange Money,Paiement,Android,22551,0,0,Normal
1864,CUST_154,2025-03-17 17:15:00,Kaolack,Free Money,Transfert,iPhone,7662,0,0,Normal
1865,CUST_12,2025-05-14 12:19:00,Saint-Louis,Wave,Retrait,Android,49037,0,0,Normal
1866,CUST_687,2025-03-26 09:46:00,Ziguinchor,Orange Money,Retrait,iPhone,76071,0,0,Normal
1867,CUST_298,2025-05-04 16:30:00,Saint-Louis,Wave,Retrait,Android,37635,0,0,Normal
1868,CUST_558,2025-03-10 19:11:00,Ziguinchor,Orange Money,Paiement,Android,7945,0,0,Normal
1869,CUST_622,2025-04-03 08:02:00,Kaolack,Free Money,Transfert,iPhone,16970,0,0,Normal
1870,CUST_876,2025-04-13 09:47:00,Kaolack,Free Money,Retrait,iPhone,34503,0,0,Normal
1871,CUST_484,2025-04-21 14:50:00,Saint-Louis,Carte Bancaire,Transfert,iPhone,90565,0,0,Normal
1872,CUST_316,2025-05-03 05:25:00,Saint-Louis,Free Money,Retrait,iPhone,57588,0,0,Normal
1873,CUST_220,2025-06-19 16:44:00,Saint-Louis,Wave,Transfert,Android,33270,0,0,Normal
1874,CUST_865,2025-06-25 11:40:00,Ziguinchor,Carte Bancaire,Transfert,iPhone,26503,0,0,Normal
1875,CUST_585,2025-06-22 12:29:00,Saint-Louis,Carte Bancaire,Paiement,Android,52310,0,0,Normal
1876,CUST_738,2025-02-22 19:56:00,Ziguinchor,Free Money,Retrait,Android,14163,0,0,Normal
1877,CUST_819,2025-05-16 06:23:00,Ziguinchor,Wave,Transfert,Android,22581,0,0,Normal
1878,CUST_802,2025-02-10 20:03:00,Kaolack,Free Money,Paiement,Android,24372,0,0,Normal
1879,CUST_750,2025-02-28 13:30:00,Ziguinchor,Orange Money,Transfert,Android,6765,0,0,Normal
1880,CUST_54,2025-03-22 21:16:00,Thiès,Orange Money,Paiement,Android,16317,0,0,Normal
1881,CUST_470,2025-03-28 13:52:00,Thiès,Orange Money,Retrait,Android,29318,0,0,Normal
1882,CUST_79,2025-02-27 06:32:00,Ziguinchor,Wave,Transfert,Android,500,0,0,Normal
1883,CUST_680,2025-05-24 10:53:00,Saint-Louis,Wave,Retrait,Android,36098,0,0,Normal
1884,CUST_948,2025-03-31 21:49:00,Ziguinchor,Carte Bancaire,Retrait,iPhone,3097,0,0,Normal
1885,CUST_713,2025-01-21 11:51:00,Kaolack,Wave,Retrait,Android,12610,0,0,Normal
1886,CUST_560,2025-06-20 04:58:00,Saint-Louis,Carte Bancaire,Transfert,Android,12024,25,0,Normal
1887,CUST_951,2025-01-04 08:56:00,Dakar,Free Money,Paiement,iPhone,38181,0,0,Normal
1888,CUST_75,2025-04-20 10:11:00,Thiès,Wave,Paiement,Android,5873,0,0,Normal
1889,CUST_940,2025-02-25 18:16:00,Kaolack,Wave,Transfert,iPhone,26229,0,0,Normal
1890,CUST_853,2025-05-21 06:16:00,Thiès,Wave,Transfert,iPhone,49757,0,0,Normal
1891,CUST_617,2025-03-23 16:09:00,Dakar,Wave,Transfert,Android,36195,0,0,Normal
1892,CUST_213,2025-01-24 09:58:00,Ziguinchor,Free Money,Transfert,Android,59537,0,0,Normal
1893,CUST_464,2025-05-02 06:36:00,Ziguinchor,Carte Bancaire,Transfert,iPhone,6092,0,0,Normal
1894,CUST_131,2025-05-24 14:25:00,Kaolack,Wave,Retrait,iPhone,28658,0,0,Normal
1895,CUST_588,2025-01-28 12:24:00,Ziguinchor,Carte Bancaire,Retrait,iPhone,18015,0,0,Normal
1896,CUST_731,2025-04-20 17:46:00,Ziguinchor,Carte Bancaire,Paiement,Android,46838,0,0,Normal
1897,CUST_494,2025-02-11 14:30:00,Thiès,Orange Money,Paiement,Android,1344,0,0,Normal
1898,CUST_526,2025-06-19 15:39:00,Thiès,Free Money,Paiement,iPhone,12893,0,0,Normal
1899,CUST_714,2025-02-10 10:26:00,Thiès,Free Money,Retrait,Android,18094,35,1,Comportement suspect
1900,CUST_975,2025-02-26 07:53:00,Saint-Louis,Carte Bancaire,Retrait,iPhone,500,0,0,Normal
1901,CUST_107,2025-01-13 13:34:00,Dakar,Wave,Paiement,iPhone,36257,0,0,Normal
1902,CUST_681,2025-01-26 09:20:00,Saint-Louis,Free Money,Paiement,iPhone,38421,0,0,Normal
1903,CUST_63,2025-02-26 15:28:00,Saint-Louis,Free Money,Retrait,iPhone,27729,35,1,Comportement suspect
1904,CUST_437,2025-02-20 12:04:00,Saint-Louis,Wave,Retrait,Android,21384,0,0,Normal
1905,CUST_857,2025-05-15 08:20:00,Kaolack,Free Money,Retrait,iPhone,7056,0,0,Normal
1906,CUST_338,2025-04-25 10:06:00,Thiès,Wave,Transfert,Android,13204,0,0,Normal
1907,CUST_432,2025-02-08 11:40:00,Ziguinchor,Carte Bancaire,Retrait,Android,11917,0,0,Normal
1908,CUST_77,2025-02-16 07:18:00,Thiès,Free Money,Paiement,Android,9146,0,0,Normal
1909,CUST_805,2025-02-13 10:53:00,Saint-Louis,Orange Money,Retrait,iPhone,4966,0,0,Normal
1910,CUST_864,2025-01-08 12:54:00,Kaolack,Wave,Paiement,iPhone,7065,0,0,Normal
1911,CUST_444,2025-05-05 13:10:00,Saint-Louis,Wave,Paiement,Android,37916,0,0,Normal
1912,CUST_481,2025-05-18 07:29:00,Kaolack,Carte Bancaire,Transfert,Android,65481,0,0,Normal
1913,CUST_35,2025-02-12 07:51:00,Thiès,Wave,Retrait,iPhone,44577,0,0,Normal
1914,CUST_378,2025-01-26 11:09:00,Saint-Louis,Carte Bancaire,Retrait,iPhone,1467,0,0,Normal
1915,CUST_602,2025-05-05 09:34:00,Dakar,Wave,Transfert,iPhone,30514,0,0,Normal
1916,CUST_251,2025-05-07 07:49:00,Ziguinchor,Carte Bancaire,Transfert,iPhone,10074,0,0,Normal
1917,CUST_121,2025-05-10 07:22:00,Dakar,Carte Bancaire,Paiement,iPhone,37050,0,0,Normal
1918,CUST_370,2025-01-22 17:04:00,Kaolack,Wave,Retrait,iPhone,63279,0,0,Normal
1919,CUST_972,2025-05-25 10:14:00,Ziguinchor,Carte Bancaire,Paiement,Android,11923,0,0,Normal
1920,CUST_126,2025-03-22 07:48:00,Kaolack,Wave,Retrait,iPhone,42805,0,0,Normal
1921,CUST_468,2025-04-06 10:19:00,Thiès,Wave,Retrait,Android,25348,0,0,Normal
1922,CUST_656,2025-06-28 11:53:00,Dakar,Carte Bancaire,Paiement,iPhone,6010,0,0,Normal
1923,CUST_6,2025-04-19 17:19:00,Thiès,Free Money,Transfert,iPhone,7080,0,0,Normal
1924,CUST_362,2025-02-28 13:40:00,Saint-Louis,Orange Money,Transfert,iPhone,45181,0,0,Normal
1925,CUST_680,2025-04-03 07:06:00,Saint-Louis,Carte Bancaire,Transfert,iPhone,59855,0,0,Normal
1926,CUST_247,2025-05-16 12:19:00,Kaolack,Orange Money,Paiement,iPhone,7340,0,0,Normal
1927,CUST_517,2025-05-20 13:11:00,Kaolack,Carte Bancaire,Paiement,Android,4055,0,0,Normal
1928,CUST_989,2025-03-25 09:30:00,Thiès,Free Money,Paiement,iPhone,65708,0,0,Normal
1929,CUST_388,2025-02-15 10:34:00,Kaolack,Wave,Paiement,Android,17265,0,0,Normal
1930,CUST_400,2025-05-04 18:17:00,Ziguinchor,Carte Bancaire,Paiement,iPhone,12215,0,0,Normal
1931,CUST_798,2025-03-17 12:00:00,Dakar,Carte Bancaire,Transfert,iPhone,31619,0,0,Normal
1932,CUST_636,2025-01-09 10:33:00,Kaolack,Orange Money,Retrait,Android,20808,0,0,Normal
1933,CUST_690,2025-01-07 09:59:00,Kaolack,Orange Money,Transfert,Android,2805,0,0,Normal
1934,CUST_830,2025-05-05 23:44:00,Saint-Louis,Orange Money,Retrait,Android,70815,0,0,Normal
1935,CUST_360,2025-01-31 12:28:00,Kaolack,Orange Money,Retrait,iPhone,8027,0,0,Normal
1936,CUST_20,2025-04-17 07:39:00,Kaolack,Wave,Paiement,iPhone,26833,0,0,Normal
1937,CUST_241,2025-06-28 11:31:00,Thiès,Free Money,Transfert,Android,25974,0,0,Normal
1938,CUST_277,2025-03-06 11:50:00,Ziguinchor,Orange Money,Retrait,iPhone,48333,0,0,Normal
1939,CUST_901,2025-06-18 09:26:00,Dakar,Orange Money,Transfert,iPhone,1011,0,0,Normal
1940,CUST_659,2025-01-13 13:31:00,Ziguinchor,Orange Money,Paiement,iPhone,13410,0,0,Normal
1941,CUST_619,2025-02-22 07:25:00,Dakar,Carte Bancaire,Retrait,iPhone,28355,0,0,Normal
1942,CUST_729,2025-04-12 21:19:00,Kaolack,Wave,Transfert,Android,56016,0,0,Normal
1943,CUST_82,2025-02-15 14:55:00,Ziguinchor,Wave,Retrait,iPhone,37330,0,0,Normal
1944,CUST_466,2025-03-16 15:07:00,Dakar,Orange Money,Retrait,Android,8960,0,0,Normal
1945,CUST_700,2025-03-21 09:23:00,Saint-Louis,Wave,Transfert,iPhone,13300,0,0,Normal
1946,CUST_686,2025-01-30 10:15:00,Kaolack,Orange Money,Retrait,iPhone,37093,0,0,Normal
1947,CUST_399,2025-02-17 15:58:00,Kaolack,Wave,Retrait,Android,32103,0,0,Normal
1948,CUST_733,2025-04-16 15:30:00,Thiès,Carte Bancaire,Retrait,iPhone,18234,0,0,Normal
1949,CUST_71,2025-05-16 05:23:00,Ziguinchor,Free Money,Transfert,Android,56958,0,0,Normal
1950,CUST_632,2025-05-19 14:46:00,Thiès,Wave,Transfert,iPhone,42891,0,0,Normal
1951,CUST_794,2025-04-15 18:04:00,Saint-Louis,Free Money,Paiement,iPhone,12151,0,0,Normal
1952,CUST_856,2025-03-12 10:35:00,Ziguinchor,Carte Bancaire,Paiement,Android,27064,0,0,Normal
1953,CUST_479,2025-05-09 05:18:00,Dakar,Wave,Retrait,Android,6884,0,0,Normal
1954,CUST_570,2025-01-29 08:57:00,Saint-Louis,Carte Bancaire,Transfert,iPhone,2085,0,0,Normal
1955,CUST_573,2025-04-16 17:44:00,Dakar,Wave,Transfert,iPhone,42493,0,0,Normal
1956,CUST_535,2025-05-20 18:28:00,Ziguinchor,Wave,Paiement,iPhone,6418,0,0,Normal
1957,CUST_178,2025-02-11 19:26:00,Kaolack,Free Money,Retrait,iPhone,53349,0,0,Normal
1958,CUST_908,2025-04-06 13:55:00,Dakar,Free Money,Paiement,Android,44266,0,0,Normal
1959,CUST_975,2025-01-12 14:43:00,Saint-Louis,Carte Bancaire,Paiement,Android,8923,0,0,Normal
1960,CUST_972,2025-04-08 06:39:00,Ziguinchor,Free Money,Transfert,Android,41612,0,0,Normal
1961,CUST_445,2025-06-29 06:46:00,Saint-Louis,Wave,Retrait,iPhone,3848,0,0,Normal
1962,CUST_332,2025-03-25 08:23:00,Ziguinchor,Wave,Paiement,Android,12171,0,0,Normal
1963,CUST_446,2025-06-05 15:09:00,Thiès,Free Money,Transfert,Android,7031,0,0,Normal
1964,CUST_919,2025-05-15 23:55:00,Saint-Louis,Free Money,Retrait,Android,3767,0,0,Normal
1965,CUST_808,2025-04-16 09:40:00,Dakar,Free Money,Paiement,Android,19909,0,0,Normal
1966,CUST_87,2025-02-05 18:23:00,Ziguinchor,Wave,Transfert,iPhone,43811,0,0,Normal
1967,CUST_480,2025-04-18 20:58:00,Ziguinchor,Orange Money,Transfert,iPhone,9107,0,0,Normal
1968,CUST_918,2025-02-15 09:18:00,Saint-Louis,Carte Bancaire,Transfert,iPhone,34709,0,0,Normal
1969,CUST_904,2025-03-30 08:51:00,Ziguinchor,Carte Bancaire,Paiement,iPhone,14631,0,0,Normal
1970,CUST_560,2025-03-05 11:23:00,Saint-Louis,Orange Money,Paiement,Android,20867,0,0,Normal
1971,CUST_58,2025-06-17 14:10:00,Ziguinchor,Carte Bancaire,Paiement,Android,42771,0,0,Normal
1972,CUST_681,2025-05-25 14:30:00,Saint-Louis,Wave,Transfert,iPhone,23927,0,0,Normal
1973,CUST_221,2025-01-11 07:26:00,Kaolack,Free Money,Retrait,Android,19440,0,0,Normal
1974,CUST_843,2025-02-01 20:01:00,Saint-Louis,Wave,Retrait,Android,113428,0,0,Normal
1975,CUST_360,2025-02-07 09:41:00,Kaolack,Wave,Paiement,iPhone,10142,0,0,Normal
1976,CUST_119,2025-01-04 17:57:00,Ziguinchor,Wave,Paiement,iPhone,48301,0,0,Normal
1977,CUST_203,2025-04-22 07:05:00,Ziguinchor,Carte Bancaire,Paiement,Android,10539,0,0,Normal
1978,CUST_623,2025-01-04 08:46:00,Dakar,Orange Money,Transfert,Android,19496,0,0,Normal
1979,CUST_119,2025-03-21 15:19:00,Ziguinchor,Free Money,Transfert,iPhone,61159,0,0,Normal
1980,CUST_215,2025-02-14 11:18:00,Dakar,Wave,Paiement,Android,13647,0,0,Normal
1981,CUST_520,2025-03-14 11:15:00,Ziguinchor,Orange Money,Paiement,Android,61248,0,0,Normal
1982,CUST_660,2025-01-10 04:07:00,Dakar,Orange Money,Retrait,Android,6296,25,0,Normal
1983,CUST_466,2025-05-03 15:34:00,Dakar,Orange Money,Transfert,Android,16730,0,0,Normal
1984,CUST_678,2025-03-29 16:08:00,Saint-Louis,Wave,Transfert,Android,26058,0,0,Normal
1985,CUST_714,2025-01-08 08:43:00,Ziguinchor,Carte Bancaire,Transfert,Android,31852,0,0,Normal
1986,CUST_123,2025-06-12 09:58:00,Dakar,Free Money,Retrait,Android,35711,0,0,Normal
1987,CUST_494,2025-04-20 14:43:00,Thiès,Orange Money,Transfert,Android,2986,0,0,Normal
1988,CUST_906,2025-06-01 05:21:00,Saint-Louis,Wave,Paiement,iPhone,3091,0,0,Normal
1989,CUST_241,2025-04-04 09:34:00,Thiès,Wave,Paiement,iPhone,23856,0,0,Normal
1990,CUST_178,2025-01-12 11:09:00,Kaolack,Wave,Retrait,iPhone,35669,0,0,Normal
1991,CUST_959,2025-02-23 07:51:00,Ziguinchor,Free Money,Transfert,Android,47662,0,0,Normal
1992,CUST_11,2025-01-11 12:52:00,Dakar,Carte Bancaire,Retrait,Android,15133,0,0,Normal
1993,CUST_97,2025-01-08 16:36:00,Kaolack,Free Money,Paiement,iPhone,20249,0,0,Normal
1994,CUST_53,2025-06-26 10:07:00,Ziguinchor,Wave,Paiement,iPhone,24242,0,0,Normal
1995,CUST_304,2025-04-04 10:27:00,Ziguinchor,Carte Bancaire,Paiement,iPhone,90457,0,0,Normal
1996,CUST_12,2025-06-07 10:58:00,Saint-Louis,Carte Bancaire,Retrait,Android,33167,0,0,Normal
1997,CUST_741,2025-06-29 17:31:00,Kaolack,Orange Money,Retrait,iPhone,24358,0,0,Normal
1998,CUST_628,2025-04-28 09:39:00,Dakar,Orange Money,Paiement,iPhone,6629,0,0,Normal
1999,CUST_129,2025-03-16 08:19:00,Saint-Louis,Orange Money,Paiement,Android,17140,0,0,Normal
2000,CUST_247,2025-03-09 18:18:00,Kaolack,Orange Money,Retrait,Android,1765,0,0,Normal
2001,CUST_137,2025-06-11 17:16:00,Thiès,Carte Bancaire,Paiement,iPhone,32486,0,0,Normal
2002,CUST_375,2025-03-02 16:48:00,Kaolack,Free Money,Transfert,iPhone,41841,0,0,Normal
2003,CUST_768,2025-02-03 14:32:00,Saint-Louis,Carte Bancaire,Retrait,iPhone,19510,0,0,Normal
2004,CUST_72,2025-03-14 06:19:00,Dakar,Carte Bancaire,Retrait,Android,3623,0,0,Normal
2005,CUST_427,2025-03-13 10:25:00,Kaolack,Free Money,Transfert,Android,12945,0,0,Normal
2006,CUST_735,2025-05-25 11:38:00,Saint-Louis,Carte Bancaire,Retrait,Android,27544,30,0,Normal
2007,CUST_768,2025-04-19 04:32:00,Saint-Louis,Free Money,Transfert,iPhone,6147,25,0,Normal
2008,CUST_239,2025-03-04 09:17:00,Dakar,Orange Money,Retrait,iPhone,9371,0,0,Normal
2009,CUST_93,2025-01-31 16:06:00,Saint-Louis,Wave,Transfert,Android,38887,0,0,Normal
2010,CUST_780,2025-05-29 07:21:00,Saint-Louis,Orange Money,Retrait,Android,30290,0,0,Normal
2011,CUST_795,2025-01-05 07:23:00,Saint-Louis,Carte Bancaire,Retrait,iPhone,27269,0,0,Normal
2012,CUST_270,2025-04-26 07:39:00,Dakar,Orange Money,Paiement,Android,12944,0,0,Normal
2013,CUST_882,2025-06-30 10:52:00,Thiès,Orange Money,Retrait,iPhone,8937,0,0,Normal
2014,CUST_599,2025-02-05 16:53:00,Thiès,Free Money,Transfert,Android,22461,0,0,Normal
2015,CUST_738,2025-04-10 09:22:00,Ziguinchor,Wave,Transfert,iPhone,40101,0,0,Normal
2016,CUST_426,2025-01-31 15:28:00,Kaolack,Orange Money,Retrait,Android,17005,0,0,Normal
2017,CUST_352,2025-01-10 12:58:00,Ziguinchor,Free Money,Retrait,Android,7869,0,0,Normal
2018,CUST_659,2025-05-23 22:55:00,Ziguinchor,Free Money,Transfert,Android,6952,0,0,Normal
2019,CUST_144,2025-03-25 10:33:00,Kaolack,Carte Bancaire,Paiement,Android,34900,0,0,Normal
2020,CUST_238,2025-06-30 19:55:00,Saint-Louis,Orange Money,Transfert,Android,43410,0,0,Normal
2021,CUST_820,2025-05-08 14:54:00,Ziguinchor,Wave,Retrait,Android,6627,0,0,Normal
2022,CUST_18,2025-04-25 19:55:00,Saint-Louis,Orange Money,Transfert,iPhone,2382,35,1,Comportement suspect
2023,CUST_1,2025-06-29 06:00:00,Dakar,Carte Bancaire,Retrait,Android,83420,0,0,Normal
2024,CUST_930,2025-05-27 09:26:00,Saint-Louis,Wave,Paiement,Android,7830,0,0,Normal
2025,CUST_809,2025-03-04 12:39:00,Thiès,Carte Bancaire,Transfert,iPhone,6178,0,0,Normal
2026,CUST_444,2025-04-10 13:47:00,Saint-Louis,Carte Bancaire,Paiement,Android,36939,0,0,Normal
2027,CUST_274,2025-02-19 20:01:00,Dakar,Free Money,Paiement,Android,70699,0,0,Normal
2028,CUST_274,2025-05-21 00:02:00,Dakar,Wave,Retrait,Android,44336,0,0,Normal
2029,CUST_176,2025-02-23 13:35:00,Saint-Louis,Wave,Retrait,iPhone,6523,0,0,Normal
2030,CUST_800,2025-03-29 09:42:00,Ziguinchor,Orange Money,Transfert,iPhone,13614,0,0,Normal
2031,CUST_518,2025-04-04 08:02:00,Thiès,Wave,Retrait,Android,28044,0,0,Normal
2032,CUST_901,2025-02-24 13:13:00,Dakar,Orange Money,Transfert,iPhone,13082,0,0,Normal
2033,CUST_451,2025-05-12 15:16:00,Kaolack,Wave,Paiement,Android,21326,30,0,Normal
2034,CUST_183,2025-06-29 16:25:00,Dakar,Free Money,Transfert,iPhone,33346,35,1,Comportement suspect
2035,CUST_199,2025-02-11 13:10:00,Saint-Louis,Wave,Paiement,Android,37768,0,0,Normal
2036,CUST_419,2025-04-18 01:13:00,Dakar,Wave,Transfert,Android,41254,25,0,Normal
2037,CUST_808,2025-01-13 14:33:00,Dakar,Free Money,Paiement,Android,17223,0,0,Normal
2038,CUST_698,2025-05-27 19:06:00,Ziguinchor,Orange Money,Transfert,Android,38352,0,0,Normal
2039,CUST_568,2025-01-28 20:40:00,Thiès,Carte Bancaire,Transfert,Android,66861,0,0,Normal
2040,CUST_743,2025-06-04 18:29:00,Ziguinchor,Carte Bancaire,Retrait,iPhone,37410,0,0,Normal
2041,CUST_71,2025-04-27 12:14:00,Ziguinchor,Orange Money,Paiement,iPhone,500,0,0,Normal
2042,CUST_936,2025-06-06 19:38:00,Kaolack,Free Money,Retrait,Android,31113,0,0,Normal
2043,CUST_537,2025-04-24 22:58:00,Thiès,Carte Bancaire,Paiement,iPhone,12923,0,0,Normal
2044,CUST_624,2025-05-12 10:14:00,Kaolack,Orange Money,Retrait,iPhone,21671,0,0,Normal
2045,CUST_401,2025-05-12 16:14:00,Thiès,Orange Money,Transfert,iPhone,500,0,0,Normal
2046,CUST_911,2025-06-14 06:45:00,Ziguinchor,Wave,Transfert,iPhone,77077,0,0,Normal
2047,CUST_384,2025-02-01 13:47:00,Kaolack,Carte Bancaire,Paiement,Android,25851,0,0,Normal
2048,CUST_103,2025-05-29 13:12:00,Thiès,Wave,Paiement,Android,15655,0,0,Normal
2049,CUST_781,2025-03-16 11:49:00,Ziguinchor,Free Money,Retrait,iPhone,61236,0,0,Normal
2050,CUST_506,2025-06-17 05:29:00,Kaolack,Carte Bancaire,Retrait,Android,23166,0,0,Normal
2051,CUST_13,2025-06-14 04:27:00,Thiès,Free Money,Paiement,Android,13481,25,0,Normal
2052,CUST_912,2025-02-21 11:41:00,Dakar,Free Money,Transfert,iPhone,52990,0,0,Normal
2053,CUST_219,2025-01-09 19:37:00,Kaolack,Carte Bancaire,Retrait,Android,38592,0,0,Normal
2054,CUST_300,2025-05-26 06:48:00,Dakar,Orange Money,Paiement,iPhone,34038,0,0,Normal
2055,CUST_530,2025-06-10 11:45:00,Dakar,Free Money,Transfert,Android,16003,0,0,Normal
2056,CUST_990,2025-02-19 07:05:00,Thiès,Wave,Retrait,Android,7842,0,0,Normal
2057,CUST_543,2025-02-20 13:13:00,Ziguinchor,Wave,Retrait,Android,37228,0,0,Normal
2058,CUST_746,2025-03-29 10:36:00,Ziguinchor,Carte Bancaire,Retrait,iPhone,12940,0,0,Normal
2059,CUST_560,2025-05-29 12:07:00,Saint-Louis,Carte Bancaire,Paiement,iPhone,19090,0,0,Normal
2060,CUST_943,2025-05-20 14:28:00,Saint-Louis,Wave,Transfert,iPhone,24941,0,0,Normal
2061,CUST_357,2025-03-24 14:21:00,Dakar,Carte Bancaire,Paiement,Android,44973,0,0,Normal
2062,CUST_769,2025-06-13 08:47:00,Ziguinchor,Free Money,Paiement,Android,23796,0,0,Normal
2063,CUST_239,2025-01-10 06:17:00,Dakar,Carte Bancaire,Paiement,Android,15330,0,0,Normal
2064,CUST_841,2025-03-03 16:17:00,Dakar,Orange Money,Transfert,Android,5358,35,1,Comportement suspect
2065,CUST_710,2025-06-05 07:06:00,Dakar,Wave,Transfert,Android,52625,0,0,Normal
2066,CUST_493,2025-01-09 16:47:00,Saint-Louis,Carte Bancaire,Paiement,iPhone,27120,0,0,Normal
2067,CUST_771,2025-05-05 10:29:00,Thiès,Orange Money,Transfert,Android,26721,0,0,Normal
2068,CUST_30,2025-04-18 15:35:00,Kaolack,Carte Bancaire,Transfert,Android,36353,0,0,Normal
2069,CUST_924,2025-05-08 00:23:00,Thiès,Wave,Retrait,Android,12344,35,1,Comportement suspect
2070,CUST_423,2025-06-25 21:09:00,Kaolack,Wave,Retrait,Android,40377,0,0,Normal
2071,CUST_803,2025-03-29 01:14:00,Dakar,Orange Money,Retrait,Android,19102,25,0,Normal
2072,CUST_909,2025-05-27 07:28:00,Kaolack,Wave,Transfert,Android,65311,0,0,Normal
2073,CUST_480,2025-02-14 14:00:00,Ziguinchor,Orange Money,Paiement,iPhone,14352,0,0,Normal
2074,CUST_324,2025-06-24 15:34:00,Thiès,Carte Bancaire,Transfert,Android,36566,35,1,Comportement suspect
2075,CUST_659,2025-03-29 12:00:00,Ziguinchor,Wave,Transfert,Android,9605,0,0,Normal
2076,CUST_557,2025-04-23 06:11:00,Dakar,Free Money,Retrait,iPhone,7472,0,0,Normal
2077,CUST_703,2025-01-26 12:22:00,Saint-Louis,Wave,Retrait,Android,5560,0,0,Normal
2078,CUST_754,2025-01-07 14:11:00,Ziguinchor,Orange Money,Retrait,Android,3965,0,0,Normal
2079,CUST_270,2025-06-07 21:07:00,Dakar,Orange Money,Transfert,iPhone,12069,0,0,Normal
2080,CUST_921,2025-06-05 14:58:00,Thiès,Free Money,Retrait,Android,26764,0,0,Normal
2081,CUST_126,2025-05-06 00:34:00,Kaolack,Orange Money,Retrait,iPhone,14462,0,0,Normal
2082,CUST_418,2025-05-30 15:00:00,Thiès,Carte Bancaire,Transfert,Android,52974,0,0,Normal
2083,CUST_183,2025-04-15 11:29:00,Thiès,Free Money,Retrait,iPhone,17492,0,0,Normal
2084,CUST_221,2025-02-06 12:11:00,Kaolack,Free Money,Retrait,iPhone,29257,0,0,Normal
2085,CUST_820,2025-03-09 17:04:00,Ziguinchor,Wave,Retrait,Android,26441,0,0,Normal
2086,CUST_947,2025-04-29 13:51:00,Dakar,Wave,Retrait,Android,8506,0,0,Normal
2087,CUST_89,2025-03-28 06:49:00,Ziguinchor,Carte Bancaire,Transfert,iPhone,34969,0,0,Normal
2088,CUST_374,2025-05-17 09:23:00,Ziguinchor,Wave,Retrait,iPhone,15823,0,0,Normal
2089,CUST_159,2025-04-20 13:06:00,Kaolack,Orange Money,Retrait,Android,21871,0,0,Normal
2090,CUST_605,2025-04-07 01:40:00,Dakar,Free Money,Retrait,Android,3534,25,0,Normal
2091,CUST_471,2025-05-29 09:27:00,Kaolack,Free Money,Retrait,iPhone,500,0,0,Normal
2092,CUST_468,2025-01-10 16:27:00,Thiès,Free Money,Transfert,Android,26616,0,0,Normal
2093,CUST_567,2025-05-09 06:53:00,Dakar,Orange Money,Transfert,iPhone,50845,30,0,Normal
2094,CUST_597,2025-03-12 16:11:00,Saint-Louis,Carte Bancaire,Retrait,Android,17846,0,0,Normal
2095,CUST_523,2025-01-30 18:27:00,Kaolack,Free Money,Retrait,Android,73739,0,0,Normal
2096,CUST_838,2025-06-25 08:50:00,Thiès,Carte Bancaire,Paiement,Android,83845,0,0,Normal
2097,CUST_172,2025-03-08 21:01:00,Thiès,Orange Money,Retrait,Android,63153,0,0,Normal
2098,CUST_449,2025-04-24 06:04:00,Thiès,Free Money,Transfert,Android,8319,0,0,Normal
2099,CUST_271,2025-03-28 09:35:00,Dakar,Carte Bancaire,Paiement,iPhone,41408,0,0,Normal
2100,CUST_991,2025-03-11 15:27:00,Ziguinchor,Wave,Paiement,Android,12909,0,0,Normal
2101,CUST_570,2025-05-12 20:23:00,Saint-Louis,Carte Bancaire,Retrait,Android,5401,0,0,Normal
2102,CUST_944,2025-04-01 17:21:00,Kaolack,Wave,Paiement,Android,15655,0,0,Normal
2103,CUST_462,2025-04-01 12:11:00,Dakar,Free Money,Retrait,iPhone,18533,0,0,Normal
2104,CUST_886,2025-02-05 17:42:00,Saint-Louis,Wave,Retrait,Android,48759,0,0,Normal
2105,CUST_258,2025-03-09 12:48:00,Ziguinchor,Wave,Retrait,Android,9764,0,0,Normal
2106,CUST_578,2025-03-27 09:01:00,Thiès,Orange Money,Transfert,Android,32670,0,0,Normal
2107,CUST_530,2025-02-04 10:43:00,Dakar,Free Money,Paiement,iPhone,42197,0,0,Normal
2108,CUST_971,2025-04-30 06:34:00,Dakar,Wave,Transfert,Android,41521,0,0,Normal
2109,CUST_842,2025-04-04 13:31:00,Saint-Louis,Wave,Retrait,iPhone,6273,0,0,Normal
2110,CUST_717,2025-06-09 22:59:00,Saint-Louis,Free Money,Transfert,iPhone,54472,35,1,Comportement suspect
2111,CUST_697,2025-04-22 16:44:00,Thiès,Wave,Retrait,Android,66131,0,0,Normal
2112,CUST_264,2025-06-02 18:35:00,Kaolack,Orange Money,Retrait,Android,24302,0,0,Normal
2113,CUST_128,2025-04-17 11:19:00,Kaolack,Free Money,Retrait,Android,91401,0,0,Normal
2114,CUST_705,2025-06-20 11:16:00,Thiès,Wave,Transfert,iPhone,71603,30,0,Normal
2115,CUST_161,2025-06-09 08:14:00,Saint-Louis,Free Money,Retrait,iPhone,3735,0,0,Normal
2116,CUST_914,2025-02-19 16:39:00,Thiès,Orange Money,Paiement,Android,17362,0,0,Normal
2117,CUST_372,2025-04-13 07:15:00,Dakar,Wave,Transfert,Android,24138,0,0,Normal
2118,CUST_750,2025-05-30 09:26:00,Ziguinchor,Orange Money,Transfert,iPhone,31251,0,0,Normal
2119,CUST_166,2025-06-16 14:59:00,Thiès,Carte Bancaire,Retrait,iPhone,19702,0,0,Normal
2120,CUST_575,2025-03-07 16:08:00,Thiès,Carte Bancaire,Transfert,Android,8566,0,0,Normal
2121,CUST_40,2025-05-04 14:34:00,Ziguinchor,Wave,Paiement,Android,45306,0,0,Normal
2122,CUST_198,2025-04-03 12:51:00,Dakar,Carte Bancaire,Retrait,Android,1566,0,0,Normal
2123,CUST_133,2025-04-25 04:45:00,Kaolack,Free Money,Retrait,Android,45154,25,0,Normal
2124,CUST_707,2025-02-05 11:11:00,Dakar,Carte Bancaire,Paiement,iPhone,3605,0,0,Normal
2125,CUST_849,2025-03-04 14:23:00,Ziguinchor,Free Money,Transfert,iPhone,62317,0,0,Normal
2126,CUST_312,2025-02-17 11:00:00,Dakar,Free Money,Retrait,iPhone,10387,0,0,Normal
2127,CUST_799,2025-04-03 10:07:00,Kaolack,Orange Money,Retrait,Android,15188,0,0,Normal
2128,CUST_153,2025-02-12 20:06:00,Kaolack,Free Money,Retrait,iPhone,18554,0,0,Normal
2129,CUST_433,2025-05-03 19:32:00,Ziguinchor,Wave,Transfert,Android,3239,0,0,Normal
2130,CUST_900,2025-01-01 22:01:00,Kaolack,Free Money,Retrait,iPhone,31509,0,0,Normal
2131,CUST_570,2025-06-07 16:46:00,Saint-Louis,Free Money,Transfert,Android,4767,0,0,Normal
2132,CUST_685,2025-06-11 10:21:00,Dakar,Orange Money,Retrait,iPhone,14032,0,0,Normal
2133,CUST_77,2025-06-21 16:34:00,Thiès,Orange Money,Transfert,iPhone,1883,0,0,Normal
2134,CUST_259,2025-02-07 03:10:00,Ziguinchor,Free Money,Paiement,Android,27077,25,0,Normal
2135,CUST_889,2025-05-02 12:52:00,Thiès,Free Money,Transfert,iPhone,27129,0,0,Normal
2136,CUST_903,2025-01-17 12:57:00,Ziguinchor,Wave,Retrait,iPhone,22085,0,0,Normal
2137,CUST_5,2025-06-24 15:30:00,Thiès,Orange Money,Transfert,iPhone,78508,0,0,Normal
2138,CUST_346,2025-03-08 12:59:00,Thiès,Free Money,Paiement,Android,4552,0,0,Normal
2139,CUST_255,2025-03-17 21:26:00,Thiès,Orange Money,Retrait,iPhone,44122,0,0,Normal
2140,CUST_869,2025-06-05 09:53:00,Kaolack,Wave,Retrait,Android,30016,0,0,Normal
2141,CUST_287,2025-06-05 14:26:00,Ziguinchor,Free Money,Retrait,Android,36124,0,0,Normal
2142,CUST_611,2025-05-28 13:46:00,Kaolack,Carte Bancaire,Transfert,iPhone,27216,0,0,Normal
2143,CUST_444,2025-01-02 07:00:00,Saint-Louis,Carte Bancaire,Paiement,Android,10923,0,0,Normal
2144,CUST_106,2025-05-29 10:20:00,Saint-Louis,Orange Money,Paiement,Android,56333,0,0,Normal
2145,CUST_131,2025-01-29 09:03:00,Kaolack,Wave,Transfert,Android,16976,0,0,Normal
2146,CUST_114,2025-04-07 08:07:00,Thiès,Wave,Paiement,iPhone,52493,0,0,Normal
2147,CUST_1000,2025-05-04 14:05:00,Dakar,Wave,Retrait,Android,50778,0,0,Normal
2148,CUST_997,2025-02-09 11:11:00,Kaolack,Free Money,Retrait,iPhone,9280,0,0,Normal
2149,CUST_955,2025-06-09 04:44:00,Saint-Louis,Orange Money,Transfert,iPhone,73037,25,0,Normal
2150,CUST_545,2025-02-07 07:34:00,Ziguinchor,Carte Bancaire,Transfert,iPhone,43567,0,0,Normal
2151,CUST_408,2025-03-30 05:01:00,Dakar,Orange Money,Paiement,Android,8799,0,0,Normal
2152,CUST_504,2025-06-27 14:19:00,Saint-Louis,Free Money,Retrait,Android,34480,0,0,Normal
2153,CUST_899,2025-05-13 10:58:00,Dakar,Free Money,Retrait,iPhone,34579,0,0,Normal
2154,CUST_819,2025-04-29 04:01:00,Ziguinchor,Free Money,Retrait,Android,19637,25,0,Normal
2155,CUST_703,2025-05-28 13:26:00,Saint-Louis,Orange Money,Retrait,Android,5691,0,0,Normal
2156,CUST_386,2025-05-07 02:17:00,Saint-Louis,Wave,Transfert,iPhone,14543,25,0,Normal
2157,CUST_860,2025-06-23 17:36:00,Saint-Louis,Orange Money,Paiement,Android,37055,0,0,Normal
2158,CUST_362,2025-02-17 12:40:00,Saint-Louis,Free Money,Transfert,iPhone,68019,0,0,Normal
2159,CUST_760,2025-06-30 12:33:00,Saint-Louis,Free Money,Transfert,iPhone,36566,0,0,Normal
2160,CUST_129,2025-02-13 14:59:00,Saint-Louis,Orange Money,Retrait,Android,16136,30,0,Normal
2161,CUST_417,2025-05-21 12:54:00,Thiès,Free Money,Paiement,iPhone,23855,0,0,Normal
2162,CUST_624,2025-01-17 14:17:00,Kaolack,Carte Bancaire,Transfert,iPhone,53452,0,0,Normal
2163,CUST_605,2025-06-06 23:06:00,Dakar,Orange Money,Paiement,iPhone,7768,0,0,Normal
2164,CUST_20,2025-04-28 23:56:00,Kaolack,Carte Bancaire,Retrait,Android,37858,0,0,Normal
2165,CUST_277,2025-05-30 13:50:00,Ziguinchor,Orange Money,Paiement,Android,34251,0,0,Normal
2166,CUST_74,2025-06-27 15:55:00,Ziguinchor,Orange Money,Retrait,iPhone,6799,0,0,Normal
2167,CUST_121,2025-03-12 09:10:00,Dakar,Carte Bancaire,Retrait,iPhone,14751,0,0,Normal
2168,CUST_85,2025-03-19 11:40:00,Dakar,Wave,Paiement,iPhone,5167,0,0,Normal
2169,CUST_686,2025-01-20 10:18:00,Kaolack,Carte Bancaire,Paiement,Android,52511,0,0,Normal
2170,CUST_545,2025-01-27 07:18:00,Ziguinchor,Wave,Retrait,iPhone,43420,0,0,Normal
2171,CUST_731,2025-06-13 20:34:00,Ziguinchor,Orange Money,Retrait,iPhone,34083,0,0,Normal
2172,CUST_975,2025-03-25 10:19:00,Saint-Louis,Orange Money,Transfert,Android,8413,0,0,Normal
2173,CUST_631,2025-04-24 19:07:00,Thiès,Orange Money,Paiement,Android,14930,0,0,Normal
2174,CUST_227,2025-05-16 08:57:00,Ziguinchor,Carte Bancaire,Retrait,iPhone,4459,0,0,Normal
2175,CUST_944,2025-01-31 20:25:00,Kaolack,Wave,Retrait,iPhone,16303,0,0,Normal
2176,CUST_696,2025-05-31 17:45:00,Thiès,Orange Money,Transfert,Android,8109,0,0,Normal
2177,CUST_295,2025-02-26 19:29:00,Kaolack,Wave,Retrait,iPhone,5297,0,0,Normal
2178,CUST_544,2025-05-21 18:28:00,Dakar,Carte Bancaire,Transfert,Android,24380,0,0,Normal
2179,CUST_50,2025-03-26 15:27:00,Ziguinchor,Orange Money,Transfert,Android,14385,0,0,Normal
2180,CUST_901,2025-06-28 08:24:00,Dakar,Carte Bancaire,Transfert,Android,21644,0,0,Normal
2181,CUST_313,2025-02-28 18:39:00,Thiès,Wave,Retrait,iPhone,26893,0,0,Normal
2182,CUST_28,2025-05-29 15:53:00,Ziguinchor,Free Money,Paiement,iPhone,10546,0,0,Normal
2183,CUST_788,2025-02-01 15:46:00,Saint-Louis,Carte Bancaire,Retrait,iPhone,10918,0,0,Normal
2184,CUST_710,2025-05-23 12:23:00,Dakar,Free Money,Paiement,Android,51824,0,0,Normal
2185,CUST_638,2025-06-29 23:29:00,Saint-Louis,Free Money,Paiement,iPhone,24942,0,0,Normal
2186,CUST_969,2025-04-05 09:37:00,Ziguinchor,Wave,Paiement,Android,64223,0,0,Normal
2187,CUST_877,2025-05-03 08:58:00,Dakar,Free Money,Transfert,iPhone,4263,0,0,Normal
2188,CUST_257,2025-04-27 10:31:00,Saint-Louis,Orange Money,Transfert,iPhone,9384,0,0,Normal
2189,CUST_788,2025-01-22 14:17:00,Saint-Louis,Orange Money,Retrait,iPhone,10428,0,0,Normal
2190,CUST_216,2025-05-21 11:16:00,Dakar,Wave,Transfert,Android,17164,0,0,Normal
2191,CUST_335,2025-04-06 10:15:00,Kaolack,Wave,Retrait,Android,81690,0,0,Normal
2192,CUST_821,2025-04-08 20:34:00,Saint-Louis,Wave,Transfert,iPhone,21877,0,0,Normal
2193,CUST_715,2025-02-16 08:31:00,Dakar,Carte Bancaire,Retrait,Android,11607,0,0,Normal
2194,CUST_281,2025-05-02 18:42:00,Thiès,Orange Money,Retrait,iPhone,50475,0,0,Normal
2195,CUST_211,2025-06-15 05:38:00,Saint-Louis,Wave,Transfert,iPhone,47617,0,0,Normal
2196,CUST_576,2025-01-18 07:53:00,Kaolack,Wave,Paiement,iPhone,500,0,0,Normal
2197,CUST_104,2025-03-25 13:15:00,Dakar,Free Money,Retrait,Android,17595,0,0,Normal
2198,CUST_217,2025-03-07 16:22:00,Kaolack,Wave,Paiement,iPhone,500,0,0,Normal
2199,CUST_340,2025-02-09 11:12:00,Kaolack,Wave,Retrait,iPhone,4843,0,0,Normal
2200,CUST_247,2025-05-19 10:37:00,Kaolack,Carte Bancaire,Paiement,Android,1179,0,0,Normal
2201,CUST_486,2025-05-28 08:25:00,Thiès,Carte Bancaire,Transfert,Android,26302,0,0,Normal
2202,CUST_44,2025-03-24 08:47:00,Kaolack,Free Money,Transfert,Android,43550,0,0,Normal
2203,CUST_566,2025-04-11 07:56:00,Saint-Louis,Orange Money,Paiement,Android,22109,0,0,Normal
2204,CUST_792,2025-06-26 19:58:00,Kaolack,Orange Money,Retrait,Android,2658,0,0,Normal
2205,CUST_868,2025-02-12 16:27:00,Saint-Louis,Orange Money,Paiement,Android,500,0,0,Normal
2206,CUST_897,2025-05-06 19:44:00,Thiès,Orange Money,Paiement,iPhone,61379,0,0,Normal
2207,CUST_81,2025-05-15 19:44:00,Thiès,Carte Bancaire,Paiement,Android,38145,0,0,Normal
2208,CUST_538,2025-05-05 10:13:00,Saint-Louis,Orange Money,Retrait,iPhone,31876,0,0,Normal
2209,CUST_218,2025-06-04 12:37:00,Ziguinchor,Free Money,Transfert,Android,21256,0,0,Normal
2210,CUST_342,2025-04-19 06:41:00,Ziguinchor,Free Money,Transfert,Android,7670,0,0,Normal
2211,CUST_455,2025-01-25 11:29:00,Thiès,Free Money,Transfert,Android,500,0,0,Normal
2212,CUST_28,2025-06-28 13:37:00,Ziguinchor,Carte Bancaire,Retrait,iPhone,19093,0,0,Normal
2213,CUST_661,2025-04-25 21:26:00,Ziguinchor,Orange Money,Paiement,iPhone,86808,0,0,Normal
2214,CUST_869,2025-04-30 17:12:00,Kaolack,Orange Money,Retrait,Android,16958,0,0,Normal
2215,CUST_410,2025-02-13 13:01:00,Saint-Louis,Orange Money,Retrait,Android,37256,0,0,Normal
2216,CUST_677,2025-02-04 10:48:00,Thiès,Wave,Transfert,Android,14738,0,0,Normal
2217,CUST_44,2025-01-07 12:02:00,Kaolack,Wave,Paiement,Android,500,0,0,Normal
2218,CUST_567,2025-03-03 10:34:00,Dakar,Orange Money,Retrait,Android,15465,0,0,Normal
2219,CUST_560,2025-06-14 19:18:00,Saint-Louis,Carte Bancaire,Transfert,iPhone,14536,0,0,Normal
2220,CUST_962,2025-03-21 06:35:00,Thiès,Orange Money,Retrait,Android,17905,0,0,Normal
2221,CUST_58,2025-02-28 10:53:00,Ziguinchor,Wave,Transfert,iPhone,37237,0,0,Normal
2222,CUST_45,2025-02-04 08:40:00,Saint-Louis,Wave,Transfert,iPhone,32010,0,0,Normal
2223,CUST_464,2025-06-27 06:03:00,Ziguinchor,Wave,Paiement,iPhone,32087,0,0,Normal
2224,CUST_106,2025-04-22 10:51:00,Saint-Louis,Free Money,Paiement,Android,82821,30,0,Normal
2225,CUST_132,2025-05-03 05:46:00,Saint-Louis,Orange Money,Paiement,Android,7973,0,0,Normal
2226,CUST_814,2025-04-20 04:20:00,Kaolack,Wave,Retrait,Android,15150,55,1,Transaction nocturne
2227,CUST_969,2025-01-25 14:28:00,Thiès,Carte Bancaire,Transfert,Android,47795,35,1,Comportement suspect
2228,CUST_177,2025-06-27 14:57:00,Kaolack,Orange Money,Paiement,iPhone,9582,0,0,Normal
2229,CUST_893,2025-02-06 07:12:00,Saint-Louis,Orange Money,Paiement,iPhone,57709,0,0,Normal
2230,CUST_265,2025-05-29 10:26:00,Kaolack,Free Money,Transfert,Android,24555,0,0,Normal
2231,CUST_365,2025-03-25 07:27:00,Saint-Louis,Carte Bancaire,Transfert,Android,19275,0,0,Normal
2232,CUST_995,2025-04-09 16:35:00,Thiès,Free Money,Paiement,iPhone,7865,35,1,Comportement suspect
2233,CUST_816,2025-01-21 17:18:00,Ziguinchor,Carte Bancaire,Retrait,iPhone,8643,0,0,Normal
2234,CUST_557,2025-02-28 06:40:00,Dakar,Orange Money,Transfert,iPhone,5548,0,0,Normal
2235,CUST_311,2025-06-17 16:53:00,Dakar,Free Money,Transfert,iPhone,17936,0,0,Normal
2236,CUST_735,2025-06-12 10:32:00,Saint-Louis,Carte Bancaire,Transfert,Android,13160,0,0,Normal
2237,CUST_625,2025-01-28 19:40:00,Saint-Louis,Orange Money,Transfert,iPhone,9954,0,0,Normal
2238,CUST_688,2025-06-12 16:55:00,Thiès,Carte Bancaire,Paiement,Android,31943,0,0,Normal
2239,CUST_629,2025-03-16 17:10:00,Saint-Louis,Wave,Paiement,iPhone,55387,0,0,Normal
2240,CUST_867,2025-03-26 10:17:00,Ziguinchor,Orange Money,Transfert,Android,18031,0,0,Normal
2241,CUST_585,2025-04-22 07:43:00,Saint-Louis,Wave,Retrait,Android,60677,0,0,Normal
2242,CUST_592,2025-05-04 21:41:00,Saint-Louis,Carte Bancaire,Retrait,iPhone,17353,35,1,Comportement suspect
2243,CUST_211,2025-06-05 09:26:00,Saint-Louis,Wave,Retrait,Android,40492,0,0,Normal
2244,CUST_946,2025-04-18 13:12:00,Dakar,Carte Bancaire,Paiement,iPhone,35096,0,0,Normal
2245,CUST_684,2025-04-20 08:11:00,Dakar,Free Money,Retrait,Android,25205,0,0,Normal
2246,CUST_174,2025-05-02 12:18:00,Kaolack,Carte Bancaire,Transfert,iPhone,53175,0,0,Normal
2247,CUST_164,2025-01-29 16:04:00,Dakar,Orange Money,Transfert,iPhone,20059,0,0,Normal
2248,CUST_222,2025-01-08 09:59:00,Dakar,Orange Money,Retrait,Android,6485,0,0,Normal
2249,CUST_877,2025-02-18 11:44:00,Dakar,Free Money,Paiement,iPhone,3444,0,0,Normal
2250,CUST_828,2025-02-28 09:41:00,Dakar,Orange Money,Paiement,iPhone,43641,0,0,Normal
2251,CUST_212,2025-05-20 14:30:00,Saint-Louis,Free Money,Paiement,Android,17090,0,0,Normal
2252,CUST_832,2025-06-29 10:47:00,Ziguinchor,Carte Bancaire,Retrait,Android,17797,0,0,Normal
2253,CUST_944,2025-02-15 15:44:00,Kaolack,Carte Bancaire,Retrait,Android,20003,0,0,Normal
2254,CUST_129,2025-01-03 15:12:00,Saint-Louis,Orange Money,Transfert,iPhone,17753,0,0,Normal
2255,CUST_584,2025-04-15 13:10:00,Dakar,Carte Bancaire,Paiement,Android,51623,0,0,Normal
2256,CUST_763,2025-03-15 07:23:00,Dakar,Wave,Paiement,iPhone,34237,0,0,Normal
2257,CUST_513,2025-04-22 15:57:00,Kaolack,Wave,Retrait,iPhone,12853,0,0,Normal
2258,CUST_295,2025-05-14 12:08:00,Kaolack,Orange Money,Transfert,Android,1183,0,0,Normal
2259,CUST_48,2025-02-23 12:02:00,Thiès,Free Money,Paiement,iPhone,500,0,0,Normal
2260,CUST_193,2025-05-06 11:45:00,Thiès,Free Money,Retrait,iPhone,54633,0,0,Normal
2261,CUST_769,2025-03-28 13:06:00,Ziguinchor,Wave,Paiement,iPhone,41710,0,0,Normal
2262,CUST_447,2025-01-01 06:17:00,Dakar,Free Money,Transfert,Android,14856,0,0,Normal
2263,CUST_706,2025-03-11 07:54:00,Dakar,Wave,Transfert,iPhone,7161,0,0,Normal
2264,CUST_261,2025-05-25 07:00:00,Kaolack,Carte Bancaire,Retrait,Android,40697,0,0,Normal
2265,CUST_525,2025-03-24 13:59:00,Kaolack,Carte Bancaire,Paiement,iPhone,20581,0,0,Normal
2266,CUST_54,2025-02-17 14:51:00,Thiès,Orange Money,Retrait,Android,17929,0,0,Normal
2267,CUST_200,2025-01-05 12:11:00,Ziguinchor,Orange Money,Transfert,Android,24797,30,0,Normal
2268,CUST_933,2025-02-12 15:10:00,Dakar,Carte Bancaire,Retrait,iPhone,64148,0,0,Normal
2269,CUST_699,2025-04-07 12:42:00,Dakar,Wave,Retrait,iPhone,17073,0,0,Normal
2270,CUST_70,2025-03-24 03:14:00,Saint-Louis,Carte Bancaire,Paiement,iPhone,34959,25,0,Normal
2271,CUST_809,2025-04-29 09:04:00,Thiès,Free Money,Paiement,iPhone,3443,0,0,Normal
2272,CUST_858,2025-03-13 17:06:00,Thiès,Wave,Transfert,Android,49316,0,0,Normal
2273,CUST_248,2025-04-11 08:52:00,Ziguinchor,Carte Bancaire,Retrait,Android,19178,0,0,Normal
2274,CUST_544,2025-05-22 15:11:00,Dakar,Carte Bancaire,Retrait,Android,29583,0,0,Normal
2275,CUST_302,2025-04-26 15:33:00,Saint-Louis,Free Money,Transfert,Android,29496,0,0,Normal
2276,CUST_444,2025-06-25 13:51:00,Saint-Louis,Free Money,Transfert,Android,32265,0,0,Normal
2277,CUST_813,2025-03-10 14:00:00,Dakar,Free Money,Paiement,iPhone,6851,0,0,Normal
2278,CUST_157,2025-04-23 06:19:00,Dakar,Orange Money,Retrait,Android,26995,0,0,Normal
2279,CUST_790,2025-03-24 19:19:00,Ziguinchor,Orange Money,Retrait,iPhone,17683,0,0,Normal
2280,CUST_652,2025-01-05 09:56:00,Thiès,Carte Bancaire,Transfert,Android,12461,0,0,Normal
2281,CUST_672,2025-06-15 09:38:00,Kaolack,Orange Money,Retrait,Android,2600,0,0,Normal
2282,CUST_18,2025-06-04 07:00:00,Dakar,Free Money,Retrait,iPhone,3271,0,0,Normal
2283,CUST_785,2025-02-04 12:57:00,Saint-Louis,Free Money,Transfert,Android,10091,0,0,Normal
2284,CUST_941,2025-01-25 11:18:00,Ziguinchor,Orange Money,Transfert,Android,48110,0,0,Normal
2285,CUST_989,2025-04-14 12:42:00,Thiès,Wave,Retrait,Android,74844,0,0,Normal
2286,CUST_133,2025-03-07 14:06:00,Kaolack,Carte Bancaire,Transfert,Android,32700,0,0,Normal
2287,CUST_847,2025-04-24 17:21:00,Dakar,Wave,Retrait,Android,25338,0,0,Normal
2288,CUST_596,2025-05-27 14:44:00,Ziguinchor,Wave,Paiement,iPhone,23072,0,0,Normal
2289,CUST_246,2025-05-02 11:35:00,Kaolack,Wave,Paiement,Android,52138,0,0,Normal
2290,CUST_624,2025-03-28 12:56:00,Kaolack,Wave,Retrait,Android,40726,0,0,Normal
2291,CUST_689,2025-04-29 21:01:00,Thiès,Carte Bancaire,Transfert,Android,12406,0,0,Normal
2292,CUST_575,2025-02-18 15:27:00,Thiès,Free Money,Transfert,iPhone,12552,0,0,Normal
2293,CUST_133,2025-01-08 18:15:00,Kaolack,Orange Money,Transfert,Android,75783,0,0,Normal
2294,CUST_847,2025-02-09 17:58:00,Dakar,Free Money,Retrait,iPhone,51321,30,0,Normal
2295,CUST_576,2025-01-02 15:05:00,Kaolack,Free Money,Retrait,iPhone,500,0,0,Normal
2296,CUST_416,2025-01-15 19:30:00,Thiès,Free Money,Paiement,iPhone,18518,0,0,Normal
2297,CUST_772,2025-03-27 13:35:00,Thiès,Wave,Retrait,iPhone,22847,0,0,Normal
2298,CUST_674,2025-02-11 21:29:00,Thiès,Carte Bancaire,Transfert,iPhone,6434,30,0,Normal
2299,CUST_73,2025-04-11 14:45:00,Ziguinchor,Wave,Transfert,iPhone,3797,0,0,Normal
2300,CUST_91,2025-03-26 20:05:00,Saint-Louis,Wave,Paiement,Android,10013,0,0,Normal
2301,CUST_722,2025-04-09 10:56:00,Dakar,Orange Money,Paiement,iPhone,25101,0,0,Normal
2302,CUST_226,2025-06-06 12:45:00,Ziguinchor,Orange Money,Paiement,iPhone,3096,0,0,Normal
2303,CUST_499,2025-04-21 09:47:00,Thiès,Orange Money,Transfert,Android,14923,0,0,Normal
2304,CUST_41,2025-04-27 10:57:00,Saint-Louis,Wave,Retrait,iPhone,24407,0,0,Normal
2305,CUST_769,2025-03-11 21:33:00,Ziguinchor,Carte Bancaire,Transfert,Android,31184,0,0,Normal
2306,CUST_495,2025-05-07 11:07:00,Saint-Louis,Orange Money,Paiement,Android,14876,0,0,Normal
2307,CUST_205,2025-04-10 19:39:00,Dakar,Carte Bancaire,Paiement,iPhone,57406,0,0,Normal
2308,CUST_92,2025-04-07 08:21:00,Saint-Louis,Free Money,Paiement,iPhone,5060,0,0,Normal
2309,CUST_680,2025-04-09 08:46:00,Saint-Louis,Free Money,Transfert,iPhone,15250,0,0,Normal
2310,CUST_786,2025-01-29 15:34:00,Dakar,Orange Money,Transfert,iPhone,9675,0,0,Normal
2311,CUST_303,2025-04-10 18:11:00,Ziguinchor,Wave,Transfert,iPhone,20826,0,0,Normal
2312,CUST_717,2025-06-13 23:24:00,Thiès,Carte Bancaire,Paiement,iPhone,31678,0,0,Normal
2313,CUST_415,2025-04-03 00:18:00,Saint-Louis,Orange Money,Transfert,iPhone,33661,0,0,Normal
2314,CUST_798,2025-03-05 15:57:00,Dakar,Wave,Paiement,iPhone,27307,0,0,Normal
2315,CUST_91,2025-03-29 16:14:00,Saint-Louis,Carte Bancaire,Paiement,iPhone,14791,0,0,Normal
2316,CUST_597,2025-01-19 07:35:00,Saint-Louis,Orange Money,Transfert,Android,34780,0,0,Normal
2317,CUST_47,2025-04-13 09:41:00,Kaolack,Free Money,Transfert,Android,15819,0,0,Normal
2318,CUST_504,2025-02-04 15:00:00,Saint-Louis,Carte Bancaire,Transfert,Android,38557,0,0,Normal
2319,CUST_83,2025-01-08 17:03:00,Dakar,Wave,Transfert,iPhone,31519,0,0,Normal
2320,CUST_433,2025-05-04 07:05:00,Ziguinchor,Carte Bancaire,Paiement,Android,13754,0,0,Normal
2321,CUST_255,2025-06-05 18:52:00,Thiès,Orange Money,Retrait,iPhone,47771,0,0,Normal
2322,CUST_788,2025-06-03 06:10:00,Saint-Louis,Carte Bancaire,Transfert,Android,13701,0,0,Normal
2323,CUST_628,2025-04-07 15:00:00,Dakar,Carte Bancaire,Paiement,Android,26383,0,0,Normal
2324,CUST_598,2025-04-28 14:35:00,Ziguinchor,Carte Bancaire,Paiement,Android,8877,0,0,Normal
2325,CUST_673,2025-06-01 18:34:00,Dakar,Wave,Transfert,Android,12445,0,0,Normal
2326,CUST_975,2025-05-23 15:54:00,Saint-Louis,Carte Bancaire,Transfert,Android,9098,0,0,Normal
2327,CUST_830,2025-05-21 08:47:00,Saint-Louis,Carte Bancaire,Retrait,Android,3145,0,0,Normal
2328,CUST_364,2025-05-28 06:18:00,Thiès,Free Money,Retrait,Android,10382,0,0,Normal
2329,CUST_832,2025-02-20 13:45:00,Ziguinchor,Carte Bancaire,Paiement,iPhone,4949,0,0,Normal
2330,CUST_688,2025-04-28 07:32:00,Thiès,Free Money,Transfert,iPhone,9986,0,0,Normal
2331,CUST_119,2025-06-27 09:36:00,Ziguinchor,Wave,Transfert,iPhone,65301,0,0,Normal
2332,CUST_131,2025-05-08 16:49:00,Kaolack,Orange Money,Paiement,iPhone,31427,0,0,Normal
2333,CUST_474,2025-06-19 18:14:00,Dakar,Carte Bancaire,Paiement,iPhone,3690,0,0,Normal
2334,CUST_971,2025-01-01 18:53:00,Dakar,Carte Bancaire,Retrait,iPhone,24899,0,0,Normal
2335,CUST_938,2025-05-02 18:45:00,Kaolack,Carte Bancaire,Transfert,iPhone,27154,0,0,Normal
2336,CUST_446,2025-02-04 04:51:00,Thiès,Orange Money,Transfert,Android,500,25,0,Normal
2337,CUST_19,2025-06-03 05:06:00,Thiès,Carte Bancaire,Transfert,iPhone,50890,0,0,Normal
2338,CUST_425,2025-02-16 08:32:00,Ziguinchor,Free Money,Paiement,iPhone,17565,0,0,Normal
2339,CUST_375,2025-04-01 14:01:00,Kaolack,Carte Bancaire,Retrait,Android,54762,0,0,Normal
2340,CUST_850,2025-05-30 12:29:00,Dakar,Orange Money,Retrait,Android,21317,0,0,Normal
2341,CUST_64,2025-05-03 17:44:00,Dakar,Orange Money,Retrait,Android,6083,0,0,Normal
2342,CUST_797,2025-04-26 08:49:00,Thiès,Carte Bancaire,Transfert,Android,18506,0,0,Normal
2343,CUST_748,2025-03-05 18:29:00,Kaolack,Orange Money,Paiement,iPhone,55566,0,0,Normal
2344,CUST_927,2025-02-20 04:11:00,Dakar,Orange Money,Retrait,iPhone,17991,25,0,Normal
2345,CUST_278,2025-05-20 08:27:00,Dakar,Free Money,Retrait,iPhone,76863,0,0,Normal
2346,CUST_372,2025-05-14 18:56:00,Dakar,Orange Money,Transfert,iPhone,10406,0,0,Normal
2347,CUST_118,2025-01-11 02:20:00,Thiès,Free Money,Retrait,Android,9124,25,0,Normal
2348,CUST_986,2025-05-17 09:27:00,Kaolack,Free Money,Paiement,Android,13526,0,0,Normal
2349,CUST_704,2025-03-26 13:46:00,Dakar,Wave,Paiement,Android,32681,0,0,Normal
2350,CUST_898,2025-05-10 18:58:00,Ziguinchor,Wave,Retrait,iPhone,15613,35,1,Comportement suspect
2351,CUST_346,2025-01-03 08:28:00,Thiès,Wave,Transfert,iPhone,5308,0,0,Normal
2352,CUST_242,2025-03-30 07:31:00,Ziguinchor,Free Money,Retrait,iPhone,10770,35,1,Comportement suspect
2353,CUST_749,2025-02-02 09:44:00,Thiès,Orange Money,Retrait,iPhone,6324,0,0,Normal
2354,CUST_166,2025-03-26 08:45:00,Thiès,Orange Money,Paiement,iPhone,12648,0,0,Normal
2355,CUST_819,2025-01-07 10:01:00,Ziguinchor,Wave,Paiement,Android,22668,0,0,Normal
2356,CUST_445,2025-06-13 07:42:00,Saint-Louis,Carte Bancaire,Transfert,iPhone,16863,0,0,Normal
2357,CUST_828,2025-03-06 01:36:00,Dakar,Wave,Retrait,iPhone,42658,25,0,Normal
2358,CUST_280,2025-04-23 13:11:00,Thiès,Orange Money,Retrait,iPhone,34582,0,0,Normal
2359,CUST_731,2025-01-11 11:53:00,Ziguinchor,Wave,Paiement,iPhone,10460,0,0,Normal
2360,CUST_15,2025-03-28 10:32:00,Saint-Louis,Wave,Transfert,iPhone,35641,0,0,Normal
2361,CUST_213,2025-03-07 19:56:00,Ziguinchor,Carte Bancaire,Retrait,iPhone,43779,0,0,Normal
2362,CUST_891,2025-06-20 15:23:00,Dakar,Carte Bancaire,Paiement,iPhone,17709,0,0,Normal
2363,CUST_381,2025-01-20 22:03:00,Ziguinchor,Wave,Retrait,iPhone,10842,0,0,Normal
2364,CUST_186,2025-01-23 20:24:00,Kaolack,Free Money,Retrait,iPhone,39014,0,0,Normal
2365,CUST_642,2025-05-20 11:30:00,Kaolack,Free Money,Transfert,Android,10480,0,0,Normal
2366,CUST_975,2025-05-19 01:41:00,Saint-Louis,Wave,Transfert,iPhone,18354,55,1,Transaction nocturne
2367,CUST_294,2025-06-16 12:30:00,Thiès,Free Money,Retrait,Android,29094,0,0,Normal
2368,CUST_903,2025-01-25 07:19:00,Ziguinchor,Free Money,Transfert,Android,15722,30,0,Normal
2369,CUST_145,2025-01-12 13:55:00,Dakar,Free Money,Transfert,Android,10618,0,0,Normal
2370,CUST_593,2025-05-14 02:51:00,Ziguinchor,Orange Money,Paiement,iPhone,5860,25,0,Normal
2371,CUST_994,2025-01-02 12:54:00,Thiès,Free Money,Paiement,iPhone,12821,0,0,Normal
2372,CUST_29,2025-02-26 14:06:00,Saint-Louis,Free Money,Transfert,iPhone,45748,0,0,Normal
2373,CUST_919,2025-01-19 23:37:00,Saint-Louis,Carte Bancaire,Transfert,Android,7862,0,0,Normal
2374,CUST_635,2025-02-13 15:30:00,Ziguinchor,Carte Bancaire,Paiement,iPhone,12693,0,0,Normal
2375,CUST_956,2025-04-08 14:52:00,Saint-Louis,Orange Money,Paiement,Android,51154,0,0,Normal
2376,CUST_48,2025-01-23 03:12:00,Thiès,Wave,Retrait,iPhone,4173,55,1,Transaction nocturne
2377,CUST_268,2025-05-04 08:40:00,Thiès,Orange Money,Retrait,iPhone,23420,0,0,Normal
2378,CUST_246,2025-05-09 09:44:00,Kaolack,Wave,Retrait,iPhone,81603,0,0,Normal
2379,CUST_625,2025-04-20 10:52:00,Saint-Louis,Free Money,Retrait,Android,5353,0,0,Normal
2380,CUST_707,2025-02-02 06:25:00,Dakar,Wave,Paiement,iPhone,16508,0,0,Normal
2381,CUST_248,2025-03-10 12:50:00,Ziguinchor,Wave,Transfert,Android,18204,0,0,Normal
2382,CUST_723,2025-05-03 16:04:00,Kaolack,Orange Money,Paiement,Android,27023,0,0,Normal
2383,CUST_729,2025-06-12 21:51:00,Kaolack,Carte Bancaire,Transfert,iPhone,41676,0,0,Normal
2384,CUST_964,2025-02-17 13:06:00,Saint-Louis,Orange Money,Paiement,iPhone,15381,30,0,Normal
2385,CUST_790,2025-05-11 06:17:00,Ziguinchor,Wave,Paiement,Android,4905,0,0,Normal
2386,CUST_67,2025-03-29 08:26:00,Thiès,Carte Bancaire,Transfert,iPhone,13721,0,0,Normal
2387,CUST_465,2025-02-19 13:26:00,Saint-Louis,Wave,Retrait,Android,18245,0,0,Normal
2388,CUST_849,2025-02-02 17:53:00,Ziguinchor,Orange Money,Transfert,iPhone,36312,0,0,Normal
2389,CUST_25,2025-04-17 09:54:00,Kaolack,Carte Bancaire,Retrait,iPhone,10327,0,0,Normal
2390,CUST_123,2025-06-08 14:30:00,Dakar,Wave,Retrait,iPhone,34402,0,0,Normal
2391,CUST_865,2025-02-10 04:19:00,Ziguinchor,Orange Money,Transfert,Android,5319,55,1,Transaction nocturne
2392,CUST_423,2025-05-28 08:46:00,Kaolack,Orange Money,Retrait,iPhone,46312,0,0,Normal
2393,CUST_962,2025-01-13 11:12:00,Thiès,Free Money,Retrait,Android,42946,0,0,Normal
2394,CUST_458,2025-03-29 15:14:00,Dakar,Orange Money,Retrait,iPhone,45706,0,0,Normal
2395,CUST_856,2025-04-22 17:48:00,Ziguinchor,Wave,Transfert,Android,16506,0,0,Normal
2396,CUST_912,2025-03-16 15:27:00,Dakar,Free Money,Retrait,iPhone,58559,0,0,Normal
2397,CUST_771,2025-02-15 12:57:00,Thiès,Free Money,Retrait,Android,14171,0,0,Normal
2398,CUST_936,2025-06-24 05:09:00,Kaolack,Orange Money,Paiement,Android,11498,0,0,Normal
2399,CUST_122,2025-05-06 05:25:00,Ziguinchor,Wave,Paiement,iPhone,18876,0,0,Normal
2400,CUST_909,2025-06-27 17:52:00,Kaolack,Carte Bancaire,Paiement,Android,23806,0,0,Normal
2401,CUST_982,2025-01-28 09:29:00,Saint-Louis,Carte Bancaire,Paiement,Android,32274,0,0,Normal
2402,CUST_266,2025-01-29 17:13:00,Saint-Louis,Carte Bancaire,Retrait,iPhone,78403,0,0,Normal
2403,CUST_861,2025-04-27 12:38:00,Ziguinchor,Wave,Retrait,iPhone,82550,0,0,Normal
2404,CUST_392,2025-04-25 14:33:00,Dakar,Orange Money,Retrait,Android,61636,0,0,Normal
2405,CUST_720,2025-06-15 13:20:00,Ziguinchor,Orange Money,Transfert,iPhone,7269,30,0,Normal
2406,CUST_522,2025-06-19 07:21:00,Dakar,Orange Money,Paiement,Android,34350,0,0,Normal
2407,CUST_480,2025-05-16 14:32:00,Ziguinchor,Carte Bancaire,Retrait,Android,18160,0,0,Normal
2408,CUST_895,2025-02-08 07:12:00,Kaolack,Orange Money,Paiement,iPhone,21447,0,0,Normal
2409,CUST_604,2025-03-01 10:04:00,Kaolack,Free Money,Retrait,Android,9543,0,0,Normal
2410,CUST_796,2025-04-21 01:44:00,Dakar,Orange Money,Transfert,Android,17085,25,0,Normal
2411,CUST_523,2025-06-21 13:23:00,Kaolack,Wave,Retrait,iPhone,40922,0,0,Normal
2412,CUST_352,2025-04-03 18:09:00,Ziguinchor,Wave,Retrait,Android,13652,0,0,Normal
2413,CUST_692,2025-01-09 17:56:00,Ziguinchor,Free Money,Paiement,iPhone,15750,0,0,Normal
2414,CUST_794,2025-01-28 08:54:00,Ziguinchor,Wave,Retrait,Android,27954,35,1,Comportement suspect
2415,CUST_150,2025-05-25 18:05:00,Dakar,Wave,Retrait,Android,40322,0,0,Normal
2416,CUST_672,2025-05-21 12:10:00,Kaolack,Carte Bancaire,Retrait,iPhone,16749,0,0,Normal
2417,CUST_735,2025-04-03 09:56:00,Saint-Louis,Wave,Paiement,iPhone,56933,0,0,Normal
2418,CUST_188,2025-02-27 17:00:00,Thiès,Wave,Paiement,Android,35241,30,0,Normal
2419,CUST_189,2025-06-27 11:19:00,Thiès,Carte Bancaire,Retrait,Android,35539,0,0,Normal
2420,CUST_793,2025-05-15 10:33:00,Kaolack,Orange Money,Paiement,iPhone,24001,0,0,Normal
2421,CUST_34,2025-01-15 11:04:00,Thiès,Orange Money,Paiement,Android,10943,0,0,Normal
2422,CUST_548,2025-01-24 07:35:00,Saint-Louis,Wave,Transfert,iPhone,22095,0,0,Normal
2423,CUST_772,2025-03-22 14:12:00,Thiès,Carte Bancaire,Retrait,Android,31499,0,0,Normal
2424,CUST_913,2025-02-27 06:30:00,Kaolack,Wave,Paiement,Android,7736,0,0,Normal
2425,CUST_592,2025-01-15 17:51:00,Kaolack,Wave,Retrait,Android,11391,0,0,Normal
2426,CUST_685,2025-04-06 17:41:00,Dakar,Orange Money,Paiement,Android,13681,0,0,Normal
2427,CUST_400,2025-04-30 17:45:00,Ziguinchor,Wave,Retrait,Android,17444,0,0,Normal
2428,CUST_261,2025-01-28 15:42:00,Kaolack,Wave,Retrait,Android,11621,0,0,Normal
2429,CUST_143,2025-02-26 14:28:00,Ziguinchor,Orange Money,Transfert,iPhone,29799,0,0,Normal
2430,CUST_396,2025-03-18 14:27:00,Thiès,Orange Money,Transfert,iPhone,30539,0,0,Normal
2431,CUST_169,2025-06-26 13:35:00,Thiès,Free Money,Retrait,iPhone,77178,0,0,Normal
2432,CUST_202,2025-04-18 11:37:00,Saint-Louis,Orange Money,Paiement,iPhone,16704,0,0,Normal
2433,CUST_462,2025-03-17 06:39:00,Dakar,Carte Bancaire,Paiement,iPhone,11901,0,0,Normal
2434,CUST_696,2025-03-25 15:41:00,Thiès,Orange Money,Paiement,iPhone,7460,0,0,Normal
2435,CUST_919,2025-03-04 07:04:00,Saint-Louis,Wave,Transfert,iPhone,9806,0,0,Normal
2436,CUST_574,2025-05-25 08:06:00,Saint-Louis,Carte Bancaire,Transfert,Android,27859,0,0,Normal
2437,CUST_622,2025-04-22 07:51:00,Kaolack,Orange Money,Transfert,Android,30831,0,0,Normal
2438,CUST_757,2025-03-04 10:09:00,Thiès,Orange Money,Transfert,Android,26513,0,0,Normal
2439,CUST_817,2025-03-05 12:33:00,Kaolack,Wave,Transfert,Android,23095,0,0,Normal
2440,CUST_263,2025-05-17 11:01:00,Dakar,Carte Bancaire,Paiement,Android,61032,0,0,Normal
2441,CUST_635,2025-01-20 07:16:00,Ziguinchor,Orange Money,Transfert,iPhone,48123,0,0,Normal
2442,CUST_298,2025-01-17 07:51:00,Saint-Louis,Carte Bancaire,Retrait,iPhone,29388,0,0,Normal
2443,CUST_599,2025-03-05 12:04:00,Thiès,Wave,Paiement,Android,29710,0,0,Normal
2444,CUST_331,2025-04-25 11:56:00,Kaolack,Free Money,Retrait,iPhone,1178,0,0,Normal
2445,CUST_422,2025-02-16 12:27:00,Thiès,Wave,Transfert,Android,13173,0,0,Normal
2446,CUST_912,2025-01-02 12:00:00,Dakar,Free Money,Paiement,iPhone,74703,0,0,Normal
2447,CUST_971,2025-03-22 14:14:00,Dakar,Wave,Retrait,iPhone,44239,0,0,Normal
2448,CUST_848,2025-06-27 13:31:00,Ziguinchor,Carte Bancaire,Transfert,iPhone,17765,0,0,Normal
2449,CUST_178,2025-03-29 07:19:00,Kaolack,Free Money,Transfert,iPhone,11791,0,0,Normal
2450,CUST_876,2025-02-26 05:56:00,Kaolack,Wave,Retrait,Android,27254,0,0,Normal
2451,CUST_903,2025-06-25 01:30:00,Ziguinchor,Carte Bancaire,Retrait,Android,9281,25,0,Normal
2452,CUST_514,2025-04-28 02:49:00,Saint-Louis,Free Money,Transfert,iPhone,29369,25,0,Normal
2453,CUST_106,2025-04-19 15:36:00,Saint-Louis,Orange Money,Transfert,iPhone,500,0,0,Normal
2454,CUST_513,2025-01-24 03:06:00,Kaolack,Free Money,Retrait,iPhone,11465,25,0,Normal
2455,CUST_605,2025-04-23 10:41:00,Ziguinchor,Wave,Paiement,iPhone,15811,35,1,Comportement suspect
2456,CUST_699,2025-04-15 15:25:00,Dakar,Carte Bancaire,Paiement,iPhone,18357,0,0,Normal
2457,CUST_285,2025-04-21 08:18:00,Thiès,Free Money,Retrait,Android,34357,0,0,Normal
2458,CUST_769,2025-06-25 23:09:00,Ziguinchor,Carte Bancaire,Retrait,Android,19548,0,0,Normal
2459,CUST_966,2025-01-11 15:55:00,Dakar,Wave,Transfert,Android,13569,0,0,Normal
2460,CUST_421,2025-01-31 19:38:00,Dakar,Carte Bancaire,Retrait,Android,2972,0,0,Normal
2461,CUST_449,2025-06-17 07:31:00,Thiès,Wave,Transfert,iPhone,7755,0,0,Normal
2462,CUST_246,2025-06-22 09:54:00,Kaolack,Free Money,Retrait,iPhone,82746,0,0,Normal
2463,CUST_327,2025-03-09 11:30:00,Dakar,Wave,Transfert,iPhone,8593,0,0,Normal
2464,CUST_56,2025-02-26 14:56:00,Kaolack,Wave,Paiement,Android,500,0,0,Normal
2465,CUST_125,2025-06-03 13:09:00,Kaolack,Free Money,Transfert,Android,6474,0,0,Normal
2466,CUST_133,2025-01-30 19:12:00,Kaolack,Orange Money,Retrait,iPhone,65733,0,0,Normal
2467,CUST_849,2025-06-25 14:22:00,Ziguinchor,Wave,Paiement,iPhone,79866,0,0,Normal
2468,CUST_842,2025-03-19 13:43:00,Saint-Louis,Orange Money,Paiement,Android,2638,0,0,Normal
2469,CUST_609,2025-03-10 11:48:00,Kaolack,Free Money,Transfert,iPhone,33384,0,0,Normal
2470,CUST_554,2025-06-13 12:51:00,Dakar,Free Money,Retrait,iPhone,60527,0,0,Normal
2471,CUST_334,2025-03-21 14:04:00,Kaolack,Wave,Transfert,Android,9665,0,0,Normal
2472,CUST_726,2025-05-21 21:47:00,Thiès,Wave,Retrait,iPhone,40255,0,0,Normal
2473,CUST_930,2025-02-10 13:04:00,Saint-Louis,Orange Money,Retrait,Android,20327,0,0,Normal
2474,CUST_170,2025-05-27 22:29:00,Saint-Louis,Orange Money,Retrait,Android,5375,0,0,Normal
2475,CUST_190,2025-04-10 08:43:00,Dakar,Orange Money,Paiement,Android,17002,0,0,Normal
2476,CUST_60,2025-02-16 11:00:00,Thiès,Wave,Retrait,Android,5017,0,0,Normal
2477,CUST_628,2025-05-12 13:06:00,Dakar,Carte Bancaire,Retrait,iPhone,32560,0,0,Normal
2478,CUST_427,2025-05-27 17:49:00,Kaolack,Wave,Paiement,iPhone,70944,0,0,Normal
2479,CUST_241,2025-02-09 15:02:00,Thiès,Wave,Paiement,iPhone,10098,0,0,Normal
2480,CUST_125,2025-01-02 15:25:00,Kaolack,Orange Money,Transfert,iPhone,42115,0,0,Normal
2481,CUST_696,2025-01-27 14:56:00,Saint-Louis,Carte Bancaire,Retrait,iPhone,893,35,1,Comportement suspect
2482,CUST_352,2025-05-12 08:32:00,Ziguinchor,Wave,Transfert,Android,7480,0,0,Normal
2483,CUST_700,2025-01-09 09:25:00,Saint-Louis,Wave,Transfert,Android,3606,0,0,Normal
2484,CUST_764,2025-04-03 21:19:00,Dakar,Wave,Transfert,Android,16768,0,0,Normal
2485,CUST_967,2025-01-28 11:21:00,Ziguinchor,Carte Bancaire,Retrait,iPhone,18063,0,0,Normal
2486,CUST_258,2025-02-17 04:34:00,Ziguinchor,Free Money,Paiement,Android,50543,25,0,Normal
2487,CUST_31,2025-04-20 00:09:00,Kaolack,Carte Bancaire,Transfert,iPhone,19924,0,0,Normal
2488,CUST_883,2025-05-24 17:32:00,Kaolack,Carte Bancaire,Transfert,Android,31995,0,0,Normal
2489,CUST_974,2025-06-13 14:49:00,Dakar,Carte Bancaire,Transfert,Android,32303,0,0,Normal
2490,CUST_437,2025-01-02 18:34:00,Saint-Louis,Orange Money,Retrait,iPhone,11949,30,0,Normal
2491,CUST_474,2025-04-23 12:53:00,Dakar,Carte Bancaire,Retrait,iPhone,4523,0,0,Normal
2492,CUST_398,2025-03-30 14:08:00,Dakar,Wave,Paiement,iPhone,11493,0,0,Normal
2493,CUST_611,2025-06-15 09:40:00,Kaolack,Wave,Retrait,iPhone,42219,0,0,Normal
2494,CUST_284,2025-05-12 15:38:00,Saint-Louis,Free Money,Paiement,Android,8836,0,0,Normal
2495,CUST_719,2025-03-05 11:53:00,Dakar,Carte Bancaire,Paiement,Android,18565,30,0,Normal
2496,CUST_188,2025-04-12 01:45:00,Thiès,Free Money,Retrait,iPhone,21526,25,0,Normal
2497,CUST_202,2025-06-27 13:12:00,Saint-Louis,Free Money,Paiement,Android,7969,0,0,Normal
2498,CUST_777,2025-05-09 16:08:00,Kaolack,Wave,Transfert,Android,11132,0,0,Normal
2499,CUST_993,2025-01-07 12:30:00,Thiès,Wave,Paiement,Android,48399,0,0,Normal
2500,CUST_410,2025-02-05 15:15:00,Saint-Louis,Carte Bancaire,Retrait,Android,81357,0,0,Normal
2501,CUST_859,2025-01-29 09:28:00,Ziguinchor,Orange Money,Paiement,Android,31071,0,0,Normal
2502,CUST_425,2025-04-02 17:26:00,Ziguinchor,Carte Bancaire,Paiement,Android,24425,0,0,Normal
2503,CUST_454,2025-03-19 16:09:00,Dakar,Free Money,Paiement,Android,20140,0,0,Normal
2504,CUST_665,2025-04-30 02:43:00,Kaolack,Orange Money,Paiement,Android,19658,25,0,Normal
2505,CUST_770,2025-02-23 13:37:00,Dakar,Carte Bancaire,Retrait,Android,27223,0,0,Normal
2506,CUST_528,2025-01-26 05:25:00,Dakar,Free Money,Transfert,iPhone,22439,0,0,Normal
2507,CUST_536,2025-03-23 19:01:00,Ziguinchor,Orange Money,Transfert,Android,33377,0,0,Normal
2508,CUST_175,2025-03-21 13:02:00,Kaolack,Carte Bancaire,Paiement,iPhone,23096,0,0,Normal
2509,CUST_793,2025-05-09 04:58:00,Saint-Louis,Carte Bancaire,Transfert,iPhone,16639,60,1,Transaction nocturne
2510,CUST_582,2025-05-18 11:44:00,Dakar,Free Money,Transfert,Android,11045,0,0,Normal
2511,CUST_582,2025-02-04 15:55:00,Dakar,Carte Bancaire,Retrait,Android,21069,0,0,Normal
2512,CUST_531,2025-02-04 16:51:00,Thiès,Orange Money,Retrait,iPhone,12837,0,0,Normal
2513,CUST_721,2025-06-21 01:23:00,Kaolack,Wave,Retrait,iPhone,4211,25,0,Normal
2514,CUST_834,2025-06-13 10:24:00,Ziguinchor,Free Money,Retrait,Android,16500,0,0,Normal
2515,CUST_137,2025-06-01 14:08:00,Thiès,Carte Bancaire,Retrait,iPhone,27032,0,0,Normal
2516,CUST_551,2025-06-30 21:05:00,Kaolack,Orange Money,Retrait,Android,10740,0,0,Normal
2517,CUST_609,2025-04-09 10:07:00,Kaolack,Carte Bancaire,Paiement,iPhone,500,0,0,Normal
2518,CUST_863,2025-06-14 15:24:00,Dakar,Free Money,Paiement,Android,8276,0,0,Normal
2519,CUST_212,2025-02-14 08:28:00,Saint-Louis,Orange Money,Transfert,Android,11378,0,0,Normal
2520,CUST_949,2025-01-15 18:16:00,Thiès,Carte Bancaire,Transfert,Android,16954,0,0,Normal
2521,CUST_432,2025-05-14 12:06:00,Ziguinchor,Free Money,Retrait,Android,25811,0,0,Normal
2522,CUST_824,2025-04-10 21:10:00,Kaolack,Wave,Paiement,iPhone,72108,0,0,Normal
2523,CUST_355,2025-06-27 07:16:00,Dakar,Orange Money,Retrait,Android,35227,0,0,Normal
2524,CUST_121,2025-01-01 01:24:00,Dakar,Carte Bancaire,Retrait,iPhone,500,55,1,Transaction nocturne
2525,CUST_179,2025-05-03 14:13:00,Dakar,Orange Money,Retrait,iPhone,22102,0,0,Normal
2526,CUST_580,2025-06-20 11:01:00,Saint-Louis,Free Money,Retrait,Android,3417,0,0,Normal
2527,CUST_354,2025-05-23 12:06:00,Saint-Louis,Carte Bancaire,Retrait,iPhone,3625,0,0,Normal
2528,CUST_383,2025-03-16 02:04:00,Dakar,Wave,Retrait,iPhone,7312,55,1,Transaction nocturne
2529,CUST_342,2025-06-28 11:19:00,Ziguinchor,Free Money,Transfert,Android,2776,0,0,Normal
2530,CUST_871,2025-05-05 17:55:00,Ziguinchor,Wave,Paiement,Android,41593,0,0,Normal
2531,CUST_567,2025-03-06 12:02:00,Dakar,Wave,Paiement,Android,500,0,0,Normal
2532,CUST_566,2025-02-18 13:47:00,Saint-Louis,Orange Money,Retrait,Android,63161,0,0,Normal
2533,CUST_244,2025-06-08 12:34:00,Saint-Louis,Orange Money,Retrait,iPhone,10502,0,0,Normal
2534,CUST_633,2025-02-10 11:36:00,Saint-Louis,Wave,Paiement,iPhone,14252,0,0,Normal
2535,CUST_514,2025-03-28 15:19:00,Saint-Louis,Wave,Transfert,iPhone,68101,0,0,Normal
2536,CUST_539,2025-04-27 14:15:00,Ziguinchor,Orange Money,Retrait,Android,4887,30,0,Normal
2537,CUST_446,2025-01-09 07:10:00,Thiès,Free Money,Transfert,Android,14418,0,0,Normal
2538,CUST_633,2025-04-11 16:14:00,Saint-Louis,Wave,Paiement,Android,16890,0,0,Normal
2539,CUST_897,2025-04-15 08:42:00,Thiès,Orange Money,Transfert,iPhone,9233,0,0,Normal
2540,CUST_920,2025-03-16 11:05:00,Kaolack,Wave,Retrait,iPhone,7004,0,0,Normal
2541,CUST_716,2025-03-27 12:41:00,Kaolack,Wave,Transfert,Android,22252,0,0,Normal
2542,CUST_221,2025-05-30 16:59:00,Kaolack,Orange Money,Retrait,iPhone,21565,0,0,Normal
2543,CUST_813,2025-04-11 11:20:00,Dakar,Free Money,Paiement,Android,4653,30,0,Normal
2544,CUST_470,2025-04-29 10:55:00,Thiès,Free Money,Paiement,Android,40915,0,0,Normal
2545,CUST_998,2025-02-13 16:52:00,Kaolack,Free Money,Retrait,Android,55420,0,0,Normal
2546,CUST_750,2025-04-23 13:11:00,Ziguinchor,Orange Money,Paiement,Android,1549,30,0,Normal
2547,CUST_804,2025-06-20 12:50:00,Thiès,Free Money,Paiement,iPhone,27177,0,0,Normal
2548,CUST_140,2025-02-27 06:26:00,Ziguinchor,Carte Bancaire,Transfert,Android,6817,0,0,Normal
2549,CUST_184,2025-03-18 13:14:00,Saint-Louis,Free Money,Paiement,Android,16115,0,0,Normal
2550,CUST_351,2025-05-27 06:10:00,Kaolack,Wave,Transfert,Android,31220,0,0,Normal
2551,CUST_873,2025-02-08 18:33:00,Ziguinchor,Orange Money,Paiement,Android,58063,0,0,Normal
2552,CUST_340,2025-05-19 05:04:00,Kaolack,Free Money,Transfert,iPhone,33518,0,0,Normal
2553,CUST_190,2025-03-19 17:30:00,Dakar,Wave,Transfert,iPhone,14826,0,0,Normal
2554,CUST_808,2025-01-25 03:15:00,Dakar,Wave,Retrait,Android,15831,25,0,Normal
2555,CUST_838,2025-03-14 17:55:00,Thiès,Orange Money,Transfert,Android,45319,0,0,Normal
2556,CUST_702,2025-02-03 02:00:00,Ziguinchor,Wave,Transfert,iPhone,20754,25,0,Normal
2557,CUST_180,2025-03-01 09:50:00,Dakar,Carte Bancaire,Transfert,Android,56539,0,0,Normal
2558,CUST_918,2025-01-09 13:05:00,Saint-Louis,Carte Bancaire,Retrait,iPhone,34683,0,0,Normal
2559,CUST_183,2025-04-27 12:07:00,Thiès,Free Money,Transfert,iPhone,46517,0,0,Normal
2560,CUST_284,2025-03-06 11:52:00,Saint-Louis,Free Money,Paiement,Android,1467,0,0,Normal
2561,CUST_413,2025-03-09 14:04:00,Kaolack,Wave,Transfert,Android,13037,0,0,Normal
2562,CUST_799,2025-06-25 10:24:00,Kaolack,Free Money,Transfert,iPhone,17499,0,0,Normal
2563,CUST_569,2025-05-23 07:25:00,Saint-Louis,Orange Money,Paiement,iPhone,8326,0,0,Normal
2564,CUST_697,2025-03-21 07:21:00,Thiès,Carte Bancaire,Retrait,Android,19260,0,0,Normal
2565,CUST_115,2025-03-09 23:40:00,Saint-Louis,Orange Money,Paiement,iPhone,15863,0,0,Normal
2566,CUST_59,2025-01-20 20:32:00,Thiès,Orange Money,Transfert,iPhone,9641,0,0,Normal
2567,CUST_293,2025-04-09 02:36:00,Thiès,Orange Money,Transfert,Android,42828,25,0,Normal
2568,CUST_181,2025-05-09 14:25:00,Ziguinchor,Wave,Paiement,iPhone,33690,0,0,Normal
2569,CUST_629,2025-06-01 19:29:00,Saint-Louis,Free Money,Retrait,Android,47329,0,0,Normal
2570,CUST_459,2025-06-26 09:07:00,Ziguinchor,Free Money,Transfert,iPhone,71600,0,0,Normal
2571,CUST_907,2025-03-13 06:54:00,Ziguinchor,Wave,Transfert,Android,24253,0,0,Normal
2572,CUST_841,2025-01-24 08:35:00,Thiès,Wave,Transfert,Android,12023,0,0,Normal
2573,CUST_49,2025-05-11 07:26:00,Kaolack,Carte Bancaire,Retrait,Android,3453,0,0,Normal
2574,CUST_112,2025-05-06 11:09:00,Thiès,Carte Bancaire,Paiement,iPhone,30576,0,0,Normal
2575,CUST_244,2025-01-06 14:06:00,Saint-Louis,Orange Money,Transfert,iPhone,6107,0,0,Normal
2576,CUST_916,2025-01-21 09:13:00,Ziguinchor,Carte Bancaire,Paiement,iPhone,12944,0,0,Normal
2577,CUST_931,2025-03-13 12:43:00,Dakar,Wave,Paiement,iPhone,24454,0,0,Normal
2578,CUST_614,2025-01-12 08:42:00,Saint-Louis,Carte Bancaire,Transfert,iPhone,6220,0,0,Normal
2579,CUST_737,2025-05-03 13:49:00,Dakar,Wave,Retrait,iPhone,30453,0,0,Normal
2580,CUST_727,2025-03-28 04:39:00,Saint-Louis,Carte Bancaire,Paiement,Android,30122,25,0,Normal
2581,CUST_760,2025-06-22 10:52:00,Saint-Louis,Wave,Paiement,iPhone,61371,0,0,Normal
2582,CUST_398,2025-04-26 17:51:00,Dakar,Free Money,Paiement,Android,10919,0,0,Normal
2583,CUST_100,2025-02-21 08:27:00,Dakar,Free Money,Retrait,Android,8281,0,0,Normal
2584,CUST_567,2025-02-17 21:42:00,Dakar,Wave,Paiement,Android,43760,0,0,Normal
2585,CUST_686,2025-01-14 06:38:00,Kaolack,Free Money,Paiement,Android,21858,0,0,Normal
2586,CUST_628,2025-06-02 14:26:00,Dakar,Carte Bancaire,Retrait,Android,20688,0,0,Normal
2587,CUST_73,2025-06-08 05:15:00,Ziguinchor,Wave,Retrait,Android,3683,0,0,Normal
2588,CUST_585,2025-04-27 18:12:00,Saint-Louis,Free Money,Retrait,Android,85812,0,0,Normal
2589,CUST_905,2025-02-07 07:14:00,Thiès,Free Money,Paiement,iPhone,39683,0,0,Normal
2590,CUST_763,2025-03-19 14:06:00,Dakar,Free Money,Retrait,iPhone,22144,0,0,Normal
2591,CUST_193,2025-03-17 16:51:00,Thiès,Orange Money,Transfert,iPhone,73714,0,0,Normal
2592,CUST_209,2025-04-16 08:29:00,Saint-Louis,Orange Money,Paiement,Android,26299,0,0,Normal
2593,CUST_427,2025-03-03 18:14:00,Kaolack,Wave,Transfert,Android,44871,0,0,Normal
2594,CUST_882,2025-01-11 09:13:00,Thiès,Carte Bancaire,Paiement,iPhone,8299,0,0,Normal
2595,CUST_855,2025-06-01 10:17:00,Dakar,Carte Bancaire,Transfert,iPhone,26752,0,0,Normal
2596,CUST_693,2025-02-01 11:47:00,Saint-Louis,Free Money,Transfert,Android,10045,0,0,Normal
2597,CUST_696,2025-06-02 23:07:00,Thiès,Orange Money,Transfert,Android,8592,0,0,Normal
2598,CUST_658,2025-04-06 23:56:00,Kaolack,Free Money,Transfert,Android,19632,0,0,Normal
2599,CUST_571,2025-04-22 11:15:00,Kaolack,Free Money,Transfert,Android,17017,0,0,Normal
2600,CUST_752,2025-06-11 16:30:00,Saint-Louis,Free Money,Transfert,iPhone,16256,0,0,Normal
2601,CUST_265,2025-05-07 09:26:00,Kaolack,Wave,Transfert,Android,8715,0,0,Normal
2602,CUST_986,2025-05-03 15:01:00,Kaolack,Carte Bancaire,Paiement,Android,5035,0,0,Normal
2603,CUST_562,2025-03-05 10:38:00,Ziguinchor,Carte Bancaire,Transfert,Android,18922,0,0,Normal
2604,CUST_404,2025-03-04 09:19:00,Dakar,Orange Money,Paiement,iPhone,15544,0,0,Normal
2605,CUST_972,2025-03-16 13:12:00,Ziguinchor,Free Money,Transfert,iPhone,14672,0,0,Normal
2606,CUST_198,2025-05-18 07:23:00,Dakar,Free Money,Paiement,iPhone,500,0,0,Normal
2607,CUST_872,2025-06-01 12:44:00,Ziguinchor,Free Money,Transfert,iPhone,56223,0,0,Normal
2608,CUST_477,2025-03-23 11:23:00,Thiès,Wave,Retrait,Android,27994,0,0,Normal
2609,CUST_783,2025-04-20 11:30:00,Thiès,Carte Bancaire,Transfert,iPhone,15942,0,0,Normal
2610,CUST_670,2025-06-04 16:47:00,Kaolack,Orange Money,Paiement,Android,54098,0,0,Normal
2611,CUST_774,2025-01-17 15:19:00,Dakar,Carte Bancaire,Paiement,Android,7691,0,0,Normal
2612,CUST_61,2025-03-29 14:56:00,Dakar,Orange Money,Transfert,Android,31325,0,0,Normal
2613,CUST_929,2025-03-18 16:33:00,Thiès,Free Money,Paiement,iPhone,36041,0,0,Normal
2614,CUST_975,2025-05-27 15:10:00,Saint-Louis,Carte Bancaire,Retrait,Android,8136,0,0,Normal
2615,CUST_151,2025-01-05 12:02:00,Saint-Louis,Wave,Paiement,Android,500,0,0,Normal
2616,CUST_399,2025-05-02 10:50:00,Kaolack,Free Money,Retrait,iPhone,34334,0,0,Normal
2617,CUST_981,2025-02-11 07:21:00,Thiès,Orange Money,Retrait,iPhone,3982,0,0,Normal
2618,CUST_730,2025-05-16 11:56:00,Saint-Louis,Orange Money,Paiement,iPhone,30567,0,0,Normal
2619,CUST_28,2025-01-09 13:39:00,Ziguinchor,Wave,Paiement,iPhone,8921,0,0,Normal
2620,CUST_127,2025-03-26 03:40:00,Dakar,Wave,Transfert,Android,41274,25,0,Normal
2621,CUST_454,2025-05-12 10:38:00,Dakar,Orange Money,Retrait,iPhone,24693,0,0,Normal
2622,CUST_995,2025-05-08 08:06:00,Kaolack,Wave,Retrait,iPhone,11979,0,0,Normal
2623,CUST_750,2025-06-29 13:49:00,Ziguinchor,Free Money,Transfert,Android,28408,0,0,Normal
2624,CUST_471,2025-04-01 07:04:00,Kaolack,Free Money,Transfert,iPhone,39364,0,0,Normal
2625,CUST_673,2025-06-30 11:39:00,Dakar,Orange Money,Retrait,iPhone,9292,0,0,Normal
2626,CUST_365,2025-05-07 09:11:00,Saint-Louis,Wave,Paiement,iPhone,11034,0,0,Normal
2627,CUST_277,2025-05-20 08:07:00,Ziguinchor,Wave,Paiement,Android,41663,0,0,Normal
2628,CUST_814,2025-06-04 17:43:00,Kaolack,Wave,Transfert,iPhone,31405,0,0,Normal
2629,CUST_888,2025-02-16 07:25:00,Saint-Louis,Carte Bancaire,Transfert,Android,18581,35,1,Comportement suspect
2630,CUST_346,2025-01-17 08:49:00,Thiès,Orange Money,Retrait,iPhone,5586,0,0,Normal
2631,CUST_549,2025-01-29 09:57:00,Ziguinchor,Carte Bancaire,Transfert,Android,75449,0,0,Normal
2632,CUST_915,2025-04-26 17:26:00,Thiès,Carte Bancaire,Retrait,iPhone,26342,0,0,Normal
2633,CUST_675,2025-02-20 15:14:00,Thiès,Orange Money,Retrait,Android,3583,0,0,Normal
2634,CUST_827,2025-02-02 13:46:00,Kaolack,Orange Money,Paiement,iPhone,8572,0,0,Normal
2635,CUST_48,2025-04-09 06:09:00,Thiès,Orange Money,Retrait,Android,3766,0,0,Normal
2636,CUST_986,2025-02-11 15:40:00,Kaolack,Free Money,Paiement,Android,18736,0,0,Normal
2637,CUST_746,2025-04-13 15:08:00,Ziguinchor,Orange Money,Retrait,Android,25446,0,0,Normal
2638,CUST_846,2025-01-29 06:04:00,Ziguinchor,Free Money,Retrait,iPhone,35409,0,0,Normal
2639,CUST_269,2025-05-14 06:38:00,Kaolack,Carte Bancaire,Retrait,Android,34250,0,0,Normal
2640,CUST_879,2025-05-08 12:44:00,Dakar,Orange Money,Retrait,iPhone,52573,0,0,Normal
2641,CUST_105,2025-06-22 15:02:00,Thiès,Carte Bancaire,Paiement,Android,14920,0,0,Normal
2642,CUST_303,2025-06-12 09:35:00,Ziguinchor,Carte Bancaire,Transfert,iPhone,55158,0,0,Normal
2643,CUST_153,2025-01-19 15:44:00,Dakar,Orange Money,Retrait,Android,11990,35,1,Comportement suspect
2644,CUST_163,2025-04-18 13:14:00,Dakar,Carte Bancaire,Transfert,Android,500,0,0,Normal
2645,CUST_716,2025-03-16 11:36:00,Kaolack,Wave,Transfert,iPhone,500,0,0,Normal
2646,CUST_965,2025-05-01 09:42:00,Thiès,Wave,Retrait,iPhone,48008,0,0,Normal
2647,CUST_893,2025-04-03 11:40:00,Saint-Louis,Orange Money,Transfert,iPhone,20391,0,0,Normal
2648,CUST_934,2025-04-28 06:41:00,Dakar,Carte Bancaire,Paiement,Android,24420,0,0,Normal
2649,CUST_621,2025-02-09 19:20:00,Thiès,Carte Bancaire,Paiement,iPhone,51034,0,0,Normal
2650,CUST_785,2025-03-01 12:08:00,Saint-Louis,Orange Money,Paiement,Android,27742,0,0,Normal
2651,CUST_64,2025-01-22 12:39:00,Dakar,Free Money,Retrait,Android,26468,0,0,Normal
2652,CUST_553,2025-02-25 10:27:00,Thiès,Free Money,Paiement,Android,4085,0,0,Normal
2653,CUST_863,2025-04-25 09:08:00,Dakar,Orange Money,Paiement,iPhone,4710,0,0,Normal
2654,CUST_892,2025-05-28 09:50:00,Thiès,Orange Money,Paiement,iPhone,5775,0,0,Normal
2655,CUST_996,2025-03-20 09:31:00,Ziguinchor,Carte Bancaire,Transfert,Android,31002,0,0,Normal
2656,CUST_997,2025-06-06 13:30:00,Kaolack,Carte Bancaire,Transfert,iPhone,14986,0,0,Normal
2657,CUST_989,2025-01-30 09:03:00,Thiès,Orange Money,Retrait,iPhone,36407,0,0,Normal
2658,CUST_333,2025-01-16 13:36:00,Saint-Louis,Wave,Paiement,iPhone,9271,0,0,Normal
2659,CUST_834,2025-01-25 12:22:00,Ziguinchor,Orange Money,Paiement,Android,19365,0,0,Normal
2660,CUST_901,2025-03-13 08:13:00,Dakar,Orange Money,Transfert,Android,14343,0,0,Normal
2661,CUST_421,2025-05-08 10:27:00,Dakar,Wave,Paiement,iPhone,6420,0,0,Normal
2662,CUST_197,2025-04-04 12:06:00,Thiès,Free Money,Transfert,iPhone,8722,0,0,Normal
2663,CUST_573,2025-03-18 12:01:00,Dakar,Free Money,Paiement,Android,63883,0,0,Normal
2664,CUST_630,2025-02-28 03:13:00,Saint-Louis,Wave,Transfert,Android,24831,25,0,Normal
2665,CUST_255,2025-04-24 12:16:00,Thiès,Wave,Retrait,Android,23929,0,0,Normal
2666,CUST_688,2025-04-15 18:53:00,Thiès,Wave,Retrait,iPhone,12544,0,0,Normal
2667,CUST_613,2025-03-22 11:25:00,Saint-Louis,Carte Bancaire,Retrait,Android,5181,0,0,Normal
2668,CUST_164,2025-03-28 17:30:00,Dakar,Orange Money,Retrait,iPhone,25437,0,0,Normal
2669,CUST_389,2025-06-30 08:24:00,Dakar,Wave,Retrait,Android,57719,0,0,Normal
2670,CUST_974,2025-01-26 16:29:00,Dakar,Wave,Paiement,iPhone,16946,0,0,Normal
2671,CUST_482,2025-01-13 13:02:00,Saint-Louis,Wave,Retrait,Android,6937,0,0,Normal
2672,CUST_375,2025-03-14 09:26:00,Kaolack,Wave,Paiement,Android,33173,0,0,Normal
2673,CUST_561,2025-01-06 15:08:00,Kaolack,Orange Money,Paiement,Android,24273,0,0,Normal
2674,CUST_390,2025-01-03 12:17:00,Kaolack,Wave,Paiement,Android,43475,0,0,Normal
2675,CUST_321,2025-03-11 01:57:00,Ziguinchor,Wave,Retrait,Android,20925,25,0,Normal
2676,CUST_329,2025-03-20 10:13:00,Ziguinchor,Wave,Paiement,Android,500,0,0,Normal
2677,CUST_579,2025-03-06 17:43:00,Thiès,Carte Bancaire,Transfert,Android,30362,35,1,Comportement suspect
2678,CUST_480,2025-02-07 08:42:00,Ziguinchor,Free Money,Paiement,Android,11351,0,0,Normal
2679,CUST_734,2025-04-25 21:05:00,Dakar,Carte Bancaire,Paiement,iPhone,19429,0,0,Normal
2680,CUST_808,2025-01-04 10:47:00,Dakar,Wave,Transfert,Android,6593,0,0,Normal
2681,CUST_762,2025-01-31 10:11:00,Kaolack,Wave,Paiement,Android,35668,0,0,Normal
2682,CUST_550,2025-06-09 07:09:00,Dakar,Carte Bancaire,Transfert,Android,5544,0,0,Normal
2683,CUST_127,2025-02-12 20:25:00,Dakar,Orange Money,Transfert,iPhone,30674,0,0,Normal
2684,CUST_742,2025-06-04 11:55:00,Ziguinchor,Orange Money,Retrait,iPhone,37375,0,0,Normal
2685,CUST_189,2025-01-31 12:19:00,Thiès,Wave,Paiement,Android,31812,0,0,Normal
2686,CUST_139,2025-03-13 13:50:00,Kaolack,Free Money,Retrait,iPhone,500,0,0,Normal
2687,CUST_25,2025-01-08 14:57:00,Kaolack,Wave,Retrait,Android,9830,0,0,Normal
2688,CUST_76,2025-02-24 13:18:00,Ziguinchor,Wave,Retrait,Android,8239,0,0,Normal
2689,CUST_65,2025-06-15 11:26:00,Saint-Louis,Carte Bancaire,Paiement,Android,16473,0,0,Normal
2690,CUST_418,2025-05-03 14:44:00,Thiès,Orange Money,Retrait,iPhone,58206,0,0,Normal
2691,CUST_96,2025-03-31 16:39:00,Saint-Louis,Orange Money,Retrait,Android,26397,0,0,Normal
2692,CUST_157,2025-06-24 10:52:00,Dakar,Wave,Retrait,iPhone,42990,0,0,Normal
2693,CUST_402,2025-06-15 10:31:00,Ziguinchor,Carte Bancaire,Retrait,Android,9044,0,0,Normal
2694,CUST_606,2025-04-17 10:28:00,Ziguinchor,Free Money,Retrait,iPhone,31422,0,0,Normal
2695,CUST_701,2025-03-17 03:00:00,Thiès,Carte Bancaire,Retrait,iPhone,72966,25,0,Normal
2696,CUST_904,2025-04-24 15:26:00,Ziguinchor,Free Money,Paiement,Android,19552,0,0,Normal
2697,CUST_550,2025-02-09 16:06:00,Dakar,Free Money,Transfert,iPhone,14647,0,0,Normal
2698,CUST_579,2025-01-06 23:26:00,Ziguinchor,Orange Money,Retrait,iPhone,32148,0,0,Normal
2699,CUST_977,2025-03-24 09:56:00,Thiès,Orange Money,Transfert,iPhone,3844,0,0,Normal
2700,CUST_221,2025-02-08 19:36:00,Kaolack,Wave,Paiement,Android,28668,0,0,Normal
2701,CUST_836,2025-02-06 12:18:00,Kaolack,Carte Bancaire,Transfert,Android,34947,0,0,Normal
2702,CUST_948,2025-01-10 12:47:00,Ziguinchor,Carte Bancaire,Retrait,iPhone,2721,0,0,Normal
2703,CUST_182,2025-05-30 15:08:00,Thiès,Carte Bancaire,Transfert,iPhone,62174,0,0,Normal
2704,CUST_856,2025-02-20 14:18:00,Ziguinchor,Orange Money,Transfert,iPhone,35938,30,0,Normal
2705,CUST_589,2025-06-11 20:07:00,Ziguinchor,Free Money,Paiement,Android,22054,0,0,Normal
2706,CUST_94,2025-05-02 15:13:00,Ziguinchor,Wave,Transfert,Android,45517,0,0,Normal
2707,CUST_757,2025-05-29 14:29:00,Thiès,Orange Money,Retrait,iPhone,44046,0,0,Normal
2708,CUST_152,2025-06-03 14:04:00,Ziguinchor,Carte Bancaire,Paiement,Android,20871,0,0,Normal
2709,CUST_302,2025-04-02 10:51:00,Saint-Louis,Free Money,Transfert,iPhone,53178,0,0,Normal
2710,CUST_283,2025-01-23 17:07:00,Kaolack,Orange Money,Transfert,iPhone,2787,0,0,Normal
2711,CUST_383,2025-05-12 12:03:00,Dakar,Carte Bancaire,Transfert,Android,3862,0,0,Normal
2712,CUST_464,2025-04-19 15:30:00,Ziguinchor,Carte Bancaire,Transfert,Android,43345,0,0,Normal
2713,CUST_30,2025-02-20 07:22:00,Kaolack,Orange Money,Transfert,iPhone,52185,0,0,Normal
2714,CUST_435,2025-03-12 08:55:00,Saint-Louis,Wave,Transfert,Android,62018,0,0,Normal
2715,CUST_605,2025-03-10 10:21:00,Dakar,Carte Bancaire,Paiement,Android,10305,0,0,Normal
2716,CUST_429,2025-05-10 10:59:00,Ziguinchor,Orange Money,Paiement,iPhone,10850,0,0,Normal
2717,CUST_229,2025-06-24 12:30:00,Dakar,Orange Money,Retrait,Android,4949,0,0,Normal
2718,CUST_584,2025-06-28 11:47:00,Dakar,Carte Bancaire,Paiement,Android,50196,0,0,Normal
2719,CUST_265,2025-01-12 09:08:00,Kaolack,Carte Bancaire,Transfert,iPhone,21594,0,0,Normal
2720,CUST_750,2025-03-25 18:47:00,Ziguinchor,Carte Bancaire,Retrait,Android,2334,0,0,Normal
2721,CUST_300,2025-06-24 17:04:00,Dakar,Orange Money,Transfert,Android,30559,0,0,Normal
2722,CUST_92,2025-06-18 12:42:00,Saint-Louis,Wave,Paiement,Android,5727,0,0,Normal
2723,CUST_51,2025-02-02 12:05:00,Thiès,Orange Money,Retrait,iPhone,38122,0,0,Normal
2724,CUST_776,2025-04-05 10:42:00,Kaolack,Orange Money,Transfert,Android,8785,0,0,Normal
2725,CUST_867,2025-05-03 10:56:00,Ziguinchor,Free Money,Paiement,Android,25698,0,0,Normal
2726,CUST_30,2025-01-26 23:15:00,Kaolack,Orange Money,Retrait,Android,89579,0,0,Normal
2727,CUST_564,2025-05-15 13:00:00,Saint-Louis,Orange Money,Paiement,iPhone,26718,0,0,Normal
2728,CUST_417,2025-03-24 21:35:00,Thiès,Carte Bancaire,Retrait,iPhone,56798,0,0,Normal
2729,CUST_534,2025-05-27 10:51:00,Kaolack,Carte Bancaire,Retrait,Android,54798,0,0,Normal
2730,CUST_125,2025-06-11 13:37:00,Kaolack,Free Money,Transfert,Android,12214,0,0,Normal
2731,CUST_404,2025-01-24 12:46:00,Dakar,Carte Bancaire,Paiement,Android,27097,0,0,Normal
2732,CUST_259,2025-06-12 10:40:00,Kaolack,Carte Bancaire,Retrait,iPhone,500,35,1,Comportement suspect
2733,CUST_711,2025-03-06 21:27:00,Ziguinchor,Carte Bancaire,Retrait,iPhone,47829,0,0,Normal
2734,CUST_934,2025-03-15 10:07:00,Dakar,Wave,Paiement,Android,25877,0,0,Normal
2735,CUST_96,2025-05-04 15:57:00,Saint-Louis,Carte Bancaire,Paiement,iPhone,13751,0,0,Normal
2736,CUST_424,2025-04-03 16:33:00,Ziguinchor,Orange Money,Transfert,Android,21403,0,0,Normal
2737,CUST_525,2025-03-08 15:04:00,Kaolack,Carte Bancaire,Transfert,iPhone,13153,0,0,Normal
2738,CUST_633,2025-03-26 12:58:00,Saint-Louis,Orange Money,Paiement,Android,12879,0,0,Normal
2739,CUST_928,2025-01-28 16:28:00,Ziguinchor,Wave,Paiement,iPhone,51158,0,0,Normal
2740,CUST_407,2025-01-19 04:03:00,Kaolack,Wave,Retrait,Android,48870,25,0,Normal
2741,CUST_976,2025-03-12 17:44:00,Dakar,Orange Money,Retrait,iPhone,3376,0,0,Normal
2742,CUST_718,2025-01-10 14:04:00,Ziguinchor,Orange Money,Paiement,iPhone,13457,0,0,Normal
2743,CUST_562,2025-05-18 13:39:00,Ziguinchor,Wave,Retrait,Android,19084,0,0,Normal
2744,CUST_841,2025-06-01 07:09:00,Thiès,Free Money,Paiement,Android,10066,0,0,Normal
2745,CUST_47,2025-04-26 16:35:00,Kaolack,Free Money,Transfert,iPhone,17277,0,0,Normal
2746,CUST_37,2025-01-09 23:45:00,Thiès,Carte Bancaire,Retrait,iPhone,4211,0,0,Normal
2747,CUST_246,2025-05-23 20:03:00,Kaolack,Free Money,Retrait,Android,41702,0,0,Normal
2748,CUST_130,2025-06-07 12:07:00,Dakar,Wave,Transfert,Android,55538,0,0,Normal
2749,CUST_388,2025-05-23 19:24:00,Kaolack,Orange Money,Paiement,Android,26008,0,0,Normal
2750,CUST_46,2025-05-07 08:40:00,Thiès,Orange Money,Transfert,Android,14322,0,0,Normal
2751,CUST_622,2025-05-20 16:33:00,Kaolack,Orange Money,Retrait,Android,10103,0,0,Normal
2752,CUST_233,2025-06-07 17:56:00,Saint-Louis,Carte Bancaire,Paiement,Android,23345,0,0,Normal
2753,CUST_342,2025-05-17 14:57:00,Ziguinchor,Free Money,Transfert,iPhone,6304,0,0,Normal
2754,CUST_277,2025-06-21 12:08:00,Ziguinchor,Carte Bancaire,Transfert,Android,28072,0,0,Normal
2755,CUST_218,2025-03-23 13:06:00,Ziguinchor,Free Money,Paiement,Android,13562,0,0,Normal
2756,CUST_214,2025-04-10 13:09:00,Saint-Louis,Orange Money,Paiement,iPhone,17130,0,0,Normal
2757,CUST_991,2025-05-04 16:23:00,Ziguinchor,Free Money,Paiement,iPhone,9114,0,0,Normal
2758,CUST_311,2025-02-09 12:31:00,Dakar,Carte Bancaire,Transfert,iPhone,20611,0,0,Normal
2759,CUST_514,2025-01-19 10:32:00,Saint-Louis,Carte Bancaire,Retrait,Android,17347,0,0,Normal
2760,CUST_71,2025-04-08 10:58:00,Ziguinchor,Orange Money,Paiement,Android,36338,0,0,Normal
2761,CUST_792,2025-04-29 12:13:00,Kaolack,Free Money,Transfert,Android,500,0,0,Normal
2762,CUST_275,2025-04-06 10:49:00,Kaolack,Wave,Paiement,Android,29498,0,0,Normal
2763,CUST_856,2025-04-25 07:58:00,Ziguinchor,Free Money,Retrait,iPhone,29957,0,0,Normal
2764,CUST_391,2025-03-25 10:42:00,Kaolack,Carte Bancaire,Paiement,iPhone,9200,0,0,Normal
2765,CUST_504,2025-05-08 11:52:00,Saint-Louis,Free Money,Transfert,Android,40699,0,0,Normal
2766,CUST_757,2025-03-14 10:39:00,Thiès,Free Money,Retrait,iPhone,7816,0,0,Normal
2767,CUST_971,2025-04-26 11:01:00,Dakar,Free Money,Retrait,Android,25104,0,0,Normal
2768,CUST_203,2025-03-07 09:34:00,Ziguinchor,Wave,Transfert,iPhone,62499,0,0,Normal
2769,CUST_110,2025-01-29 15:41:00,Thiès,Orange Money,Retrait,Android,18295,0,0,Normal
2770,CUST_611,2025-02-01 08:22:00,Kaolack,Wave,Transfert,Android,56594,0,0,Normal
2771,CUST_473,2025-03-23 17:59:00,Ziguinchor,Orange Money,Retrait,iPhone,19300,0,0,Normal
2772,CUST_6,2025-05-25 18:10:00,Thiès,Free Money,Retrait,iPhone,26750,0,0,Normal
2773,CUST_17,2025-01-26 12:09:00,Saint-Louis,Wave,Retrait,iPhone,26566,35,1,Comportement suspect
2774,CUST_886,2025-01-29 13:48:00,Saint-Louis,Wave,Transfert,Android,60282,0,0,Normal
2775,CUST_358,2025-01-24 06:19:00,Ziguinchor,Carte Bancaire,Transfert,iPhone,19130,0,0,Normal
2776,CUST_806,2025-01-19 18:06:00,Saint-Louis,Wave,Transfert,iPhone,500,0,0,Normal
2777,CUST_795,2025-03-26 07:48:00,Saint-Louis,Orange Money,Transfert,iPhone,3151,0,0,Normal
2778,CUST_977,2025-03-27 11:24:00,Thiès,Free Money,Transfert,Android,11059,0,0,Normal
2779,CUST_323,2025-06-07 11:27:00,Kaolack,Wave,Paiement,Android,1907,0,0,Normal
2780,CUST_477,2025-03-06 14:16:00,Thiès,Wave,Paiement,iPhone,500,0,0,Normal
2781,CUST_18,2025-04-08 11:38:00,Dakar,Wave,Retrait,Android,1923,0,0,Normal
2782,CUST_732,2025-02-16 11:54:00,Dakar,Wave,Paiement,iPhone,5041,0,0,Normal
2783,CUST_468,2025-03-25 13:41:00,Thiès,Free Money,Paiement,iPhone,16708,0,0,Normal
2784,CUST_325,2025-04-26 13:12:00,Ziguinchor,Wave,Retrait,Android,13389,0,0,Normal
2785,CUST_622,2025-02-25 07:14:00,Kaolack,Carte Bancaire,Transfert,iPhone,17554,0,0,Normal
2786,CUST_281,2025-06-27 16:08:00,Thiès,Carte Bancaire,Transfert,Android,20967,0,0,Normal
2787,CUST_926,2025-02-04 18:31:00,Thiès,Carte Bancaire,Transfert,Android,21130,0,0,Normal
2788,CUST_237,2025-03-21 13:56:00,Saint-Louis,Wave,Retrait,iPhone,37849,0,0,Normal
2789,CUST_870,2025-04-23 12:59:00,Ziguinchor,Wave,Transfert,Android,5114,0,0,Normal
2790,CUST_813,2025-06-14 11:22:00,Dakar,Wave,Retrait,Android,17390,0,0,Normal
2791,CUST_611,2025-05-27 13:14:00,Kaolack,Orange Money,Transfert,Android,26821,0,0,Normal
2792,CUST_605,2025-06-19 07:59:00,Dakar,Wave,Paiement,Android,3710,0,0,Normal
2793,CUST_650,2025-03-26 14:22:00,Ziguinchor,Wave,Retrait,Android,7591,0,0,Normal
2794,CUST_56,2025-05-15 11:20:00,Kaolack,Orange Money,Retrait,Android,61122,0,0,Normal
2795,CUST_531,2025-03-11 13:31:00,Thiès,Carte Bancaire,Retrait,Android,1210,0,0,Normal
2796,CUST_940,2025-05-26 09:02:00,Kaolack,Carte Bancaire,Retrait,Android,3908,0,0,Normal
2797,CUST_797,2025-04-21 13:01:00,Thiès,Carte Bancaire,Retrait,iPhone,27282,0,0,Normal
2798,CUST_985,2025-01-01 13:24:00,Ziguinchor,Free Money,Transfert,iPhone,3184,0,0,Normal
2799,CUST_540,2025-01-30 14:33:00,Saint-Louis,Wave,Paiement,Android,23679,0,0,Normal
2800,CUST_515,2025-05-15 14:44:00,Kaolack,Free Money,Paiement,iPhone,15969,0,0,Normal
2801,CUST_967,2025-04-05 07:11:00,Ziguinchor,Carte Bancaire,Retrait,Android,31323,0,0,Normal
2802,CUST_512,2025-06-01 16:03:00,Ziguinchor,Wave,Transfert,Android,33288,35,1,Comportement suspect
2803,CUST_641,2025-05-09 11:17:00,Kaolack,Wave,Paiement,Android,30084,0,0,Normal
2804,CUST_121,2025-03-04 10:07:00,Dakar,Orange Money,Paiement,iPhone,36765,0,0,Normal
2805,CUST_749,2025-06-13 14:22:00,Thiès,Orange Money,Paiement,iPhone,11717,0,0,Normal
2806,CUST_725,2025-04-29 11:49:00,Kaolack,Wave,Retrait,iPhone,20517,0,0,Normal
2807,CUST_647,2025-04-08 20:20:00,Dakar,Carte Bancaire,Paiement,iPhone,21360,0,0,Normal
2808,CUST_727,2025-02-25 18:41:00,Saint-Louis,Wave,Paiement,iPhone,27374,0,0,Normal
2809,CUST_251,2025-01-19 12:53:00,Ziguinchor,Wave,Paiement,iPhone,7163,0,0,Normal
2810,CUST_595,2025-02-27 13:14:00,Saint-Louis,Free Money,Paiement,iPhone,51438,0,0,Normal
2811,CUST_860,2025-02-07 07:38:00,Saint-Louis,Carte Bancaire,Retrait,iPhone,9839,0,0,Normal
2812,CUST_497,2025-03-11 15:19:00,Thiès,Wave,Retrait,iPhone,3554,0,0,Normal
2813,CUST_594,2025-03-31 10:33:00,Saint-Louis,Orange Money,Paiement,Android,28680,0,0,Normal
2814,CUST_41,2025-05-20 13:15:00,Saint-Louis,Free Money,Transfert,iPhone,26391,0,0,Normal
2815,CUST_93,2025-06-25 14:30:00,Saint-Louis,Free Money,Paiement,Android,24284,0,0,Normal
2816,CUST_287,2025-02-08 07:30:00,Ziguinchor,Free Money,Retrait,iPhone,49071,0,0,Normal
2817,CUST_818,2025-03-22 12:06:00,Kaolack,Wave,Retrait,Android,56309,0,0,Normal
2818,CUST_248,2025-04-28 05:03:00,Ziguinchor,Wave,Transfert,iPhone,27066,0,0,Normal
2819,CUST_901,2025-06-06 12:25:00,Dakar,Carte Bancaire,Transfert,Android,3877,0,0,Normal
2820,CUST_506,2025-03-25 15:25:00,Kaolack,Orange Money,Retrait,iPhone,17285,0,0,Normal
2821,CUST_927,2025-01-07 11:07:00,Thiès,Wave,Transfert,iPhone,10929,35,1,Comportement suspect
2822,CUST_748,2025-06-11 08:19:00,Kaolack,Carte Bancaire,Paiement,Android,55469,0,0,Normal
2823,CUST_464,2025-01-19 14:17:00,Ziguinchor,Carte Bancaire,Transfert,Android,23355,0,0,Normal
2824,CUST_245,2025-06-18 11:19:00,Kaolack,Carte Bancaire,Transfert,iPhone,18523,0,0,Normal
2825,CUST_992,2025-06-24 15:29:00,Saint-Louis,Free Money,Paiement,iPhone,29835,0,0,Normal
2826,CUST_303,2025-02-16 06:53:00,Ziguinchor,Free Money,Retrait,iPhone,24639,0,0,Normal
2827,CUST_166,2025-01-05 11:42:00,Thiès,Orange Money,Paiement,iPhone,4447,0,0,Normal
2828,CUST_502,2025-06-05 14:41:00,Kaolack,Orange Money,Transfert,iPhone,500,0,0,Normal
2829,CUST_619,2025-06-16 17:15:00,Dakar,Orange Money,Transfert,Android,42820,0,0,Normal
2830,CUST_278,2025-03-14 11:24:00,Dakar,Free Money,Retrait,iPhone,36442,0,0,Normal
2831,CUST_359,2025-06-25 00:25:00,Saint-Louis,Wave,Retrait,Android,8298,0,0,Normal
2832,CUST_256,2025-04-12 23:06:00,Thiès,Carte Bancaire,Retrait,Android,18411,0,0,Normal
2833,CUST_390,2025-06-23 10:38:00,Kaolack,Orange Money,Transfert,Android,19822,0,0,Normal
2834,CUST_648,2025-02-24 11:16:00,Kaolack,Orange Money,Retrait,iPhone,73279,0,0,Normal
2835,CUST_232,2025-01-10 15:00:00,Saint-Louis,Carte Bancaire,Paiement,Android,6414,0,0,Normal
2836,CUST_643,2025-05-23 05:09:00,Saint-Louis,Orange Money,Paiement,iPhone,67379,0,0,Normal
2837,CUST_999,2025-06-02 13:08:00,Thiès,Carte Bancaire,Paiement,iPhone,4251,0,0,Normal
2838,CUST_466,2025-01-28 13:52:00,Dakar,Wave,Transfert,Android,19357,0,0,Normal
2839,CUST_606,2025-04-15 15:12:00,Ziguinchor,Carte Bancaire,Transfert,iPhone,18127,0,0,Normal
2840,CUST_905,2025-01-30 16:40:00,Thiès,Free Money,Paiement,iPhone,27922,0,0,Normal
2841,CUST_673,2025-03-03 09:20:00,Dakar,Free Money,Retrait,iPhone,11930,0,0,Normal
2842,CUST_717,2025-04-24 11:51:00,Thiès,Carte Bancaire,Transfert,iPhone,46564,0,0,Normal
2843,CUST_333,2025-02-25 13:44:00,Saint-Louis,Orange Money,Retrait,iPhone,22694,30,0,Normal
2844,CUST_94,2025-01-12 13:01:00,Ziguinchor,Carte Bancaire,Retrait,Android,38883,0,0,Normal
2845,CUST_966,2025-05-25 09:59:00,Dakar,Carte Bancaire,Transfert,iPhone,31676,0,0,Normal
2846,CUST_261,2025-05-07 09:01:00,Kaolack,Wave,Paiement,Android,18372,0,0,Normal
2847,CUST_587,2025-05-10 18:38:00,Thiès,Wave,Transfert,iPhone,21972,0,0,Normal
2848,CUST_567,2025-04-17 22:22:00,Dakar,Orange Money,Retrait,Android,44358,0,0,Normal
2849,CUST_849,2025-05-25 17:43:00,Ziguinchor,Carte Bancaire,Retrait,Android,10867,0,0,Normal
2850,CUST_257,2025-04-10 14:14:00,Saint-Louis,Orange Money,Paiement,iPhone,6714,0,0,Normal
2851,CUST_311,2025-06-16 15:59:00,Dakar,Free Money,Retrait,iPhone,11962,0,0,Normal
2852,CUST_34,2025-02-17 06:16:00,Thiès,Free Money,Retrait,iPhone,1073,0,0,Normal
2853,CUST_300,2025-06-15 11:56:00,Dakar,Carte Bancaire,Transfert,iPhone,26846,0,0,Normal
2854,CUST_34,2025-06-11 08:24:00,Thiès,Orange Money,Paiement,iPhone,12772,0,0,Normal
2855,CUST_344,2025-01-27 10:17:00,Ziguinchor,Carte Bancaire,Paiement,iPhone,61680,0,0,Normal
2856,CUST_48,2025-02-27 15:38:00,Thiès,Orange Money,Retrait,iPhone,6107,0,0,Normal
2857,CUST_470,2025-06-15 11:57:00,Thiès,Free Money,Retrait,Android,23289,0,0,Normal
2858,CUST_499,2025-03-07 10:35:00,Thiès,Carte Bancaire,Paiement,iPhone,16174,0,0,Normal
2859,CUST_753,2025-05-31 19:26:00,Saint-Louis,Orange Money,Retrait,Android,28220,0,0,Normal
2860,CUST_818,2025-03-10 06:05:00,Kaolack,Orange Money,Paiement,iPhone,34069,0,0,Normal
2861,CUST_371,2025-02-10 15:53:00,Thiès,Free Money,Retrait,Android,9244,0,0,Normal
2862,CUST_632,2025-05-18 08:38:00,Thiès,Wave,Retrait,iPhone,32709,0,0,Normal
2863,CUST_155,2025-02-06 15:31:00,Saint-Louis,Free Money,Paiement,iPhone,9781,0,0,Normal
2864,CUST_16,2025-03-16 05:12:00,Saint-Louis,Wave,Retrait,iPhone,44649,0,0,Normal
2865,CUST_444,2025-05-14 08:53:00,Saint-Louis,Orange Money,Paiement,iPhone,46431,0,0,Normal
2866,CUST_587,2025-01-08 12:04:00,Thiès,Orange Money,Transfert,Android,33140,0,0,Normal
2867,CUST_772,2025-02-12 11:07:00,Thiès,Free Money,Paiement,iPhone,3377,0,0,Normal
2868,CUST_495,2025-04-28 17:41:00,Saint-Louis,Free Money,Paiement,iPhone,8223,0,0,Normal
2869,CUST_407,2025-03-12 10:12:00,Kaolack,Free Money,Retrait,iPhone,47543,0,0,Normal
2870,CUST_938,2025-05-01 09:24:00,Kaolack,Free Money,Paiement,iPhone,13882,0,0,Normal
2871,CUST_128,2025-06-20 11:19:00,Kaolack,Orange Money,Retrait,Android,43426,0,0,Normal
2872,CUST_318,2025-06-26 09:23:00,Kaolack,Carte Bancaire,Paiement,Android,19988,0,0,Normal
2873,CUST_359,2025-04-13 14:15:00,Saint-Louis,Orange Money,Transfert,iPhone,29293,0,0,Normal
2874,CUST_126,2025-02-18 05:34:00,Kaolack,Carte Bancaire,Paiement,Android,23512,0,0,Normal
2875,CUST_559,2025-04-09 11:23:00,Saint-Louis,Carte Bancaire,Retrait,iPhone,6188,0,0,Normal
2876,CUST_839,2025-01-02 12:21:00,Kaolack,Orange Money,Retrait,Android,27817,0,0,Normal
2877,CUST_225,2025-02-04 07:16:00,Saint-Louis,Orange Money,Retrait,iPhone,23728,0,0,Normal
2878,CUST_967,2025-01-28 05:34:00,Ziguinchor,Carte Bancaire,Retrait,iPhone,35317,0,0,Normal
2879,CUST_79,2025-05-16 17:57:00,Ziguinchor,Carte Bancaire,Retrait,Android,17038,0,0,Normal
2880,CUST_954,2025-02-23 08:03:00,Ziguinchor,Carte Bancaire,Retrait,iPhone,43423,0,0,Normal
2881,CUST_545,2025-05-01 12:37:00,Ziguinchor,Carte Bancaire,Retrait,Android,500,0,0,Normal
2882,CUST_499,2025-02-24 18:11:00,Thiès,Free Money,Paiement,Android,18685,0,0,Normal
2883,CUST_70,2025-02-08 14:02:00,Saint-Louis,Free Money,Retrait,iPhone,27328,0,0,Normal
2884,CUST_916,2025-05-27 08:25:00,Ziguinchor,Orange Money,Paiement,iPhone,69887,30,0,Normal
2885,CUST_366,2025-03-14 10:29:00,Ziguinchor,Carte Bancaire,Retrait,Android,16248,0,0,Normal
2886,CUST_205,2025-02-15 09:42:00,Dakar,Free Money,Transfert,iPhone,70690,0,0,Normal
2887,CUST_1,2025-01-27 15:00:00,Dakar,Free Money,Paiement,iPhone,33813,0,0,Normal
2888,CUST_117,2025-03-24 13:15:00,Dakar,Wave,Retrait,iPhone,13284,0,0,Normal
2889,CUST_692,2025-05-19 04:39:00,Ziguinchor,Wave,Retrait,Android,16755,25,0,Normal
2890,CUST_947,2025-03-26 09:48:00,Dakar,Orange Money,Transfert,Android,42905,0,0,Normal
2891,CUST_490,2025-01-20 10:00:00,Saint-Louis,Orange Money,Retrait,iPhone,39141,0,0,Normal
2892,CUST_358,2025-06-03 15:01:00,Ziguinchor,Orange Money,Retrait,iPhone,500,0,0,Normal
2893,CUST_848,2025-04-26 09:11:00,Ziguinchor,Wave,Retrait,iPhone,24520,0,0,Normal
2894,CUST_614,2025-04-07 06:54:00,Saint-Louis,Orange Money,Transfert,Android,5058,0,0,Normal
2895,CUST_369,2025-02-08 20:46:00,Ziguinchor,Orange Money,Retrait,iPhone,30258,0,0,Normal
2896,CUST_401,2025-03-19 18:28:00,Thiès,Orange Money,Transfert,iPhone,6862,0,0,Normal
2897,CUST_491,2025-03-02 07:57:00,Dakar,Free Money,Retrait,Android,15894,0,0,Normal
2898,CUST_640,2025-01-31 09:21:00,Dakar,Free Money,Retrait,Android,27995,0,0,Normal
2899,CUST_276,2025-04-17 11:52:00,Ziguinchor,Free Money,Paiement,iPhone,41804,0,0,Normal
2900,CUST_900,2025-01-03 16:44:00,Kaolack,Carte Bancaire,Transfert,iPhone,35123,0,0,Normal
2901,CUST_767,2025-03-08 14:48:00,Kaolack,Carte Bancaire,Retrait,iPhone,23222,0,0,Normal
2902,CUST_288,2025-05-25 12:33:00,Saint-Louis,Carte Bancaire,Paiement,Android,3808,0,0,Normal
2903,CUST_445,2025-06-15 09:56:00,Saint-Louis,Carte Bancaire,Paiement,Android,2959,0,0,Normal
2904,CUST_417,2025-05-01 16:03:00,Thiès,Carte Bancaire,Retrait,iPhone,15951,0,0,Normal
2905,CUST_784,2025-03-14 07:28:00,Saint-Louis,Carte Bancaire,Paiement,iPhone,43360,0,0,Normal
2906,CUST_764,2025-05-04 21:24:00,Dakar,Free Money,Paiement,Android,42846,0,0,Normal
2907,CUST_814,2025-02-13 14:03:00,Kaolack,Orange Money,Retrait,iPhone,30548,0,0,Normal
2908,CUST_28,2025-05-21 11:01:00,Ziguinchor,Free Money,Transfert,Android,10915,0,0,Normal
2909,CUST_719,2025-04-01 16:59:00,Dakar,Wave,Paiement,iPhone,23201,0,0,Normal
2910,CUST_932,2025-06-12 19:22:00,Kaolack,Free Money,Retrait,Android,26980,35,1,Comportement suspect
2911,CUST_569,2025-04-27 13:39:00,Saint-Louis,Carte Bancaire,Retrait,Android,15497,0,0,Normal
2912,CUST_242,2025-05-09 10:54:00,Thiès,Free Money,Transfert,iPhone,15343,0,0,Normal
2913,CUST_591,2025-03-15 08:53:00,Thiès,Wave,Retrait,Android,16149,0,0,Normal
2914,CUST_235,2025-06-06 11:54:00,Thiès,Orange Money,Transfert,iPhone,83294,0,0,Normal
2915,CUST_907,2025-06-06 13:06:00,Ziguinchor,Orange Money,Retrait,Android,1186,0,0,Normal
2916,CUST_118,2025-03-13 10:23:00,Thiès,Free Money,Transfert,iPhone,18163,0,0,Normal
2917,CUST_865,2025-02-07 18:10:00,Ziguinchor,Wave,Retrait,Android,7223,0,0,Normal
2918,CUST_499,2025-03-24 13:22:00,Thiès,Free Money,Retrait,iPhone,21883,0,0,Normal
2919,CUST_473,2025-01-02 09:39:00,Ziguinchor,Wave,Retrait,Android,47516,0,0,Normal
2920,CUST_343,2025-03-13 12:59:00,Ziguinchor,Free Money,Paiement,Android,2312,0,0,Normal
2921,CUST_222,2025-02-15 15:45:00,Dakar,Carte Bancaire,Retrait,iPhone,7100,0,0,Normal
2922,CUST_296,2025-05-05 13:09:00,Dakar,Orange Money,Paiement,iPhone,24561,0,0,Normal
2923,CUST_746,2025-03-03 10:37:00,Ziguinchor,Carte Bancaire,Transfert,Android,30677,0,0,Normal
2924,CUST_596,2025-03-05 12:09:00,Ziguinchor,Orange Money,Retrait,iPhone,17301,0,0,Normal
2925,CUST_731,2025-01-18 14:03:00,Ziguinchor,Free Money,Retrait,iPhone,41209,0,0,Normal
2926,CUST_401,2025-04-30 12:30:00,Thiès,Carte Bancaire,Paiement,Android,39377,0,0,Normal
2927,CUST_408,2025-05-01 09:14:00,Dakar,Wave,Transfert,Android,14884,0,0,Normal
2928,CUST_747,2025-03-13 16:37:00,Thiès,Free Money,Retrait,iPhone,5996,0,0,Normal
2929,CUST_510,2025-01-27 11:26:00,Kaolack,Orange Money,Transfert,Android,27890,0,0,Normal
2930,CUST_541,2025-03-26 08:24:00,Ziguinchor,Orange Money,Transfert,iPhone,45540,0,0,Normal
2931,CUST_846,2025-06-25 21:26:00,Ziguinchor,Free Money,Paiement,iPhone,24369,0,0,Normal
2932,CUST_350,2025-03-08 12:22:00,Kaolack,Orange Money,Paiement,iPhone,22777,0,0,Normal
2933,CUST_154,2025-01-08 08:12:00,Kaolack,Wave,Retrait,Android,10336,0,0,Normal
2934,CUST_577,2025-05-10 12:27:00,Ziguinchor,Wave,Retrait,Android,30484,0,0,Normal
2935,CUST_805,2025-03-21 18:23:00,Saint-Louis,Carte Bancaire,Retrait,Android,3630,0,0,Normal
2936,CUST_379,2025-06-06 07:12:00,Saint-Louis,Wave,Paiement,iPhone,72808,0,0,Normal
2937,CUST_494,2025-04-17 13:42:00,Thiès,Carte Bancaire,Paiement,iPhone,4670,0,0,Normal
2938,CUST_328,2025-04-08 09:43:00,Thiès,Wave,Retrait,Android,47086,0,0,Normal
2939,CUST_225,2025-05-07 15:52:00,Saint-Louis,Carte Bancaire,Transfert,Android,75770,0,0,Normal
2940,CUST_419,2025-05-12 23:53:00,Dakar,Carte Bancaire,Paiement,iPhone,27350,0,0,Normal
2941,CUST_459,2025-02-09 04:18:00,Ziguinchor,Free Money,Retrait,Android,37158,25,0,Normal
2942,CUST_849,2025-04-30 19:48:00,Ziguinchor,Carte Bancaire,Paiement,iPhone,39095,0,0,Normal
2943,CUST_263,2025-04-11 11:40:00,Dakar,Orange Money,Transfert,iPhone,95432,0,0,Normal
2944,CUST_319,2025-06-29 07:53:00,Kaolack,Wave,Paiement,iPhone,4333,0,0,Normal
2945,CUST_40,2025-04-14 09:13:00,Ziguinchor,Orange Money,Transfert,iPhone,23522,0,0,Normal
2946,CUST_357,2025-03-20 00:40:00,Dakar,Carte Bancaire,Paiement,iPhone,45811,0,0,Normal
2947,CUST_174,2025-04-10 05:09:00,Kaolack,Free Money,Transfert,iPhone,42273,0,0,Normal
2948,CUST_866,2025-05-09 01:43:00,Dakar,Free Money,Paiement,iPhone,42375,25,0,Normal
2949,CUST_75,2025-05-31 07:07:00,Thiès,Orange Money,Transfert,iPhone,13980,0,0,Normal
2950,CUST_979,2025-02-10 15:01:00,Thiès,Carte Bancaire,Retrait,iPhone,25951,0,0,Normal
2951,CUST_79,2025-04-09 18:44:00,Ziguinchor,Free Money,Retrait,iPhone,26707,0,0,Normal
2952,CUST_452,2025-06-21 13:48:00,Saint-Louis,Orange Money,Retrait,iPhone,36658,30,0,Normal
2953,CUST_424,2025-01-08 23:03:00,Ziguinchor,Carte Bancaire,Retrait,iPhone,28226,0,0,Normal
2954,CUST_876,2025-05-10 02:15:00,Kaolack,Free Money,Retrait,Android,37626,25,0,Normal
2955,CUST_957,2025-06-22 21:34:00,Dakar,Free Money,Retrait,iPhone,82957,0,0,Normal
2956,CUST_698,2025-01-28 17:50:00,Ziguinchor,Carte Bancaire,Transfert,iPhone,76606,0,0,Normal
2957,CUST_282,2025-01-10 11:12:00,Saint-Louis,Orange Money,Transfert,Android,33771,0,0,Normal
2958,CUST_775,2025-03-31 11:47:00,Dakar,Orange Money,Retrait,iPhone,3541,0,0,Normal
2959,CUST_272,2025-03-10 13:05:00,Thiès,Wave,Retrait,iPhone,7118,0,0,Normal
2960,CUST_881,2025-02-10 15:23:00,Kaolack,Wave,Retrait,Android,16361,0,0,Normal
2961,CUST_497,2025-01-31 12:49:00,Thiès,Wave,Transfert,Android,4885,0,0,Normal
2962,CUST_729,2025-04-27 13:46:00,Kaolack,Free Money,Paiement,Android,10683,0,0,Normal
2963,CUST_387,2025-06-13 13:24:00,Thiès,Orange Money,Retrait,Android,13817,0,0,Normal
2964,CUST_821,2025-05-09 07:49:00,Saint-Louis,Carte Bancaire,Retrait,iPhone,9288,0,0,Normal
2965,CUST_440,2025-06-16 12:16:00,Dakar,Free Money,Transfert,Android,7240,0,0,Normal
2966,CUST_995,2025-02-03 09:14:00,Kaolack,Orange Money,Transfert,iPhone,10188,0,0,Normal
2967,CUST_825,2025-04-29 09:06:00,Dakar,Orange Money,Paiement,iPhone,36207,30,0,Normal
2968,CUST_877,2025-03-22 23:28:00,Dakar,Carte Bancaire,Paiement,iPhone,3017,0,0,Normal
2969,CUST_915,2025-06-20 21:45:00,Thiès,Carte Bancaire,Transfert,iPhone,21114,0,0,Normal
2970,CUST_837,2025-06-17 16:58:00,Ziguinchor,Free Money,Paiement,iPhone,80219,0,0,Normal
2971,CUST_564,2025-06-04 05:23:00,Saint-Louis,Wave,Retrait,iPhone,47439,0,0,Normal
2972,CUST_661,2025-06-25 10:49:00,Ziguinchor,Carte Bancaire,Retrait,Android,38440,0,0,Normal
2973,CUST_753,2025-01-08 16:31:00,Saint-Louis,Orange Money,Transfert,iPhone,38537,0,0,Normal
2974,CUST_183,2025-03-22 15:20:00,Thiès,Orange Money,Retrait,Android,6768,0,0,Normal
2975,CUST_617,2025-05-22 14:59:00,Dakar,Wave,Transfert,Android,44621,0,0,Normal
2976,CUST_486,2025-01-15 20:15:00,Thiès,Carte Bancaire,Paiement,Android,19501,0,0,Normal
2977,CUST_733,2025-05-23 09:33:00,Thiès,Free Money,Paiement,iPhone,33788,0,0,Normal
2978,CUST_738,2025-02-21 06:08:00,Ziguinchor,Orange Money,Transfert,Android,42810,0,0,Normal
2979,CUST_498,2025-05-13 07:38:00,Saint-Louis,Carte Bancaire,Retrait,iPhone,19701,0,0,Normal
2980,CUST_738,2025-02-19 16:09:00,Ziguinchor,Carte Bancaire,Retrait,iPhone,25212,30,0,Normal
2981,CUST_350,2025-01-15 17:25:00,Kaolack,Carte Bancaire,Retrait,Android,31725,0,0,Normal
2982,CUST_655,2025-06-25 20:13:00,Thiès,Carte Bancaire,Retrait,Android,17754,0,0,Normal
2983,CUST_268,2025-02-11 01:09:00,Thiès,Orange Money,Retrait,Android,6673,25,0,Normal
2984,CUST_780,2025-03-05 08:22:00,Saint-Louis,Orange Money,Transfert,iPhone,24082,0,0,Normal
2985,CUST_35,2025-01-27 14:01:00,Thiès,Orange Money,Transfert,iPhone,18594,0,0,Normal
2986,CUST_425,2025-05-25 15:20:00,Ziguinchor,Free Money,Paiement,iPhone,23253,0,0,Normal
2987,CUST_204,2025-05-30 05:36:00,Thiès,Orange Money,Transfert,Android,12958,0,0,Normal
2988,CUST_751,2025-01-26 07:38:00,Ziguinchor,Wave,Retrait,iPhone,16925,0,0,Normal
2989,CUST_12,2025-04-25 03:18:00,Saint-Louis,Wave,Paiement,Android,18239,25,0,Normal
2990,CUST_656,2025-01-29 12:21:00,Dakar,Carte Bancaire,Transfert,Android,13714,0,0,Normal
2991,CUST_795,2025-01-31 14:41:00,Saint-Louis,Carte Bancaire,Transfert,iPhone,21201,30,0,Normal
2992,CUST_615,2025-03-29 17:28:00,Ziguinchor,Wave,Transfert,Android,12601,0,0,Normal
2993,CUST_888,2025-03-14 02:32:00,Thiès,Wave,Transfert,Android,500,25,0,Normal
2994,CUST_28,2025-02-17 19:23:00,Ziguinchor,Carte Bancaire,Transfert,Android,32599,0,0,Normal
2995,CUST_611,2025-06-10 07:43:00,Kaolack,Orange Money,Transfert,Android,69651,0,0,Normal
2996,CUST_972,2025-02-08 17:45:00,Ziguinchor,Orange Money,Retrait,Android,10542,0,0,Normal
2997,CUST_777,2025-06-20 10:09:00,Kaolack,Carte Bancaire,Transfert,iPhone,7757,0,0,Normal
2998,CUST_648,2025-05-12 06:42:00,Kaolack,Orange Money,Retrait,Android,30845,0,0,Normal
2999,CUST_707,2025-02-23 09:01:00,Dakar,Orange Money,Transfert,Android,60498,0,0,Normal
3000,CUST_208,2025-02-09 21:37:00,Thiès,Carte Bancaire,Paiement,Android,15564,0,0,Normal
3001,CUST_572,2025-03-14 13:13:00,Thiès,Orange Money,Paiement,Android,3609,0,0,Normal
3002,CUST_303,2025-04-11 03:45:00,Ziguinchor,Orange Money,Paiement,iPhone,35176,25,0,Normal
3003,CUST_204,2025-03-12 08:49:00,Thiès,Wave,Paiement,Android,18371,0,0,Normal
3004,CUST_124,2025-02-12 08:16:00,Dakar,Orange Money,Transfert,iPhone,42579,0,0,Normal
3005,CUST_370,2025-03-07 07:12:00,Kaolack,Carte Bancaire,Paiement,iPhone,43526,0,0,Normal
3006,CUST_433,2025-06-12 12:13:00,Ziguinchor,Carte Bancaire,Retrait,iPhone,3279,0,0,Normal
3007,CUST_934,2025-04-28 12:11:00,Dakar,Free Money,Paiement,Android,21139,0,0,Normal
3008,CUST_196,2025-06-30 09:47:00,Saint-Louis,Orange Money,Paiement,iPhone,7900,0,0,Normal
3009,CUST_188,2025-01-21 08:29:00,Thiès,Orange Money,Paiement,Android,22103,0,0,Normal
3010,CUST_845,2025-01-01 16:32:00,Kaolack,Orange Money,Retrait,Android,25890,0,0,Normal
3011,CUST_687,2025-06-30 10:54:00,Ziguinchor,Orange Money,Paiement,Android,24706,0,0,Normal
3012,CUST_864,2025-03-16 13:28:00,Kaolack,Free Money,Transfert,Android,34386,0,0,Normal
3013,CUST_498,2025-05-27 12:02:00,Saint-Louis,Wave,Retrait,iPhone,3838,0,0,Normal
3014,CUST_983,2025-05-28 13:55:00,Kaolack,Wave,Transfert,iPhone,19454,0,0,Normal
3015,CUST_724,2025-04-30 07:55:00,Ziguinchor,Free Money,Transfert,Android,7336,0,0,Normal
3016,CUST_831,2025-02-24 09:02:00,Ziguinchor,Orange Money,Paiement,Android,43738,0,0,Normal
3017,CUST_180,2025-05-17 14:01:00,Dakar,Carte Bancaire,Transfert,Android,84594,0,0,Normal
3018,CUST_674,2025-06-15 15:09:00,Thiès,Wave,Paiement,Android,10325,0,0,Normal
3019,CUST_463,2025-06-07 17:42:00,Thiès,Free Money,Transfert,Android,27006,0,0,Normal
3020,CUST_16,2025-04-10 06:20:00,Saint-Louis,Wave,Retrait,iPhone,30040,0,0,Normal
3021,CUST_800,2025-06-02 12:19:00,Ziguinchor,Carte Bancaire,Transfert,iPhone,26391,0,0,Normal
3022,CUST_762,2025-03-01 12:27:00,Kaolack,Free Money,Transfert,Android,46443,0,0,Normal
3023,CUST_662,2025-03-11 15:33:00,Ziguinchor,Carte Bancaire,Transfert,iPhone,19885,0,0,Normal
3024,CUST_826,2025-06-14 15:09:00,Saint-Louis,Orange Money,Paiement,Android,71652,0,0,Normal
3025,CUST_522,2025-06-08 09:07:00,Dakar,Free Money,Retrait,Android,100556,0,0,Normal
3026,CUST_201,2025-06-07 07:22:00,Kaolack,Wave,Paiement,iPhone,26721,0,0,Normal
3027,CUST_802,2025-06-07 20:34:00,Kaolack,Wave,Retrait,Android,15867,0,0,Normal
3028,CUST_986,2025-01-11 15:51:00,Kaolack,Wave,Transfert,iPhone,7426,0,0,Normal
3029,CUST_618,2025-02-17 15:05:00,Ziguinchor,Free Money,Paiement,Android,500,0,0,Normal
3030,CUST_88,2025-03-22 12:24:00,Thiès,Free Money,Transfert,Android,9189,0,0,Normal
3031,CUST_853,2025-04-26 08:31:00,Thiès,Free Money,Paiement,Android,9555,0,0,Normal
3032,CUST_75,2025-03-03 12:38:00,Thiès,Carte Bancaire,Retrait,iPhone,7732,30,0,Normal
3033,CUST_13,2025-05-29 08:56:00,Thiès,Wave,Transfert,iPhone,10967,0,0,Normal
3034,CUST_295,2025-01-08 02:44:00,Kaolack,Orange Money,Paiement,Android,6426,25,0,Normal
3035,CUST_472,2025-03-06 15:19:00,Ziguinchor,Wave,Retrait,iPhone,24519,0,0,Normal
3036,CUST_439,2025-04-04 02:35:00,Saint-Louis,Carte Bancaire,Transfert,Android,51445,25,0,Normal
3037,CUST_391,2025-05-23 06:35:00,Kaolack,Carte Bancaire,Paiement,Android,11213,0,0,Normal
3038,CUST_773,2025-05-23 07:54:00,Saint-Louis,Orange Money,Retrait,Android,12903,0,0,Normal
3039,CUST_983,2025-04-19 07:13:00,Kaolack,Carte Bancaire,Retrait,iPhone,736,0,0,Normal
3040,CUST_238,2025-03-01 17:59:00,Saint-Louis,Free Money,Paiement,Android,46467,0,0,Normal
3041,CUST_189,2025-02-10 16:37:00,Thiès,Wave,Retrait,Android,60147,0,0,Normal
3042,CUST_888,2025-06-10 12:59:00,Thiès,Orange Money,Paiement,iPhone,24145,0,0,Normal
3043,CUST_620,2025-05-07 13:51:00,Thiès,Wave,Retrait,iPhone,4463,0,0,Normal
3044,CUST_762,2025-04-05 18:45:00,Kaolack,Free Money,Paiement,iPhone,17147,0,0,Normal
3045,CUST_691,2025-06-06 10:11:00,Dakar,Free Money,Retrait,iPhone,18983,0,0,Normal
3046,CUST_678,2025-02-15 09:11:00,Saint-Louis,Orange Money,Paiement,iPhone,8765,0,0,Normal
3047,CUST_759,2025-02-08 02:06:00,Kaolack,Carte Bancaire,Transfert,Android,22862,25,0,Normal
3048,CUST_608,2025-04-22 12:06:00,Saint-Louis,Wave,Transfert,Android,1990,0,0,Normal
3049,CUST_331,2025-05-27 09:40:00,Kaolack,Wave,Paiement,Android,7855,0,0,Normal
3050,CUST_565,2025-01-16 15:16:00,Ziguinchor,Carte Bancaire,Retrait,iPhone,65737,0,0,Normal
3051,CUST_220,2025-05-06 13:28:00,Saint-Louis,Orange Money,Paiement,Android,41852,0,0,Normal
3052,CUST_575,2025-04-10 09:05:00,Thiès,Orange Money,Transfert,iPhone,8481,0,0,Normal
3053,CUST_413,2025-04-27 12:52:00,Ziguinchor,Free Money,Transfert,iPhone,13855,35,1,Comportement suspect
3054,CUST_716,2025-03-25 09:25:00,Kaolack,Carte Bancaire,Retrait,iPhone,35900,0,0,Normal
3055,CUST_214,2025-06-18 00:41:00,Saint-Louis,Carte Bancaire,Transfert,Android,52700,0,0,Normal
3056,CUST_187,2025-05-30 17:39:00,Dakar,Wave,Retrait,iPhone,32836,0,0,Normal
3057,CUST_297,2025-01-15 08:22:00,Kaolack,Carte Bancaire,Paiement,Android,45158,0,0,Normal
3058,CUST_739,2025-06-30 12:36:00,Thiès,Free Money,Retrait,Android,34816,0,0,Normal
3059,CUST_694,2025-01-11 09:01:00,Thiès,Orange Money,Retrait,Android,12367,0,0,Normal
3060,CUST_668,2025-02-13 07:10:00,Kaolack,Wave,Retrait,iPhone,55979,0,0,Normal
3061,CUST_915,2025-02-10 13:02:00,Thiès,Free Money,Paiement,Android,32331,0,0,Normal
3062,CUST_399,2025-01-16 16:35:00,Kaolack,Wave,Paiement,iPhone,32868,0,0,Normal
3063,CUST_866,2025-02-18 09:41:00,Dakar,Carte Bancaire,Retrait,iPhone,69633,0,0,Normal
3064,CUST_504,2025-01-08 07:25:00,Saint-Louis,Carte Bancaire,Paiement,iPhone,45896,0,0,Normal
3065,CUST_365,2025-05-29 11:58:00,Saint-Louis,Wave,Transfert,iPhone,17016,0,0,Normal
3066,CUST_500,2025-04-10 10:38:00,Dakar,Orange Money,Paiement,iPhone,48549,0,0,Normal
3067,CUST_214,2025-01-09 09:25:00,Saint-Louis,Carte Bancaire,Retrait,Android,58600,0,0,Normal
3068,CUST_382,2025-02-21 16:04:00,Dakar,Free Money,Paiement,Android,7916,30,0,Normal
3069,CUST_630,2025-03-07 10:53:00,Saint-Louis,Free Money,Paiement,Android,26544,0,0,Normal
3070,CUST_455,2025-05-21 05:30:00,Thiès,Carte Bancaire,Retrait,Android,3374,0,0,Normal
3071,CUST_58,2025-04-16 09:21:00,Ziguinchor,Orange Money,Paiement,Android,58796,0,0,Normal
3072,CUST_453,2025-06-20 05:07:00,Dakar,Carte Bancaire,Paiement,Android,56549,0,0,Normal
3073,CUST_453,2025-04-17 14:49:00,Dakar,Free Money,Retrait,iPhone,22011,0,0,Normal
3074,CUST_254,2025-01-09 07:52:00,Saint-Louis,Orange Money,Transfert,iPhone,44116,0,0,Normal
3075,CUST_827,2025-03-30 14:48:00,Dakar,Carte Bancaire,Transfert,iPhone,20680,35,1,Comportement suspect
3076,CUST_636,2025-05-27 10:44:00,Kaolack,Free Money,Paiement,iPhone,25398,0,0,Normal
3077,CUST_417,2025-02-19 17:30:00,Thiès,Orange Money,Paiement,Android,23657,0,0,Normal
3078,CUST_49,2025-06-02 17:37:00,Kaolack,Wave,Retrait,iPhone,2332,0,0,Normal
3079,CUST_850,2025-01-25 00:58:00,Dakar,Free Money,Transfert,iPhone,26407,0,0,Normal
3080,CUST_665,2025-02-15 17:27:00,Kaolack,Free Money,Paiement,Android,11930,0,0,Normal
3081,CUST_654,2025-01-06 18:20:00,Ziguinchor,Orange Money,Paiement,Android,8121,0,0,Normal
3082,CUST_210,2025-03-14 10:06:00,Dakar,Carte Bancaire,Retrait,Android,50971,0,0,Normal
3083,CUST_58,2025-05-20 15:01:00,Thiès,Orange Money,Retrait,Android,63813,35,1,Comportement suspect
3084,CUST_515,2025-05-06 11:37:00,Kaolack,Carte Bancaire,Retrait,Android,13353,0,0,Normal
3085,CUST_860,2025-02-19 12:28:00,Saint-Louis,Wave,Paiement,iPhone,32711,0,0,Normal
3086,CUST_535,2025-05-13 13:16:00,Ziguinchor,Wave,Transfert,iPhone,5914,0,0,Normal
3087,CUST_213,2025-02-08 08:59:00,Ziguinchor,Free Money,Retrait,iPhone,37668,0,0,Normal
3088,CUST_259,2025-05-22 17:54:00,Ziguinchor,Free Money,Retrait,iPhone,10564,0,0,Normal
3089,CUST_964,2025-03-23 09:09:00,Saint-Louis,Carte Bancaire,Transfert,iPhone,18011,0,0,Normal
3090,CUST_836,2025-05-06 12:13:00,Kaolack,Carte Bancaire,Retrait,iPhone,39179,0,0,Normal
3091,CUST_517,2025-02-23 15:37:00,Kaolack,Carte Bancaire,Paiement,iPhone,78233,0,0,Normal
3092,CUST_771,2025-02-28 05:27:00,Thiès,Wave,Paiement,iPhone,27543,0,0,Normal
3093,CUST_501,2025-03-25 13:01:00,Saint-Louis,Carte Bancaire,Transfert,Android,43788,0,0,Normal
3094,CUST_120,2025-02-11 11:05:00,Kaolack,Orange Money,Transfert,Android,31129,0,0,Normal
3095,CUST_176,2025-05-19 15:13:00,Saint-Louis,Orange Money,Paiement,iPhone,3959,0,0,Normal
3096,CUST_526,2025-02-08 20:39:00,Thiès,Wave,Retrait,Android,17494,0,0,Normal
3097,CUST_237,2025-03-17 12:03:00,Saint-Louis,Orange Money,Transfert,iPhone,40497,0,0,Normal
3098,CUST_357,2025-02-10 07:43:00,Dakar,Wave,Paiement,Android,40658,0,0,Normal
3099,CUST_662,2025-01-03 13:48:00,Ziguinchor,Orange Money,Paiement,Android,17072,0,0,Normal
3100,CUST_692,2025-01-07 12:42:00,Ziguinchor,Free Money,Paiement,Android,7487,0,0,Normal
3101,CUST_499,2025-03-26 12:47:00,Thiès,Orange Money,Transfert,Android,6220,0,0,Normal
3102,CUST_434,2025-06-09 11:17:00,Ziguinchor,Carte Bancaire,Paiement,Android,78198,0,0,Normal
3103,CUST_952,2025-05-05 09:53:00,Kaolack,Wave,Paiement,iPhone,36946,0,0,Normal
3104,CUST_385,2025-04-30 09:28:00,Ziguinchor,Free Money,Retrait,Android,41501,0,0,Normal
3105,CUST_9,2025-03-14 19:03:00,Thiès,Wave,Retrait,iPhone,6927,0,0,Normal
3106,CUST_149,2025-06-29 17:22:00,Saint-Louis,Wave,Paiement,Android,29049,0,0,Normal
3107,CUST_41,2025-05-12 16:24:00,Saint-Louis,Orange Money,Retrait,Android,9784,0,0,Normal
3108,CUST_26,2025-02-21 10:56:00,Kaolack,Carte Bancaire,Retrait,iPhone,13815,0,0,Normal
3109,CUST_461,2025-05-23 18:12:00,Ziguinchor,Carte Bancaire,Transfert,Android,44717,0,0,Normal
3110,CUST_945,2025-02-28 09:32:00,Ziguinchor,Orange Money,Retrait,iPhone,60460,0,0,Normal
3111,CUST_664,2025-01-26 19:32:00,Ziguinchor,Carte Bancaire,Paiement,Android,43264,0,0,Normal
3112,CUST_773,2025-04-07 20:39:00,Saint-Louis,Wave,Transfert,Android,34039,0,0,Normal
3113,CUST_289,2025-04-16 22:39:00,Ziguinchor,Free Money,Paiement,iPhone,43606,0,0,Normal
3114,CUST_538,2025-05-21 18:06:00,Saint-Louis,Carte Bancaire,Paiement,iPhone,50943,0,0,Normal
3115,CUST_994,2025-02-15 14:22:00,Thiès,Free Money,Transfert,iPhone,43753,0,0,Normal
3116,CUST_33,2025-03-10 02:39:00,Kaolack,Wave,Transfert,Android,13348,25,0,Normal
3117,CUST_286,2025-01-24 09:55:00,Thiès,Orange Money,Transfert,Android,26325,0,0,Normal
3118,CUST_213,2025-03-15 15:10:00,Ziguinchor,Orange Money,Paiement,iPhone,15449,0,0,Normal
3119,CUST_46,2025-03-26 11:36:00,Thiès,Free Money,Transfert,Android,25466,0,0,Normal
3120,CUST_331,2025-02-16 08:14:00,Kaolack,Free Money,Paiement,iPhone,3326,0,0,Normal
3121,CUST_933,2025-04-11 23:18:00,Dakar,Carte Bancaire,Retrait,iPhone,35416,0,0,Normal
3122,CUST_454,2025-02-26 12:31:00,Dakar,Carte Bancaire,Paiement,Android,15877,0,0,Normal
3123,CUST_817,2025-04-29 14:19:00,Kaolack,Wave,Retrait,Android,41453,30,0,Normal
3124,CUST_525,2025-04-03 14:11:00,Thiès,Carte Bancaire,Retrait,iPhone,13841,35,1,Comportement suspect
3125,CUST_511,2025-02-08 13:45:00,Thiès,Carte Bancaire,Transfert,iPhone,49723,0,0,Normal
3126,CUST_945,2025-05-01 10:12:00,Ziguinchor,Carte Bancaire,Retrait,Android,47827,0,0,Normal
3127,CUST_249,2025-05-16 11:47:00,Saint-Louis,Orange Money,Paiement,Android,21356,0,0,Normal
3128,CUST_966,2025-01-11 08:15:00,Dakar,Wave,Transfert,iPhone,33162,0,0,Normal
3129,CUST_693,2025-06-27 08:11:00,Saint-Louis,Orange Money,Paiement,iPhone,1634,0,0,Normal
3130,CUST_230,2025-03-17 11:52:00,Thiès,Wave,Paiement,Android,24517,0,0,Normal
3131,CUST_309,2025-04-30 12:35:00,Dakar,Wave,Transfert,iPhone,36722,0,0,Normal
3132,CUST_897,2025-01-02 00:32:00,Thiès,Free Money,Paiement,Android,34379,0,0,Normal
3133,CUST_795,2025-05-20 17:59:00,Saint-Louis,Free Money,Paiement,Android,12360,0,0,Normal
3134,CUST_904,2025-06-22 12:03:00,Ziguinchor,Wave,Paiement,iPhone,11600,0,0,Normal
3135,CUST_119,2025-06-08 16:28:00,Ziguinchor,Wave,Retrait,iPhone,45475,0,0,Normal
3136,CUST_159,2025-01-01 13:46:00,Kaolack,Wave,Paiement,Android,28824,0,0,Normal
3137,CUST_807,2025-06-24 10:01:00,Ziguinchor,Orange Money,Paiement,iPhone,42625,0,0,Normal
3138,CUST_912,2025-03-07 11:08:00,Dakar,Orange Money,Retrait,Android,45783,0,0,Normal
3139,CUST_878,2025-06-07 11:25:00,Dakar,Carte Bancaire,Transfert,Android,35810,35,1,Comportement suspect
3140,CUST_496,2025-05-21 14:41:00,Ziguinchor,Orange Money,Transfert,Android,25454,0,0,Normal
3141,CUST_513,2025-02-17 12:21:00,Kaolack,Wave,Transfert,Android,19422,0,0,Normal
3142,CUST_89,2025-06-30 15:47:00,Ziguinchor,Wave,Retrait,iPhone,21676,0,0,Normal
3143,CUST_267,2025-02-20 19:15:00,Thiès,Carte Bancaire,Paiement,Android,15211,0,0,Normal
3144,CUST_693,2025-05-23 10:43:00,Saint-Louis,Carte Bancaire,Retrait,iPhone,5364,0,0,Normal
3145,CUST_320,2025-03-19 11:29:00,Kaolack,Free Money,Retrait,Android,6838,0,0,Normal
3146,CUST_458,2025-01-03 01:44:00,Dakar,Wave,Paiement,iPhone,77314,25,0,Normal
3147,CUST_853,2025-02-12 14:52:00,Thiès,Orange Money,Retrait,Android,38912,0,0,Normal
3148,CUST_545,2025-01-27 15:50:00,Ziguinchor,Free Money,Transfert,iPhone,59161,0,0,Normal
3149,CUST_657,2025-05-21 09:27:00,Thiès,Carte Bancaire,Paiement,iPhone,24021,0,0,Normal
3150,CUST_434,2025-03-11 08:06:00,Ziguinchor,Free Money,Paiement,Android,51397,0,0,Normal
3151,CUST_423,2025-03-01 17:55:00,Kaolack,Orange Money,Retrait,iPhone,37934,30,0,Normal
3152,CUST_791,2025-01-28 18:54:00,Kaolack,Orange Money,Retrait,Android,759,0,0,Normal
3153,CUST_64,2025-02-14 08:36:00,Dakar,Free Money,Transfert,iPhone,26378,0,0,Normal
3154,CUST_765,2025-06-28 16:44:00,Thiès,Orange Money,Paiement,Android,500,0,0,Normal
3155,CUST_23,2025-06-02 18:22:00,Ziguinchor,Orange Money,Transfert,Android,27387,0,0,Normal
3156,CUST_942,2025-02-12 17:55:00,Thiès,Orange Money,Transfert,Android,6610,0,0,Normal
3157,CUST_223,2025-05-01 06:42:00,Thiès,Orange Money,Retrait,Android,45901,0,0,Normal
3158,CUST_606,2025-02-08 13:48:00,Ziguinchor,Carte Bancaire,Transfert,iPhone,25304,0,0,Normal
3159,CUST_144,2025-04-30 11:48:00,Kaolack,Free Money,Paiement,Android,47421,0,0,Normal
3160,CUST_671,2025-03-29 16:37:00,Ziguinchor,Orange Money,Paiement,iPhone,23848,0,0,Normal
3161,CUST_852,2025-05-13 17:48:00,Dakar,Carte Bancaire,Transfert,Android,26544,0,0,Normal
3162,CUST_744,2025-03-03 03:35:00,Saint-Louis,Wave,Transfert,Android,38460,25,0,Normal
3163,CUST_625,2025-04-22 14:10:00,Saint-Louis,Carte Bancaire,Retrait,Android,6747,0,0,Normal
3164,CUST_814,2025-06-25 18:26:00,Kaolack,Free Money,Transfert,iPhone,22937,0,0,Normal
3165,CUST_373,2025-06-12 12:03:00,Kaolack,Orange Money,Paiement,iPhone,49970,0,0,Normal
3166,CUST_838,2025-05-31 13:18:00,Thiès,Wave,Paiement,Android,29229,0,0,Normal
3167,CUST_455,2025-05-28 08:05:00,Thiès,Free Money,Paiement,Android,4915,0,0,Normal
3168,CUST_945,2025-05-02 15:55:00,Ziguinchor,Orange Money,Transfert,iPhone,500,0,0,Normal
3169,CUST_694,2025-03-14 13:19:00,Thiès,Carte Bancaire,Transfert,Android,9445,0,0,Normal
3170,CUST_152,2025-05-12 08:16:00,Ziguinchor,Carte Bancaire,Paiement,Android,25782,0,0,Normal
3171,CUST_533,2025-02-16 10:13:00,Dakar,Wave,Transfert,Android,25052,0,0,Normal
3172,CUST_417,2025-02-27 09:16:00,Thiès,Free Money,Retrait,Android,98985,0,0,Normal
3173,CUST_746,2025-06-13 17:40:00,Ziguinchor,Carte Bancaire,Paiement,iPhone,28624,0,0,Normal
3174,CUST_123,2025-03-21 18:14:00,Dakar,Carte Bancaire,Retrait,Android,25131,0,0,Normal
3175,CUST_620,2025-02-23 13:55:00,Thiès,Carte Bancaire,Paiement,iPhone,9784,0,0,Normal
3176,CUST_71,2025-06-04 13:48:00,Ziguinchor,Wave,Retrait,Android,44398,0,0,Normal
3177,CUST_743,2025-06-17 21:42:00,Ziguinchor,Carte Bancaire,Transfert,Android,12892,0,0,Normal
3178,CUST_46,2025-05-17 06:39:00,Thiès,Orange Money,Paiement,iPhone,25872,0,0,Normal
3179,CUST_37,2025-06-12 19:55:00,Thiès,Carte Bancaire,Transfert,iPhone,5373,0,0,Normal
3180,CUST_359,2025-06-16 08:51:00,Saint-Louis,Carte Bancaire,Retrait,iPhone,26954,0,0,Normal
3181,CUST_81,2025-04-22 13:03:00,Thiès,Carte Bancaire,Paiement,Android,49542,0,0,Normal
3182,CUST_547,2025-06-26 19:27:00,Saint-Louis,Orange Money,Retrait,iPhone,17023,0,0,Normal
3183,CUST_206,2025-05-04 14:23:00,Ziguinchor,Wave,Paiement,iPhone,37235,0,0,Normal
3184,CUST_791,2025-06-10 09:04:00,Kaolack,Orange Money,Retrait,iPhone,34048,0,0,Normal
3185,CUST_361,2025-06-01 08:52:00,Dakar,Free Money,Transfert,iPhone,42589,0,0,Normal
3186,CUST_16,2025-03-18 16:15:00,Saint-Louis,Orange Money,Transfert,Android,69152,0,0,Normal
3187,CUST_173,2025-03-01 07:00:00,Saint-Louis,Free Money,Retrait,iPhone,20903,0,0,Normal
3188,CUST_610,2025-04-15 12:49:00,Saint-Louis,Wave,Paiement,iPhone,5408,0,0,Normal
3189,CUST_941,2025-02-11 20:21:00,Ziguinchor,Orange Money,Retrait,Android,18601,0,0,Normal
3190,CUST_484,2025-02-19 05:35:00,Saint-Louis,Carte Bancaire,Retrait,Android,45997,0,0,Normal
3191,CUST_266,2025-01-26 14:31:00,Saint-Louis,Orange Money,Transfert,iPhone,34837,0,0,Normal
3192,CUST_285,2025-03-06 10:15:00,Thiès,Orange Money,Transfert,iPhone,500,0,0,Normal
3193,CUST_523,2025-02-14 12:05:00,Kaolack,Free Money,Retrait,iPhone,91029,0,0,Normal
3194,CUST_801,2025-04-15 12:56:00,Dakar,Free Money,Paiement,Android,29752,0,0,Normal
3195,CUST_217,2025-03-29 15:19:00,Kaolack,Orange Money,Transfert,Android,3432,0,0,Normal
3196,CUST_178,2025-03-25 10:40:00,Kaolack,Free Money,Transfert,iPhone,38131,0,0,Normal
3197,CUST_606,2025-02-19 10:57:00,Ziguinchor,Free Money,Transfert,iPhone,23839,0,0,Normal
3198,CUST_978,2025-01-13 15:18:00,Kaolack,Orange Money,Retrait,Android,21587,0,0,Normal
3199,CUST_502,2025-05-10 13:42:00,Kaolack,Orange Money,Transfert,Android,29602,0,0,Normal
3200,CUST_548,2025-04-14 20:26:00,Saint-Louis,Free Money,Transfert,iPhone,19875,0,0,Normal
3201,CUST_337,2025-05-27 17:46:00,Thiès,Carte Bancaire,Retrait,Android,31529,0,0,Normal
3202,CUST_393,2025-01-14 15:49:00,Saint-Louis,Wave,Transfert,Android,11756,0,0,Normal
3203,CUST_333,2025-04-24 19:43:00,Saint-Louis,Free Money,Transfert,iPhone,4882,0,0,Normal
3204,CUST_546,2025-05-25 20:59:00,Saint-Louis,Carte Bancaire,Paiement,Android,8403,0,0,Normal
3205,CUST_889,2025-06-14 06:40:00,Thiès,Free Money,Retrait,iPhone,17743,0,0,Normal
3206,CUST_833,2025-02-06 08:20:00,Saint-Louis,Wave,Transfert,iPhone,59600,0,0,Normal
3207,CUST_216,2025-01-27 17:18:00,Dakar,Orange Money,Paiement,iPhone,14490,0,0,Normal
3208,CUST_273,2025-05-30 08:11:00,Saint-Louis,Orange Money,Retrait,iPhone,12475,0,0,Normal
3209,CUST_143,2025-01-25 17:25:00,Ziguinchor,Wave,Transfert,iPhone,63388,0,0,Normal
3210,CUST_230,2025-06-07 20:58:00,Thiès,Free Money,Transfert,iPhone,19847,0,0,Normal
3211,CUST_57,2025-06-17 06:50:00,Ziguinchor,Free Money,Transfert,Android,44263,0,0,Normal
3212,CUST_126,2025-05-31 12:54:00,Kaolack,Free Money,Retrait,iPhone,9442,0,0,Normal
3213,CUST_956,2025-04-27 15:45:00,Saint-Louis,Orange Money,Retrait,Android,26592,0,0,Normal
3214,CUST_227,2025-05-21 08:59:00,Ziguinchor,Free Money,Transfert,iPhone,2489,0,0,Normal
3215,CUST_960,2025-06-07 10:02:00,Ziguinchor,Free Money,Paiement,Android,27408,0,0,Normal
3216,CUST_145,2025-03-28 06:51:00,Dakar,Carte Bancaire,Retrait,Android,11961,0,0,Normal
3217,CUST_639,2025-03-05 09:14:00,Saint-Louis,Carte Bancaire,Transfert,iPhone,38056,0,0,Normal
3218,CUST_29,2025-01-19 00:02:00,Saint-Louis,Carte Bancaire,Paiement,iPhone,50209,0,0,Normal
3219,CUST_59,2025-06-03 10:19:00,Thiès,Orange Money,Paiement,Android,14570,0,0,Normal
3220,CUST_480,2025-03-17 18:22:00,Ziguinchor,Wave,Paiement,Android,15668,0,0,Normal
3221,CUST_955,2025-03-21 11:20:00,Saint-Louis,Free Money,Retrait,Android,54733,0,0,Normal
3222,CUST_725,2025-01-27 20:50:00,Thiès,Orange Money,Retrait,iPhone,36684,35,1,Comportement suspect
3223,CUST_127,2025-02-23 09:31:00,Dakar,Wave,Transfert,Android,22285,0,0,Normal
3224,CUST_35,2025-02-23 21:16:00,Kaolack,Wave,Transfert,iPhone,16499,35,1,Comportement suspect
3225,CUST_667,2025-04-14 10:02:00,Saint-Louis,Free Money,Transfert,iPhone,38173,0,0,Normal
3226,CUST_189,2025-05-26 20:28:00,Thiès,Carte Bancaire,Transfert,Android,55247,0,0,Normal
3227,CUST_175,2025-06-20 18:03:00,Kaolack,Wave,Paiement,Android,16589,0,0,Normal
3228,CUST_667,2025-01-22 14:10:00,Saint-Louis,Orange Money,Transfert,Android,50563,0,0,Normal
3229,CUST_504,2025-04-14 13:35:00,Saint-Louis,Orange Money,Retrait,Android,22407,0,0,Normal
3230,CUST_478,2025-02-24 06:55:00,Dakar,Orange Money,Retrait,iPhone,581,0,0,Normal
3231,CUST_786,2025-04-28 11:41:00,Dakar,Orange Money,Retrait,iPhone,21209,0,0,Normal
3232,CUST_80,2025-04-07 13:01:00,Kaolack,Carte Bancaire,Transfert,iPhone,14828,35,1,Comportement suspect
3233,CUST_572,2025-05-30 16:23:00,Thiès,Wave,Transfert,iPhone,20166,0,0,Normal
3234,CUST_850,2025-03-14 15:22:00,Dakar,Orange Money,Retrait,iPhone,31234,0,0,Normal
3235,CUST_972,2025-05-03 09:42:00,Ziguinchor,Carte Bancaire,Transfert,Android,36157,0,0,Normal
3236,CUST_804,2025-01-08 14:32:00,Thiès,Free Money,Paiement,Android,9133,0,0,Normal
3237,CUST_183,2025-03-08 13:23:00,Thiès,Wave,Transfert,Android,33339,0,0,Normal
3238,CUST_558,2025-05-25 16:19:00,Ziguinchor,Wave,Transfert,Android,21258,30,0,Normal
3239,CUST_74,2025-01-23 05:25:00,Ziguinchor,Wave,Retrait,iPhone,7388,0,0,Normal
3240,CUST_251,2025-04-24 14:23:00,Ziguinchor,Wave,Retrait,Android,8365,0,0,Normal
3241,CUST_258,2025-03-06 08:45:00,Ziguinchor,Wave,Paiement,Android,42698,0,0,Normal
3242,CUST_424,2025-04-27 16:50:00,Ziguinchor,Wave,Paiement,iPhone,18813,0,0,Normal
3243,CUST_413,2025-05-04 17:15:00,Kaolack,Orange Money,Paiement,iPhone,14898,0,0,Normal
3244,CUST_253,2025-05-18 13:51:00,Kaolack,Wave,Retrait,Android,3294,35,1,Comportement suspect
3245,CUST_363,2025-02-09 10:36:00,Thiès,Orange Money,Transfert,iPhone,33966,0,0,Normal
3246,CUST_968,2025-03-30 12:46:00,Saint-Louis,Carte Bancaire,Transfert,iPhone,35567,0,0,Normal
3247,CUST_100,2025-05-23 12:46:00,Dakar,Carte Bancaire,Transfert,Android,40933,0,0,Normal
3248,CUST_286,2025-01-26 17:26:00,Thiès,Wave,Retrait,iPhone,29074,0,0,Normal
3249,CUST_42,2025-05-27 10:15:00,Ziguinchor,Carte Bancaire,Retrait,iPhone,42433,0,0,Normal
3250,CUST_207,2025-04-07 10:16:00,Kaolack,Wave,Paiement,Android,18632,0,0,Normal
3251,CUST_943,2025-03-10 19:17:00,Saint-Louis,Free Money,Paiement,Android,43500,0,0,Normal
3252,CUST_100,2025-06-04 17:22:00,Dakar,Carte Bancaire,Paiement,Android,24098,0,0,Normal
3253,CUST_108,2025-01-22 10:05:00,Dakar,Free Money,Retrait,Android,55774,0,0,Normal
3254,CUST_492,2025-04-18 09:08:00,Ziguinchor,Carte Bancaire,Transfert,iPhone,30950,0,0,Normal
3255,CUST_702,2025-03-26 07:54:00,Ziguinchor,Carte Bancaire,Paiement,Android,500,0,0,Normal
3256,CUST_72,2025-03-11 18:10:00,Dakar,Orange Money,Paiement,iPhone,4777,0,0,Normal
3257,CUST_413,2025-02-16 18:19:00,Kaolack,Orange Money,Transfert,Android,17430,0,0,Normal
3258,CUST_78,2025-05-10 10:37:00,Saint-Louis,Wave,Retrait,Android,7368,30,0,Normal
3259,CUST_430,2025-03-10 05:02:00,Saint-Louis,Wave,Transfert,iPhone,27824,0,0,Normal
3260,CUST_970,2025-03-02 07:39:00,Kaolack,Free Money,Paiement,Android,16633,0,0,Normal
3261,CUST_190,2025-03-06 22:14:00,Dakar,Carte Bancaire,Transfert,iPhone,8101,0,0,Normal
3262,CUST_95,2025-01-20 09:29:00,Ziguinchor,Wave,Retrait,iPhone,47532,0,0,Normal
3263,CUST_921,2025-05-07 17:07:00,Thiès,Free Money,Transfert,iPhone,38205,0,0,Normal
3264,CUST_723,2025-05-22 20:58:00,Kaolack,Wave,Transfert,Android,64289,0,0,Normal
3265,CUST_407,2025-05-02 16:29:00,Kaolack,Wave,Retrait,Android,20059,0,0,Normal
3266,CUST_303,2025-06-23 08:52:00,Ziguinchor,Free Money,Transfert,iPhone,44403,0,0,Normal
3267,CUST_722,2025-03-11 07:35:00,Dakar,Free Money,Paiement,Android,19037,30,0,Normal
3268,CUST_193,2025-06-15 11:49:00,Thiès,Carte Bancaire,Retrait,Android,56128,0,0,Normal
3269,CUST_333,2025-06-03 13:30:00,Saint-Louis,Wave,Transfert,Android,10768,0,0,Normal
3270,CUST_414,2025-01-01 12:54:00,Thiès,Wave,Paiement,iPhone,52774,0,0,Normal
3271,CUST_209,2025-06-01 18:46:00,Saint-Louis,Wave,Paiement,Android,19753,0,0,Normal
3272,CUST_223,2025-05-02 19:20:00,Thiès,Wave,Retrait,iPhone,78576,0,0,Normal
3273,CUST_883,2025-01-31 14:27:00,Kaolack,Orange Money,Retrait,Android,56059,0,0,Normal
3274,CUST_279,2025-03-21 14:28:00,Saint-Louis,Orange Money,Retrait,Android,34472,0,0,Normal
3275,CUST_945,2025-02-12 15:36:00,Ziguinchor,Wave,Retrait,Android,25508,0,0,Normal
3276,CUST_246,2025-03-12 16:55:00,Kaolack,Carte Bancaire,Retrait,Android,58886,0,0,Normal
3277,CUST_497,2025-06-09 14:40:00,Thiès,Orange Money,Paiement,iPhone,5728,0,0,Normal
3278,CUST_262,2025-05-09 14:40:00,Ziguinchor,Carte Bancaire,Transfert,iPhone,50065,0,0,Normal
3279,CUST_993,2025-02-20 11:49:00,Thiès,Wave,Transfert,iPhone,59697,0,0,Normal
3280,CUST_441,2025-05-26 07:56:00,Ziguinchor,Carte Bancaire,Retrait,Android,1562,0,0,Normal
3281,CUST_894,2025-04-05 14:15:00,Ziguinchor,Carte Bancaire,Transfert,Android,16974,0,0,Normal
3282,CUST_809,2025-05-23 10:32:00,Thiès,Orange Money,Retrait,Android,19603,0,0,Normal
3283,CUST_617,2025-03-13 13:09:00,Dakar,Free Money,Paiement,Android,40460,0,0,Normal
3284,CUST_70,2025-03-19 11:39:00,Saint-Louis,Carte Bancaire,Paiement,iPhone,20949,0,0,Normal
3285,CUST_393,2025-05-01 15:24:00,Saint-Louis,Free Money,Transfert,Android,34212,0,0,Normal
3286,CUST_2,2025-05-07 22:18:00,Kaolack,Carte Bancaire,Transfert,Android,39747,0,0,Normal
3287,CUST_430,2025-01-25 15:28:00,Saint-Louis,Carte Bancaire,Transfert,Android,500,0,0,Normal
3288,CUST_538,2025-03-27 03:43:00,Saint-Louis,Orange Money,Retrait,Android,32175,25,0,Normal
3289,CUST_294,2025-05-07 07:57:00,Thiès,Carte Bancaire,Paiement,iPhone,19447,0,0,Normal
3290,CUST_44,2025-04-17 07:26:00,Kaolack,Orange Money,Retrait,Android,20655,0,0,Normal
3291,CUST_345,2025-06-16 10:26:00,Ziguinchor,Free Money,Paiement,iPhone,43992,0,0,Normal
3292,CUST_792,2025-03-18 10:33:00,Kaolack,Orange Money,Paiement,iPhone,23495,0,0,Normal
3293,CUST_893,2025-05-13 23:15:00,Saint-Louis,Wave,Retrait,Android,59801,0,0,Normal
3294,CUST_866,2025-01-02 07:12:00,Dakar,Carte Bancaire,Transfert,iPhone,56267,0,0,Normal
3295,CUST_802,2025-03-02 10:12:00,Kaolack,Carte Bancaire,Paiement,Android,21495,0,0,Normal
3296,CUST_818,2025-04-23 09:51:00,Kaolack,Wave,Paiement,Android,50542,0,0,Normal
3297,CUST_478,2025-03-31 16:44:00,Dakar,Free Money,Transfert,iPhone,35988,0,0,Normal
3298,CUST_664,2025-04-30 15:37:00,Ziguinchor,Free Money,Paiement,iPhone,1243,0,0,Normal
3299,CUST_92,2025-06-04 15:53:00,Saint-Louis,Wave,Transfert,iPhone,6335,0,0,Normal
3300,CUST_382,2025-06-06 07:51:00,Dakar,Carte Bancaire,Retrait,Android,13587,0,0,Normal
3301,CUST_785,2025-01-14 13:10:00,Saint-Louis,Free Money,Paiement,Android,11883,0,0,Normal
3302,CUST_755,2025-06-29 20:49:00,Saint-Louis,Wave,Retrait,Android,63060,0,0,Normal
3303,CUST_759,2025-05-25 06:26:00,Kaolack,Wave,Paiement,Android,42122,0,0,Normal
3304,CUST_267,2025-06-12 20:49:00,Thiès,Wave,Paiement,Android,14007,0,0,Normal
3305,CUST_969,2025-06-16 08:20:00,Ziguinchor,Orange Money,Retrait,iPhone,64387,0,0,Normal
3306,CUST_392,2025-02-06 08:36:00,Dakar,Carte Bancaire,Paiement,iPhone,32045,0,0,Normal
3307,CUST_187,2025-01-16 07:12:00,Dakar,Carte Bancaire,Retrait,Android,44320,0,0,Normal
3308,CUST_116,2025-04-28 18:58:00,Ziguinchor,Wave,Retrait,Android,1875,0,0,Normal
3309,CUST_869,2025-02-05 18:38:00,Kaolack,Wave,Transfert,Android,20102,0,0,Normal
3310,CUST_707,2025-01-09 15:14:00,Dakar,Orange Money,Transfert,Android,41881,0,0,Normal
3311,CUST_808,2025-06-22 10:58:00,Dakar,Wave,Transfert,Android,16181,0,0,Normal
3312,CUST_598,2025-06-14 14:01:00,Ziguinchor,Wave,Retrait,iPhone,14439,0,0,Normal
3313,CUST_850,2025-01-30 17:56:00,Dakar,Carte Bancaire,Paiement,Android,27909,0,0,Normal
3314,CUST_116,2025-06-12 08:11:00,Ziguinchor,Free Money,Retrait,iPhone,7470,0,0,Normal
3315,CUST_683,2025-05-03 08:14:00,Dakar,Free Money,Paiement,Android,26436,0,0,Normal
3316,CUST_260,2025-05-11 17:18:00,Dakar,Wave,Paiement,iPhone,53689,0,0,Normal
3317,CUST_892,2025-01-21 22:56:00,Thiès,Orange Money,Transfert,iPhone,3357,0,0,Normal
3318,CUST_771,2025-06-04 15:34:00,Thiès,Orange Money,Paiement,iPhone,54907,0,0,Normal
3319,CUST_118,2025-05-02 11:29:00,Thiès,Carte Bancaire,Retrait,Android,3380,0,0,Normal
3320,CUST_332,2025-02-22 19:55:00,Ziguinchor,Orange Money,Transfert,Android,21369,0,0,Normal
3321,CUST_470,2025-01-04 12:07:00,Thiès,Carte Bancaire,Paiement,Android,21463,0,0,Normal
3322,CUST_973,2025-02-23 08:25:00,Thiès,Carte Bancaire,Paiement,iPhone,3865,0,0,Normal
3323,CUST_842,2025-06-26 13:42:00,Saint-Louis,Wave,Retrait,iPhone,6059,0,0,Normal
3324,CUST_688,2025-06-14 03:52:00,Thiès,Carte Bancaire,Retrait,iPhone,36497,25,0,Normal
3325,CUST_615,2025-04-15 07:19:00,Ziguinchor,Orange Money,Paiement,Android,44223,0,0,Normal
3326,CUST_545,2025-03-25 02:09:00,Ziguinchor,Orange Money,Paiement,iPhone,52887,25,0,Normal
3327,CUST_519,2025-02-03 05:07:00,Kaolack,Orange Money,Paiement,iPhone,7160,0,0,Normal
3328,CUST_965,2025-05-04 19:49:00,Thiès,Orange Money,Paiement,iPhone,59223,0,0,Normal
3329,CUST_870,2025-02-23 02:33:00,Ziguinchor,Carte Bancaire,Retrait,Android,18157,25,0,Normal
3330,CUST_178,2025-02-01 00:05:00,Kaolack,Carte Bancaire,Transfert,iPhone,39304,0,0,Normal
3331,CUST_980,2025-03-06 09:12:00,Saint-Louis,Orange Money,Retrait,Android,26423,0,0,Normal
3332,CUST_608,2025-01-25 06:10:00,Saint-Louis,Orange Money,Retrait,Android,5524,0,0,Normal
3333,CUST_562,2025-02-14 20:58:00,Ziguinchor,Orange Money,Paiement,iPhone,6051,0,0,Normal
3334,CUST_156,2025-01-02 13:53:00,Dakar,Carte Bancaire,Transfert,Android,68776,0,0,Normal
3335,CUST_497,2025-05-04 19:06:00,Thiès,Wave,Paiement,Android,6524,0,0,Normal
3336,CUST_236,2025-04-03 13:15:00,Ziguinchor,Wave,Retrait,iPhone,23682,0,0,Normal
3337,CUST_661,2025-01-02 12:19:00,Ziguinchor,Free Money,Paiement,iPhone,34336,0,0,Normal
3338,CUST_458,2025-04-18 00:08:00,Dakar,Free Money,Retrait,Android,500,0,0,Normal
3339,CUST_39,2025-01-04 12:25:00,Kaolack,Free Money,Paiement,Android,10045,0,0,Normal
3340,CUST_916,2025-05-17 12:01:00,Ziguinchor,Free Money,Transfert,Android,52912,0,0,Normal
3341,CUST_468,2025-01-10 09:36:00,Thiès,Orange Money,Transfert,Android,9195,0,0,Normal
3342,CUST_54,2025-06-03 08:55:00,Thiès,Carte Bancaire,Retrait,Android,22749,0,0,Normal
3343,CUST_247,2025-05-30 16:50:00,Kaolack,Wave,Paiement,iPhone,9442,0,0,Normal
3344,CUST_215,2025-05-11 15:05:00,Dakar,Carte Bancaire,Retrait,iPhone,33813,0,0,Normal
3345,CUST_227,2025-03-21 12:27:00,Ziguinchor,Free Money,Transfert,Android,1560,0,0,Normal
3346,CUST_28,2025-03-30 12:36:00,Ziguinchor,Orange Money,Retrait,Android,500,0,0,Normal
3347,CUST_633,2025-06-05 13:24:00,Saint-Louis,Orange Money,Retrait,iPhone,23213,0,0,Normal
3348,CUST_245,2025-01-21 10:55:00,Kaolack,Wave,Transfert,iPhone,14659,0,0,Normal
3349,CUST_337,2025-02-20 07:09:00,Thiès,Free Money,Retrait,Android,33473,0,0,Normal
3350,CUST_125,2025-05-24 10:23:00,Kaolack,Wave,Retrait,Android,13942,0,0,Normal
3351,CUST_485,2025-02-02 11:08:00,Kaolack,Carte Bancaire,Transfert,Android,32686,0,0,Normal
3352,CUST_445,2025-05-05 16:47:00,Saint-Louis,Orange Money,Retrait,iPhone,9083,0,0,Normal
3353,CUST_528,2025-06-21 10:27:00,Dakar,Wave,Retrait,iPhone,24775,0,0,Normal
3354,CUST_281,2025-02-27 14:36:00,Thiès,Carte Bancaire,Transfert,iPhone,13189,0,0,Normal
3355,CUST_990,2025-01-12 08:22:00,Thiès,Wave,Retrait,iPhone,2198,0,0,Normal
3356,CUST_616,2025-03-02 17:17:00,Thiès,Wave,Paiement,Android,778,0,0,Normal
3357,CUST_883,2025-01-20 09:49:00,Kaolack,Free Money,Retrait,Android,54698,0,0,Normal
3358,CUST_405,2025-04-14 19:35:00,Ziguinchor,Carte Bancaire,Paiement,iPhone,22321,0,0,Normal
3359,CUST_817,2025-01-07 03:48:00,Kaolack,Free Money,Retrait,iPhone,41173,25,0,Normal
3360,CUST_498,2025-06-03 13:58:00,Saint-Louis,Carte Bancaire,Paiement,iPhone,32069,0,0,Normal
3361,CUST_507,2025-04-11 19:10:00,Thiès,Carte Bancaire,Retrait,Android,41205,0,0,Normal
3362,CUST_132,2025-01-07 18:18:00,Saint-Louis,Wave,Retrait,Android,30005,0,0,Normal
3363,CUST_511,2025-01-16 09:19:00,Thiès,Carte Bancaire,Paiement,iPhone,66405,0,0,Normal
3364,CUST_319,2025-04-14 08:13:00,Kaolack,Orange Money,Retrait,iPhone,31588,0,0,Normal
3365,CUST_245,2025-04-05 11:48:00,Kaolack,Wave,Retrait,Android,52269,0,0,Normal
3366,CUST_992,2025-06-17 17:38:00,Saint-Louis,Free Money,Paiement,Android,36560,0,0,Normal
3367,CUST_748,2025-02-11 15:00:00,Kaolack,Wave,Retrait,iPhone,58678,0,0,Normal
3368,CUST_371,2025-01-17 15:48:00,Thiès,Carte Bancaire,Paiement,Android,9847,0,0,Normal
3369,CUST_851,2025-02-09 11:18:00,Ziguinchor,Free Money,Retrait,iPhone,15615,0,0,Normal
3370,CUST_359,2025-02-27 16:39:00,Saint-Louis,Wave,Transfert,Android,21406,0,0,Normal
3371,CUST_465,2025-03-06 19:21:00,Saint-Louis,Carte Bancaire,Transfert,iPhone,12614,0,0,Normal
3372,CUST_126,2025-02-06 16:03:00,Kaolack,Wave,Paiement,Android,42641,0,0,Normal
3373,CUST_396,2025-02-21 22:48:00,Thiès,Free Money,Retrait,iPhone,37960,0,0,Normal
3374,CUST_201,2025-06-05 15:39:00,Kaolack,Orange Money,Retrait,Android,21570,0,0,Normal
3375,CUST_774,2025-06-16 11:01:00,Dakar,Wave,Transfert,iPhone,4330,0,0,Normal
3376,CUST_454,2025-05-12 12:06:00,Dakar,Free Money,Paiement,Android,26773,0,0,Normal
3377,CUST_807,2025-03-31 15:59:00,Ziguinchor,Wave,Retrait,Android,10033,0,0,Normal
3378,CUST_283,2025-06-25 11:32:00,Kaolack,Orange Money,Paiement,Android,3311,0,0,Normal
3379,CUST_281,2025-02-06 14:42:00,Thiès,Free Money,Retrait,Android,39585,0,0,Normal
3380,CUST_403,2025-06-20 17:16:00,Dakar,Free Money,Retrait,Android,4588,0,0,Normal
3381,CUST_424,2025-01-19 10:00:00,Ziguinchor,Free Money,Transfert,Android,13292,0,0,Normal
3382,CUST_713,2025-01-23 16:41:00,Kaolack,Wave,Paiement,iPhone,9889,0,0,Normal
3383,CUST_896,2025-01-13 21:18:00,Kaolack,Wave,Paiement,Android,9762,0,0,Normal
3384,CUST_727,2025-03-28 11:05:00,Saint-Louis,Carte Bancaire,Paiement,Android,28510,0,0,Normal
3385,CUST_560,2025-06-16 21:44:00,Saint-Louis,Wave,Transfert,iPhone,20451,0,0,Normal
3386,CUST_452,2025-01-15 14:41:00,Kaolack,Orange Money,Paiement,iPhone,77581,35,1,Comportement suspect
3387,CUST_260,2025-02-19 19:47:00,Dakar,Orange Money,Transfert,iPhone,29335,0,0,Normal
3388,CUST_306,2025-03-16 18:24:00,Saint-Louis,Free Money,Transfert,Android,31393,0,0,Normal
3389,CUST_422,2025-04-25 15:03:00,Thiès,Orange Money,Transfert,iPhone,26127,0,0,Normal
3390,CUST_94,2025-02-17 11:54:00,Saint-Louis,Orange Money,Transfert,iPhone,33733,35,1,Comportement suspect
3391,CUST_920,2025-06-05 11:08:00,Kaolack,Carte Bancaire,Paiement,Android,17074,0,0,Normal
3392,CUST_925,2025-03-04 18:01:00,Kaolack,Orange Money,Transfert,Android,36190,35,1,Comportement suspect
3393,CUST_827,2025-05-22 10:14:00,Kaolack,Wave,Paiement,Android,7902,0,0,Normal
3394,CUST_730,2025-05-01 20:57:00,Saint-Louis,Carte Bancaire,Transfert,iPhone,2363,0,0,Normal
3395,CUST_343,2025-04-07 11:03:00,Ziguinchor,Orange Money,Transfert,iPhone,4187,0,0,Normal
3396,CUST_296,2025-02-28 21:12:00,Dakar,Free Money,Retrait,Android,6740,0,0,Normal
3397,CUST_116,2025-03-20 11:23:00,Ziguinchor,Wave,Transfert,iPhone,18163,0,0,Normal
3398,CUST_796,2025-02-02 03:55:00,Dakar,Free Money,Paiement,Android,20684,25,0,Normal
3399,CUST_885,2025-05-28 21:36:00,Saint-Louis,Wave,Transfert,Android,2846,0,0,Normal
3400,CUST_195,2025-03-26 10:55:00,Ziguinchor,Orange Money,Paiement,Android,9811,0,0,Normal
3401,CUST_441,2025-04-07 17:59:00,Ziguinchor,Carte Bancaire,Paiement,Android,500,0,0,Normal
3402,CUST_262,2025-01-17 02:05:00,Ziguinchor,Carte Bancaire,Transfert,iPhone,28038,25,0,Normal
3403,CUST_914,2025-02-24 07:18:00,Thiès,Free Money,Paiement,Android,500,0,0,Normal
3404,CUST_278,2025-03-09 12:37:00,Dakar,Orange Money,Retrait,Android,50872,0,0,Normal
3405,CUST_930,2025-02-07 07:24:00,Saint-Louis,Orange Money,Transfert,iPhone,14722,0,0,Normal
3406,CUST_241,2025-03-23 19:51:00,Thiès,Orange Money,Retrait,Android,27246,0,0,Normal
3407,CUST_417,2025-01-23 14:25:00,Thiès,Free Money,Retrait,iPhone,108071,0,0,Normal
3408,CUST_579,2025-04-15 18:30:00,Ziguinchor,Free Money,Paiement,iPhone,12938,0,0,Normal
3409,CUST_304,2025-03-06 11:35:00,Ziguinchor,Wave,Transfert,Android,68992,0,0,Normal
3410,CUST_761,2025-04-22 17:29:00,Thiès,Wave,Retrait,Android,64934,0,0,Normal
3411,CUST_804,2025-03-21 07:50:00,Thiès,Orange Money,Paiement,iPhone,7275,0,0,Normal
3412,CUST_54,2025-01-07 18:48:00,Thiès,Wave,Paiement,iPhone,13404,0,0,Normal
3413,CUST_371,2025-04-21 15:12:00,Thiès,Wave,Transfert,Android,15334,0,0,Normal
3414,CUST_434,2025-01-13 04:39:00,Ziguinchor,Carte Bancaire,Retrait,Android,39680,25,0,Normal
3415,CUST_938,2025-05-09 03:19:00,Kaolack,Carte Bancaire,Transfert,iPhone,10768,25,0,Normal
3416,CUST_521,2025-01-04 22:40:00,Kaolack,Wave,Paiement,iPhone,12697,0,0,Normal
3417,CUST_640,2025-05-14 19:39:00,Dakar,Free Money,Paiement,iPhone,38420,0,0,Normal
3418,CUST_261,2025-03-10 14:43:00,Kaolack,Carte Bancaire,Paiement,iPhone,22778,0,0,Normal
3419,CUST_417,2025-03-15 11:32:00,Thiès,Wave,Paiement,Android,48278,0,0,Normal
3420,CUST_806,2025-06-26 15:54:00,Saint-Louis,Wave,Transfert,iPhone,32269,0,0,Normal
3421,CUST_409,2025-05-02 18:10:00,Ziguinchor,Carte Bancaire,Retrait,iPhone,5765,0,0,Normal
3422,CUST_852,2025-04-09 07:43:00,Dakar,Wave,Transfert,Android,16978,0,0,Normal
3423,CUST_530,2025-04-17 09:52:00,Dakar,Wave,Paiement,Android,33532,0,0,Normal
3424,CUST_258,2025-01-28 12:03:00,Ziguinchor,Free Money,Retrait,Android,500,0,0,Normal
3425,CUST_156,2025-05-04 11:53:00,Dakar,Free Money,Paiement,Android,35214,0,0,Normal
3426,CUST_885,2025-06-02 09:10:00,Saint-Louis,Carte Bancaire,Paiement,Android,1327,0,0,Normal
3427,CUST_942,2025-05-11 05:19:00,Thiès,Carte Bancaire,Paiement,iPhone,500,0,0,Normal
3428,CUST_988,2025-06-15 13:55:00,Kaolack,Free Money,Retrait,iPhone,12239,0,0,Normal
3429,CUST_556,2025-04-18 14:51:00,Thiès,Orange Money,Paiement,Android,36835,0,0,Normal
3430,CUST_82,2025-05-07 18:38:00,Ziguinchor,Orange Money,Transfert,Android,500,0,0,Normal
3431,CUST_350,2025-01-11 08:14:00,Kaolack,Carte Bancaire,Transfert,iPhone,500,0,0,Normal
3432,CUST_532,2025-01-04 08:46:00,Saint-Louis,Wave,Transfert,iPhone,72763,0,0,Normal
3433,CUST_732,2025-06-22 22:27:00,Dakar,Orange Money,Retrait,iPhone,16221,0,0,Normal
3434,CUST_620,2025-03-04 10:24:00,Thiès,Wave,Paiement,Android,21502,0,0,Normal
3435,CUST_800,2025-04-24 11:56:00,Ziguinchor,Wave,Paiement,iPhone,21805,0,0,Normal
3436,CUST_323,2025-01-14 16:38:00,Kaolack,Orange Money,Paiement,iPhone,5112,0,0,Normal
3437,CUST_659,2025-06-03 08:10:00,Ziguinchor,Wave,Retrait,iPhone,10395,0,0,Normal
3438,CUST_573,2025-06-12 06:21:00,Dakar,Orange Money,Transfert,iPhone,6143,0,0,Normal
3439,CUST_758,2025-03-03 17:04:00,Thiès,Orange Money,Retrait,iPhone,15085,35,1,Comportement suspect
3440,CUST_225,2025-02-11 18:01:00,Saint-Louis,Free Money,Transfert,iPhone,30217,0,0,Normal
3441,CUST_176,2025-01-24 06:53:00,Saint-Louis,Free Money,Retrait,Android,2340,0,0,Normal
3442,CUST_373,2025-03-05 18:59:00,Kaolack,Free Money,Retrait,iPhone,32034,0,0,Normal
3443,CUST_883,2025-01-03 07:16:00,Kaolack,Free Money,Retrait,iPhone,37774,0,0,Normal
3444,CUST_932,2025-03-01 08:23:00,Ziguinchor,Free Money,Transfert,iPhone,41003,0,0,Normal
3445,CUST_98,2025-03-07 14:45:00,Kaolack,Orange Money,Transfert,Android,30575,0,0,Normal
3446,CUST_493,2025-06-12 08:06:00,Saint-Louis,Wave,Retrait,Android,17778,0,0,Normal
3447,CUST_984,2025-03-05 00:42:00,Thiès,Carte Bancaire,Transfert,iPhone,8199,0,0,Normal
3448,CUST_60,2025-03-03 14:32:00,Kaolack,Free Money,Transfert,iPhone,1485,35,1,Comportement suspect
3449,CUST_380,2025-03-05 09:44:00,Dakar,Carte Bancaire,Retrait,Android,41728,35,1,Comportement suspect
3450,CUST_890,2025-05-10 15:09:00,Thiès,Wave,Paiement,Android,52672,0,0,Normal
3451,CUST_938,2025-05-06 11:45:00,Kaolack,Orange Money,Paiement,Android,6195,0,0,Normal
3452,CUST_460,2025-06-14 16:19:00,Dakar,Free Money,Retrait,iPhone,8986,0,0,Normal
3453,CUST_693,2025-02-10 09:42:00,Saint-Louis,Wave,Paiement,iPhone,6326,0,0,Normal
3454,CUST_416,2025-05-29 10:05:00,Thiès,Carte Bancaire,Transfert,Android,42028,0,0,Normal
3455,CUST_222,2025-05-01 13:19:00,Dakar,Carte Bancaire,Paiement,Android,3980,0,0,Normal
3456,CUST_463,2025-01-04 13:11:00,Thiès,Carte Bancaire,Transfert,iPhone,47291,0,0,Normal
3457,CUST_337,2025-05-17 07:32:00,Thiès,Carte Bancaire,Paiement,iPhone,38525,0,0,Normal
3458,CUST_280,2025-04-06 17:53:00,Thiès,Orange Money,Retrait,Android,36542,0,0,Normal
3459,CUST_354,2025-02-15 14:51:00,Saint-Louis,Orange Money,Retrait,iPhone,4705,0,0,Normal
3460,CUST_270,2025-06-27 10:51:00,Dakar,Wave,Transfert,Android,11874,0,0,Normal
3461,CUST_608,2025-01-13 13:02:00,Dakar,Free Money,Retrait,Android,4516,35,1,Comportement suspect
3462,CUST_268,2025-05-21 18:36:00,Thiès,Orange Money,Transfert,Android,31105,0,0,Normal
3463,CUST_994,2025-05-16 10:54:00,Thiès,Free Money,Retrait,iPhone,12620,0,0,Normal
3464,CUST_47,2025-06-13 21:10:00,Kaolack,Carte Bancaire,Paiement,Android,18610,0,0,Normal
3465,CUST_26,2025-03-20 15:59:00,Kaolack,Free Money,Paiement,Android,14086,0,0,Normal
3466,CUST_760,2025-02-02 00:10:00,Saint-Louis,Carte Bancaire,Paiement,iPhone,500,0,0,Normal
3467,CUST_272,2025-04-19 15:42:00,Thiès,Carte Bancaire,Transfert,Android,5684,0,0,Normal
3468,CUST_982,2025-02-16 17:59:00,Saint-Louis,Wave,Paiement,Android,500,0,0,Normal
3469,CUST_660,2025-03-20 15:12:00,Dakar,Orange Money,Transfert,iPhone,2546,0,0,Normal
3470,CUST_409,2025-06-13 13:39:00,Ziguinchor,Wave,Transfert,Android,9288,0,0,Normal
3471,CUST_596,2025-03-06 18:29:00,Ziguinchor,Carte Bancaire,Paiement,Android,20754,0,0,Normal
3472,CUST_471,2025-01-11 10:00:00,Kaolack,Orange Money,Retrait,Android,500,0,0,Normal
3473,CUST_504,2025-06-23 12:34:00,Saint-Louis,Free Money,Paiement,Android,37211,0,0,Normal
3474,CUST_955,2025-05-10 09:32:00,Saint-Louis,Orange Money,Transfert,iPhone,73322,0,0,Normal
3475,CUST_588,2025-03-16 02:03:00,Ziguinchor,Wave,Retrait,iPhone,5126,25,0,Normal
3476,CUST_152,2025-04-07 16:31:00,Ziguinchor,Orange Money,Transfert,iPhone,2613,0,0,Normal
3477,CUST_36,2025-06-27 06:29:00,Ziguinchor,Carte Bancaire,Retrait,iPhone,35589,0,0,Normal
3478,CUST_27,2025-05-12 08:59:00,Saint-Louis,Orange Money,Transfert,iPhone,500,0,0,Normal
3479,CUST_333,2025-03-31 09:34:00,Saint-Louis,Free Money,Transfert,iPhone,26720,0,0,Normal
3480,CUST_600,2025-04-06 03:25:00,Saint-Louis,Free Money,Transfert,Android,4478,25,0,Normal
3481,CUST_536,2025-03-08 07:14:00,Ziguinchor,Carte Bancaire,Retrait,iPhone,32557,0,0,Normal
3482,CUST_512,2025-06-03 08:30:00,Thiès,Wave,Paiement,Android,21765,0,0,Normal
3483,CUST_416,2025-01-19 21:02:00,Thiès,Free Money,Retrait,iPhone,41296,0,0,Normal
3484,CUST_659,2025-06-01 17:13:00,Ziguinchor,Orange Money,Transfert,iPhone,3773,0,0,Normal
3485,CUST_403,2025-03-28 05:12:00,Dakar,Orange Money,Paiement,Android,5828,0,0,Normal
3486,CUST_966,2025-06-22 23:01:00,Dakar,Carte Bancaire,Paiement,Android,60878,0,0,Normal
3487,CUST_649,2025-03-20 14:49:00,Saint-Louis,Orange Money,Transfert,iPhone,34833,0,0,Normal
3488,CUST_775,2025-01-24 13:49:00,Dakar,Wave,Retrait,Android,4308,0,0,Normal
3489,CUST_293,2025-01-09 08:45:00,Thiès,Free Money,Paiement,iPhone,27061,0,0,Normal
3490,CUST_589,2025-04-19 00:06:00,Ziguinchor,Orange Money,Paiement,iPhone,20178,0,0,Normal
3491,CUST_618,2025-02-28 10:45:00,Ziguinchor,Wave,Retrait,iPhone,8780,0,0,Normal
3492,CUST_560,2025-06-15 19:18:00,Saint-Louis,Orange Money,Transfert,Android,19708,0,0,Normal
3493,CUST_531,2025-05-21 07:35:00,Thiès,Free Money,Transfert,iPhone,15426,0,0,Normal
3494,CUST_182,2025-02-18 15:38:00,Thiès,Carte Bancaire,Paiement,iPhone,57576,0,0,Normal
3495,CUST_110,2025-02-01 10:56:00,Thiès,Carte Bancaire,Paiement,Android,33080,0,0,Normal
3496,CUST_404,2025-03-31 08:55:00,Dakar,Wave,Transfert,Android,53848,0,0,Normal
3497,CUST_828,2025-05-07 15:59:00,Dakar,Wave,Transfert,iPhone,36734,0,0,Normal
3498,CUST_445,2025-02-01 21:49:00,Saint-Louis,Carte Bancaire,Transfert,iPhone,4521,0,0,Normal
3499,CUST_748,2025-01-05 16:06:00,Kaolack,Carte Bancaire,Transfert,Android,53436,0,0,Normal
3500,CUST_203,2025-02-19 19:02:00,Ziguinchor,Free Money,Retrait,iPhone,41386,0,0,Normal
3501,CUST_35,2025-01-14 18:04:00,Thiès,Carte Bancaire,Transfert,iPhone,27354,0,0,Normal
3502,CUST_822,2025-05-30 20:41:00,Thiès,Orange Money,Transfert,Android,73651,0,0,Normal
3503,CUST_131,2025-02-26 15:48:00,Kaolack,Carte Bancaire,Paiement,Android,5065,0,0,Normal
3504,CUST_965,2025-03-07 02:38:00,Thiès,Carte Bancaire,Transfert,iPhone,79913,25,0,Normal
3505,CUST_510,2025-01-15 15:16:00,Kaolack,Free Money,Paiement,Android,500,0,0,Normal
3506,CUST_425,2025-05-07 18:18:00,Ziguinchor,Orange Money,Paiement,Android,27788,0,0,Normal
3507,CUST_772,2025-03-18 13:24:00,Thiès,Orange Money,Paiement,iPhone,9250,0,0,Normal
3508,CUST_332,2025-01-12 14:27:00,Ziguinchor,Wave,Retrait,Android,30493,0,0,Normal
3509,CUST_971,2025-05-28 06:09:00,Dakar,Wave,Paiement,Android,47859,0,0,Normal
3510,CUST_939,2025-04-06 17:25:00,Kaolack,Wave,Retrait,iPhone,16715,0,0,Normal
3511,CUST_112,2025-06-02 12:11:00,Thiès,Wave,Paiement,iPhone,63821,0,0,Normal
3512,CUST_545,2025-03-13 19:49:00,Ziguinchor,Free Money,Transfert,iPhone,29650,0,0,Normal
3513,CUST_338,2025-02-08 09:05:00,Thiès,Free Money,Paiement,iPhone,25154,0,0,Normal
3514,CUST_651,2025-06-20 09:29:00,Dakar,Orange Money,Retrait,Android,21869,0,0,Normal
3515,CUST_908,2025-02-08 06:54:00,Dakar,Wave,Retrait,iPhone,22374,0,0,Normal
3516,CUST_144,2025-06-20 12:26:00,Kaolack,Orange Money,Paiement,iPhone,24479,0,0,Normal
3517,CUST_502,2025-01-28 09:44:00,Kaolack,Carte Bancaire,Transfert,iPhone,18622,0,0,Normal
3518,CUST_207,2025-05-14 15:33:00,Kaolack,Free Money,Paiement,Android,12155,0,0,Normal
3519,CUST_314,2025-04-01 06:43:00,Ziguinchor,Free Money,Paiement,Android,5914,0,0,Normal
3520,CUST_536,2025-01-11 10:07:00,Ziguinchor,Carte Bancaire,Retrait,Android,16235,0,0,Normal
3521,CUST_311,2025-04-23 07:51:00,Dakar,Orange Money,Retrait,Android,30136,0,0,Normal
3522,CUST_899,2025-05-10 10:49:00,Dakar,Carte Bancaire,Transfert,iPhone,36639,0,0,Normal
3523,CUST_610,2025-02-27 11:47:00,Saint-Louis,Wave,Paiement,Android,6077,0,0,Normal
3524,CUST_402,2025-05-23 11:37:00,Ziguinchor,Wave,Paiement,iPhone,21177,0,0,Normal
3525,CUST_581,2025-05-11 08:54:00,Dakar,Carte Bancaire,Transfert,Android,43615,0,0,Normal
3526,CUST_303,2025-01-08 17:09:00,Ziguinchor,Free Money,Transfert,iPhone,58539,0,0,Normal
3527,CUST_971,2025-06-08 09:09:00,Dakar,Wave,Paiement,iPhone,8798,0,0,Normal
3528,CUST_660,2025-06-22 12:06:00,Dakar,Orange Money,Transfert,iPhone,9407,0,0,Normal
3529,CUST_632,2025-02-25 10:47:00,Thiès,Free Money,Retrait,Android,8776,0,0,Normal
3530,CUST_645,2025-03-03 08:40:00,Thiès,Free Money,Paiement,iPhone,25118,0,0,Normal
3531,CUST_709,2025-02-15 15:04:00,Ziguinchor,Carte Bancaire,Transfert,iPhone,37432,0,0,Normal
3532,CUST_274,2025-02-12 08:22:00,Dakar,Free Money,Transfert,iPhone,51689,0,0,Normal
3533,CUST_144,2025-06-07 09:00:00,Kaolack,Wave,Paiement,Android,37318,0,0,Normal
3534,CUST_40,2025-03-23 17:18:00,Ziguinchor,Carte Bancaire,Paiement,iPhone,14645,0,0,Normal
3535,CUST_816,2025-04-01 15:52:00,Ziguinchor,Orange Money,Retrait,Android,5164,0,0,Normal
3536,CUST_534,2025-05-24 08:09:00,Kaolack,Free Money,Transfert,iPhone,33972,0,0,Normal
3537,CUST_974,2025-04-22 16:25:00,Dakar,Carte Bancaire,Transfert,Android,47864,0,0,Normal
3538,CUST_517,2025-05-02 23:19:00,Kaolack,Wave,Transfert,iPhone,17211,0,0,Normal
3539,CUST_647,2025-03-10 13:42:00,Dakar,Orange Money,Paiement,Android,12973,0,0,Normal
3540,CUST_612,2025-01-06 13:22:00,Ziguinchor,Orange Money,Transfert,iPhone,500,0,0,Normal
3541,CUST_2,2025-05-06 14:15:00,Saint-Louis,Carte Bancaire,Retrait,Android,35217,35,1,Comportement suspect
3542,CUST_428,2025-05-19 14:17:00,Dakar,Wave,Transfert,iPhone,63236,0,0,Normal
3543,CUST_941,2025-05-13 12:08:00,Ziguinchor,Free Money,Transfert,Android,500,0,0,Normal
3544,CUST_531,2025-05-06 02:05:00,Thiès,Carte Bancaire,Retrait,iPhone,12185,25,0,Normal
3545,CUST_387,2025-01-24 23:35:00,Thiès,Orange Money,Transfert,iPhone,36202,0,0,Normal
3546,CUST_158,2025-03-24 17:47:00,Dakar,Orange Money,Retrait,Android,3308,0,0,Normal
3547,CUST_207,2025-04-10 23:47:00,Kaolack,Orange Money,Paiement,iPhone,10138,0,0,Normal
3548,CUST_859,2025-03-10 12:45:00,Ziguinchor,Free Money,Transfert,iPhone,40845,0,0,Normal
3549,CUST_48,2025-06-14 13:21:00,Thiès,Free Money,Retrait,iPhone,4287,0,0,Normal
3550,CUST_615,2025-06-15 08:55:00,Ziguinchor,Wave,Retrait,Android,47975,0,0,Normal
3551,CUST_120,2025-05-20 17:28:00,Saint-Louis,Carte Bancaire,Retrait,iPhone,24539,35,1,Comportement suspect
3552,CUST_477,2025-02-19 09:22:00,Thiès,Carte Bancaire,Transfert,iPhone,17001,0,0,Normal
3553,CUST_259,2025-01-30 10:14:00,Ziguinchor,Free Money,Paiement,iPhone,20967,0,0,Normal
3554,CUST_700,2025-01-27 18:48:00,Saint-Louis,Orange Money,Paiement,Android,18877,30,0,Normal
3555,CUST_202,2025-03-31 04:14:00,Saint-Louis,Orange Money,Transfert,Android,20076,25,0,Normal
3556,CUST_971,2025-02-10 11:06:00,Dakar,Free Money,Transfert,Android,46497,0,0,Normal
3557,CUST_586,2025-04-08 06:56:00,Saint-Louis,Carte Bancaire,Transfert,iPhone,15135,0,0,Normal
3558,CUST_639,2025-02-06 00:04:00,Saint-Louis,Free Money,Paiement,Android,2443,0,0,Normal
3559,CUST_171,2025-05-03 16:47:00,Kaolack,Carte Bancaire,Paiement,iPhone,44249,0,0,Normal
3560,CUST_800,2025-06-24 12:09:00,Dakar,Wave,Paiement,Android,10545,35,1,Comportement suspect
3561,CUST_114,2025-05-22 13:29:00,Thiès,Carte Bancaire,Paiement,iPhone,64901,0,0,Normal
3562,CUST_149,2025-04-14 12:41:00,Saint-Louis,Orange Money,Transfert,iPhone,12492,0,0,Normal
3563,CUST_701,2025-03-22 09:53:00,Thiès,Orange Money,Paiement,iPhone,57371,0,0,Normal
3564,CUST_192,2025-04-03 12:13:00,Kaolack,Wave,Retrait,iPhone,76727,0,0,Normal
3565,CUST_244,2025-02-14 09:22:00,Saint-Louis,Wave,Transfert,iPhone,89580,0,0,Normal
3566,CUST_147,2025-04-01 00:56:00,Saint-Louis,Orange Money,Transfert,Android,17568,0,0,Normal
3567,CUST_630,2025-03-24 09:08:00,Saint-Louis,Carte Bancaire,Transfert,Android,6777,0,0,Normal
3568,CUST_551,2025-06-19 14:16:00,Kaolack,Free Money,Paiement,Android,12032,0,0,Normal
3569,CUST_747,2025-06-04 16:04:00,Thiès,Wave,Retrait,Android,9863,0,0,Normal
3570,CUST_880,2025-05-29 09:58:00,Saint-Louis,Orange Money,Transfert,iPhone,4723,0,0,Normal
3571,CUST_776,2025-04-23 08:47:00,Kaolack,Carte Bancaire,Paiement,Android,19547,0,0,Normal
3572,CUST_919,2025-01-02 09:51:00,Saint-Louis,Orange Money,Transfert,Android,500,0,0,Normal
3573,CUST_222,2025-04-23 08:24:00,Dakar,Free Money,Paiement,Android,7866,0,0,Normal
3574,CUST_569,2025-04-18 01:55:00,Saint-Louis,Orange Money,Retrait,Android,5606,25,0,Normal
3575,CUST_816,2025-05-25 20:34:00,Ziguinchor,Wave,Retrait,iPhone,5733,0,0,Normal
3576,CUST_371,2025-05-17 09:57:00,Thiès,Carte Bancaire,Transfert,Android,28290,0,0,Normal
3577,CUST_693,2025-03-15 07:37:00,Saint-Louis,Free Money,Transfert,iPhone,5449,0,0,Normal
3578,CUST_462,2025-02-05 10:56:00,Dakar,Orange Money,Transfert,Android,11298,0,0,Normal
3579,CUST_311,2025-01-05 18:04:00,Dakar,Orange Money,Retrait,Android,37330,0,0,Normal
3580,CUST_439,2025-04-07 13:03:00,Saint-Louis,Carte Bancaire,Paiement,Android,27820,0,0,Normal
3581,CUST_12,2025-03-08 06:01:00,Saint-Louis,Free Money,Transfert,Android,20568,0,0,Normal
3582,CUST_992,2025-02-14 15:23:00,Saint-Louis,Orange Money,Transfert,iPhone,56271,0,0,Normal
3583,CUST_567,2025-05-13 11:55:00,Dakar,Orange Money,Paiement,iPhone,10679,0,0,Normal
3584,CUST_519,2025-04-12 10:32:00,Kaolack,Orange Money,Retrait,iPhone,20579,0,0,Normal
3585,CUST_473,2025-03-22 11:57:00,Ziguinchor,Free Money,Transfert,iPhone,500,0,0,Normal
3586,CUST_26,2025-04-19 15:07:00,Kaolack,Wave,Transfert,iPhone,13195,0,0,Normal
3587,CUST_48,2025-02-21 12:41:00,Thiès,Free Money,Transfert,iPhone,3585,0,0,Normal
3588,CUST_157,2025-04-19 14:47:00,Dakar,Wave,Paiement,Android,5547,0,0,Normal
3589,CUST_367,2025-01-04 05:56:00,Saint-Louis,Free Money,Retrait,Android,3898,0,0,Normal
3590,CUST_810,2025-05-16 16:57:00,Kaolack,Orange Money,Paiement,Android,6938,0,0,Normal
3591,CUST_756,2025-02-17 20:28:00,Ziguinchor,Orange Money,Transfert,iPhone,48130,0,0,Normal
3592,CUST_925,2025-04-16 14:19:00,Ziguinchor,Wave,Transfert,Android,53635,0,0,Normal
3593,CUST_902,2025-03-17 13:12:00,Thiès,Wave,Transfert,iPhone,15269,0,0,Normal
3594,CUST_848,2025-02-16 09:30:00,Ziguinchor,Free Money,Transfert,iPhone,19289,0,0,Normal
3595,CUST_459,2025-04-19 23:33:00,Ziguinchor,Free Money,Paiement,Android,60633,0,0,Normal
3596,CUST_856,2025-05-05 08:37:00,Ziguinchor,Free Money,Retrait,iPhone,24043,0,0,Normal
3597,CUST_852,2025-05-15 17:46:00,Dakar,Free Money,Retrait,Android,34043,0,0,Normal
3598,CUST_113,2025-03-03 15:40:00,Ziguinchor,Carte Bancaire,Retrait,iPhone,40380,0,0,Normal
3599,CUST_422,2025-06-14 08:48:00,Thiès,Carte Bancaire,Retrait,Android,18896,0,0,Normal
3600,CUST_212,2025-02-18 15:03:00,Saint-Louis,Free Money,Paiement,iPhone,35455,0,0,Normal
3601,CUST_319,2025-01-08 18:03:00,Kaolack,Carte Bancaire,Retrait,Android,27672,0,0,Normal
3602,CUST_722,2025-02-07 09:43:00,Dakar,Wave,Transfert,Android,34914,0,0,Normal
3603,CUST_889,2025-02-15 13:17:00,Thiès,Free Money,Paiement,Android,23360,0,0,Normal
3604,CUST_87,2025-05-12 09:06:00,Ziguinchor,Wave,Paiement,Android,57220,0,0,Normal
3605,CUST_923,2025-01-06 20:41:00,Kaolack,Carte Bancaire,Retrait,Android,5640,0,0,Normal
3606,CUST_159,2025-04-02 13:57:00,Kaolack,Wave,Transfert,Android,22406,0,0,Normal
3607,CUST_457,2025-01-04 15:02:00,Kaolack,Orange Money,Paiement,iPhone,35549,0,0,Normal
3608,CUST_562,2025-03-01 14:57:00,Ziguinchor,Wave,Retrait,iPhone,13192,0,0,Normal
3609,CUST_385,2025-01-27 08:22:00,Ziguinchor,Carte Bancaire,Transfert,Android,23320,0,0,Normal
3610,CUST_14,2025-05-23 10:30:00,Ziguinchor,Free Money,Paiement,Android,2509,0,0,Normal
3611,CUST_652,2025-02-13 12:10:00,Thiès,Orange Money,Retrait,iPhone,17397,0,0,Normal
3612,CUST_858,2025-06-20 19:40:00,Thiès,Carte Bancaire,Paiement,Android,41333,0,0,Normal
3613,CUST_970,2025-04-09 08:44:00,Kaolack,Free Money,Retrait,Android,13942,0,0,Normal
3614,CUST_982,2025-05-25 14:11:00,Saint-Louis,Orange Money,Retrait,Android,49631,0,0,Normal
3615,CUST_472,2025-04-29 18:46:00,Ziguinchor,Free Money,Transfert,iPhone,17683,0,0,Normal
3616,CUST_158,2025-03-20 07:55:00,Dakar,Carte Bancaire,Retrait,iPhone,4673,0,0,Normal
3617,CUST_615,2025-05-08 14:32:00,Ziguinchor,Wave,Retrait,iPhone,32522,0,0,Normal
3618,CUST_767,2025-05-10 17:08:00,Kaolack,Wave,Paiement,iPhone,35956,0,0,Normal
3619,CUST_163,2025-01-14 08:57:00,Dakar,Free Money,Transfert,iPhone,23659,0,0,Normal
3620,CUST_960,2025-06-22 10:22:00,Ziguinchor,Orange Money,Paiement,Android,18727,0,0,Normal
3621,CUST_976,2025-06-05 11:09:00,Dakar,Carte Bancaire,Paiement,Android,30670,0,0,Normal
3622,CUST_862,2025-02-11 16:06:00,Kaolack,Wave,Paiement,iPhone,11427,0,0,Normal
3623,CUST_49,2025-04-20 09:10:00,Kaolack,Orange Money,Paiement,iPhone,2176,0,0,Normal
3624,CUST_757,2025-06-26 12:54:00,Thiès,Wave,Transfert,Android,78391,0,0,Normal
3625,CUST_803,2025-01-18 10:33:00,Dakar,Carte Bancaire,Transfert,Android,32961,0,0,Normal
3626,CUST_637,2025-04-18 14:18:00,Kaolack,Free Money,Transfert,Android,68264,0,0,Normal
3627,CUST_301,2025-03-28 13:45:00,Saint-Louis,Free Money,Retrait,Android,32477,0,0,Normal
3628,CUST_231,2025-05-25 13:49:00,Saint-Louis,Carte Bancaire,Paiement,iPhone,620,0,0,Normal
3629,CUST_308,2025-03-15 05:19:00,Dakar,Free Money,Paiement,Android,55762,0,0,Normal
3630,CUST_74,2025-03-21 05:47:00,Dakar,Free Money,Paiement,Android,4057,35,1,Comportement suspect
3631,CUST_430,2025-05-28 07:11:00,Saint-Louis,Free Money,Retrait,Android,38312,0,0,Normal
3632,CUST_549,2025-03-02 09:52:00,Ziguinchor,Free Money,Transfert,iPhone,21027,0,0,Normal
3633,CUST_268,2025-01-09 11:20:00,Thiès,Free Money,Paiement,Android,500,0,0,Normal
3634,CUST_769,2025-03-26 10:58:00,Ziguinchor,Wave,Paiement,iPhone,44437,0,0,Normal
3635,CUST_248,2025-03-18 09:15:00,Ziguinchor,Carte Bancaire,Retrait,Android,17127,0,0,Normal
3636,CUST_609,2025-04-02 11:37:00,Kaolack,Free Money,Retrait,Android,500,0,0,Normal
3637,CUST_487,2025-04-19 11:26:00,Kaolack,Orange Money,Retrait,iPhone,79213,0,0,Normal
3638,CUST_534,2025-05-28 20:08:00,Kaolack,Carte Bancaire,Transfert,Android,72754,0,0,Normal
3639,CUST_546,2025-06-14 09:26:00,Saint-Louis,Wave,Retrait,Android,6939,0,0,Normal
3640,CUST_979,2025-03-29 07:56:00,Thiès,Orange Money,Transfert,iPhone,36808,0,0,Normal
3641,CUST_903,2025-02-25 13:26:00,Ziguinchor,Orange Money,Retrait,iPhone,9630,0,0,Normal
3642,CUST_173,2025-05-13 09:06:00,Saint-Louis,Orange Money,Retrait,Android,6638,0,0,Normal
3643,CUST_670,2025-03-16 10:42:00,Kaolack,Orange Money,Transfert,iPhone,74340,0,0,Normal
3644,CUST_798,2025-01-22 13:12:00,Dakar,Carte Bancaire,Transfert,iPhone,49533,0,0,Normal
3645,CUST_791,2025-04-17 14:34:00,Kaolack,Orange Money,Transfert,Android,20864,0,0,Normal
3646,CUST_280,2025-05-31 19:06:00,Thiès,Free Money,Paiement,Android,75981,0,0,Normal
3647,CUST_630,2025-02-05 09:03:00,Saint-Louis,Orange Money,Paiement,Android,8244,0,0,Normal
3648,CUST_675,2025-02-11 09:55:00,Thiès,Carte Bancaire,Retrait,Android,29166,0,0,Normal
3649,CUST_509,2025-04-30 11:35:00,Ziguinchor,Orange Money,Retrait,Android,23420,0,0,Normal
3650,CUST_397,2025-03-29 17:46:00,Kaolack,Free Money,Retrait,Android,31902,0,0,Normal
3651,CUST_850,2025-02-10 17:49:00,Dakar,Carte Bancaire,Retrait,iPhone,20723,0,0,Normal
3652,CUST_822,2025-06-30 08:30:00,Thiès,Wave,Transfert,Android,32448,0,0,Normal
3653,CUST_253,2025-05-30 22:58:00,Thiès,Orange Money,Transfert,Android,4212,0,0,Normal
3654,CUST_289,2025-06-29 17:04:00,Ziguinchor,Wave,Transfert,Android,16838,0,0,Normal
3655,CUST_566,2025-01-12 10:45:00,Saint-Louis,Orange Money,Transfert,iPhone,26751,0,0,Normal
3656,CUST_122,2025-03-18 09:14:00,Ziguinchor,Carte Bancaire,Retrait,iPhone,19718,0,0,Normal
3657,CUST_577,2025-01-28 08:33:00,Ziguinchor,Orange Money,Retrait,iPhone,68592,0,0,Normal
3658,CUST_420,2025-01-15 15:55:00,Ziguinchor,Wave,Transfert,Android,23460,0,0,Normal
3659,CUST_183,2025-06-26 12:07:00,Thiès,Free Money,Transfert,iPhone,9683,0,0,Normal
3660,CUST_294,2025-03-15 13:56:00,Thiès,Orange Money,Paiement,Android,21530,0,0,Normal
3661,CUST_531,2025-02-24 16:01:00,Thiès,Carte Bancaire,Paiement,Android,17048,0,0,Normal
3662,CUST_26,2025-06-06 03:05:00,Kaolack,Orange Money,Retrait,iPhone,12354,25,0,Normal
3663,CUST_856,2025-03-22 06:46:00,Ziguinchor,Orange Money,Retrait,iPhone,17468,0,0,Normal
3664,CUST_771,2025-05-28 23:49:00,Thiès,Wave,Retrait,Android,33905,0,0,Normal
3665,CUST_441,2025-06-06 12:54:00,Ziguinchor,Wave,Retrait,Android,9721,0,0,Normal
3666,CUST_839,2025-02-17 14:28:00,Kaolack,Wave,Transfert,Android,53434,0,0,Normal
3667,CUST_977,2025-01-27 12:49:00,Thiès,Orange Money,Paiement,iPhone,12895,0,0,Normal
3668,CUST_538,2025-04-07 20:21:00,Saint-Louis,Orange Money,Retrait,iPhone,63527,0,0,Normal
3669,CUST_67,2025-05-26 05:09:00,Thiès,Carte Bancaire,Paiement,iPhone,31982,0,0,Normal
3670,CUST_252,2025-04-14 16:58:00,Thiès,Wave,Paiement,Android,50149,0,0,Normal
3671,CUST_636,2025-04-18 18:45:00,Kaolack,Orange Money,Paiement,iPhone,52348,0,0,Normal
3672,CUST_445,2025-05-12 17:21:00,Saint-Louis,Orange Money,Paiement,iPhone,10231,0,0,Normal
3673,CUST_151,2025-06-04 05:08:00,Saint-Louis,Carte Bancaire,Retrait,Android,2112,0,0,Normal
3674,CUST_248,2025-01-05 17:45:00,Ziguinchor,Carte Bancaire,Paiement,Android,23184,0,0,Normal
3675,CUST_26,2025-05-29 14:25:00,Kaolack,Orange Money,Retrait,Android,10650,0,0,Normal
3676,CUST_813,2025-01-12 17:44:00,Dakar,Orange Money,Paiement,iPhone,18424,0,0,Normal
3677,CUST_486,2025-01-21 05:38:00,Thiès,Wave,Retrait,Android,23419,0,0,Normal
3678,CUST_337,2025-01-15 21:53:00,Thiès,Carte Bancaire,Paiement,iPhone,31427,0,0,Normal
3679,CUST_392,2025-01-21 18:52:00,Dakar,Free Money,Transfert,Android,33507,0,0,Normal
3680,CUST_478,2025-05-08 12:52:00,Dakar,Orange Money,Transfert,iPhone,35981,0,0,Normal
3681,CUST_242,2025-03-11 13:19:00,Thiès,Free Money,Transfert,iPhone,12765,0,0,Normal
3682,CUST_845,2025-04-06 11:54:00,Kaolack,Orange Money,Paiement,iPhone,32668,0,0,Normal
3683,CUST_178,2025-01-16 11:06:00,Kaolack,Carte Bancaire,Transfert,iPhone,15086,0,0,Normal
3684,CUST_55,2025-04-16 21:54:00,Dakar,Free Money,Paiement,Android,7412,0,0,Normal
3685,CUST_19,2025-01-09 11:10:00,Thiès,Carte Bancaire,Transfert,iPhone,4692,0,0,Normal
3686,CUST_439,2025-05-08 19:55:00,Saint-Louis,Orange Money,Transfert,Android,39577,0,0,Normal
3687,CUST_175,2025-03-01 06:08:00,Kaolack,Free Money,Paiement,Android,29415,0,0,Normal
3688,CUST_553,2025-01-13 13:53:00,Thiès,Carte Bancaire,Paiement,iPhone,6204,0,0,Normal
3689,CUST_321,2025-05-11 17:46:00,Ziguinchor,Orange Money,Transfert,iPhone,5035,0,0,Normal
3690,CUST_318,2025-06-29 15:10:00,Kaolack,Carte Bancaire,Retrait,Android,11961,0,0,Normal
3691,CUST_100,2025-04-05 10:10:00,Dakar,Free Money,Transfert,Android,46384,0,0,Normal
3692,CUST_735,2025-06-22 22:40:00,Saint-Louis,Free Money,Retrait,iPhone,24124,0,0,Normal
3693,CUST_96,2025-01-16 10:18:00,Saint-Louis,Free Money,Retrait,iPhone,8045,0,0,Normal
3694,CUST_203,2025-04-01 02:29:00,Ziguinchor,Wave,Paiement,iPhone,40210,25,0,Normal
3695,CUST_769,2025-04-22 10:15:00,Ziguinchor,Carte Bancaire,Retrait,iPhone,32636,0,0,Normal
3696,CUST_258,2025-02-24 14:30:00,Ziguinchor,Orange Money,Paiement,Android,27967,0,0,Normal
3697,CUST_366,2025-01-21 12:43:00,Ziguinchor,Orange Money,Paiement,Android,34958,0,0,Normal
3698,CUST_305,2025-05-12 18:20:00,Kaolack,Wave,Transfert,Android,24358,0,0,Normal
3699,CUST_507,2025-04-29 12:10:00,Thiès,Carte Bancaire,Paiement,iPhone,60058,0,0,Normal
3700,CUST_496,2025-06-27 14:06:00,Ziguinchor,Carte Bancaire,Retrait,iPhone,3350,0,0,Normal
3701,CUST_16,2025-03-27 22:25:00,Saint-Louis,Orange Money,Transfert,iPhone,12301,0,0,Normal
3702,CUST_680,2025-05-12 18:57:00,Saint-Louis,Orange Money,Transfert,iPhone,64387,0,0,Normal
3703,CUST_72,2025-03-18 06:19:00,Thiès,Free Money,Transfert,iPhone,1143,35,1,Comportement suspect
3704,CUST_687,2025-05-01 19:12:00,Ziguinchor,Carte Bancaire,Paiement,Android,39229,0,0,Normal
3705,CUST_363,2025-04-21 08:05:00,Thiès,Orange Money,Transfert,Android,19098,0,0,Normal
3706,CUST_338,2025-03-13 12:36:00,Thiès,Free Money,Transfert,Android,10773,30,0,Normal
3707,CUST_386,2025-04-29 06:32:00,Saint-Louis,Carte Bancaire,Transfert,iPhone,19979,0,0,Normal
3708,CUST_953,2025-06-07 12:24:00,Saint-Louis,Free Money,Paiement,Android,15954,0,0,Normal
3709,CUST_467,2025-04-05 06:24:00,Kaolack,Carte Bancaire,Retrait,iPhone,37923,0,0,Normal
3710,CUST_703,2025-06-02 17:23:00,Saint-Louis,Wave,Transfert,Android,2641,0,0,Normal
3711,CUST_986,2025-03-02 19:59:00,Kaolack,Free Money,Retrait,iPhone,13747,0,0,Normal
3712,CUST_688,2025-05-20 11:07:00,Thiès,Orange Money,Transfert,iPhone,40724,0,0,Normal
3713,CUST_454,2025-04-16 14:14:00,Dakar,Free Money,Paiement,iPhone,27791,0,0,Normal
3714,CUST_832,2025-05-02 17:05:00,Ziguinchor,Free Money,Transfert,Android,9799,0,0,Normal
3715,CUST_783,2025-05-25 02:43:00,Thiès,Carte Bancaire,Transfert,iPhone,6724,25,0,Normal
3716,CUST_453,2025-02-04 11:31:00,Dakar,Free Money,Paiement,iPhone,13862,0,0,Normal
3717,CUST_183,2025-04-07 15:06:00,Thiès,Orange Money,Transfert,iPhone,10142,0,0,Normal
3718,CUST_798,2025-06-23 15:06:00,Dakar,Wave,Paiement,Android,30216,0,0,Normal
3719,CUST_823,2025-05-10 08:05:00,Dakar,Carte Bancaire,Paiement,Android,16170,0,0,Normal
3720,CUST_962,2025-02-06 07:41:00,Thiès,Carte Bancaire,Transfert,Android,12001,0,0,Normal
3721,CUST_53,2025-04-18 06:47:00,Ziguinchor,Free Money,Paiement,iPhone,12529,0,0,Normal
3722,CUST_516,2025-06-09 09:00:00,Thiès,Orange Money,Transfert,iPhone,10079,0,0,Normal
3723,CUST_301,2025-01-13 14:33:00,Saint-Louis,Carte Bancaire,Paiement,Android,8264,0,0,Normal
3724,CUST_543,2025-06-16 05:36:00,Ziguinchor,Free Money,Transfert,iPhone,31723,0,0,Normal
3725,CUST_397,2025-03-21 09:55:00,Kaolack,Orange Money,Paiement,iPhone,48147,0,0,Normal
3726,CUST_510,2025-03-25 16:18:00,Kaolack,Carte Bancaire,Paiement,iPhone,37758,0,0,Normal
3727,CUST_190,2025-02-08 06:15:00,Dakar,Carte Bancaire,Retrait,iPhone,11533,0,0,Normal
3728,CUST_300,2025-04-15 13:19:00,Dakar,Free Money,Paiement,Android,17886,0,0,Normal
3729,CUST_803,2025-04-21 15:48:00,Dakar,Free Money,Transfert,iPhone,12954,0,0,Normal
3730,CUST_820,2025-03-02 09:36:00,Ziguinchor,Orange Money,Transfert,Android,10455,0,0,Normal
3731,CUST_552,2025-06-02 11:58:00,Kaolack,Free Money,Paiement,Android,9004,0,0,Normal
3732,CUST_368,2025-03-02 13:19:00,Saint-Louis,Wave,Paiement,iPhone,7875,0,0,Normal
3733,CUST_607,2025-03-12 17:22:00,Thiès,Carte Bancaire,Transfert,Android,3447,0,0,Normal
3734,CUST_279,2025-03-06 12:22:00,Saint-Louis,Orange Money,Retrait,Android,42330,0,0,Normal
3735,CUST_461,2025-05-29 14:46:00,Ziguinchor,Carte Bancaire,Transfert,Android,24631,0,0,Normal
3736,CUST_488,2025-03-12 17:47:00,Saint-Louis,Orange Money,Paiement,Android,61299,0,0,Normal
3737,CUST_197,2025-04-22 12:34:00,Thiès,Wave,Paiement,iPhone,23415,0,0,Normal
3738,CUST_929,2025-05-16 09:50:00,Thiès,Free Money,Paiement,iPhone,30448,0,0,Normal
3739,CUST_942,2025-01-16 09:02:00,Thiès,Orange Money,Transfert,Android,10273,0,0,Normal
3740,CUST_280,2025-02-13 19:00:00,Thiès,Free Money,Retrait,Android,35244,0,0,Normal
3741,CUST_324,2025-03-04 10:49:00,Dakar,Carte Bancaire,Transfert,Android,40546,0,0,Normal
3742,CUST_21,2025-02-26 10:24:00,Dakar,Free Money,Transfert,Android,15111,0,0,Normal
3743,CUST_667,2025-01-11 14:20:00,Saint-Louis,Wave,Retrait,iPhone,19458,0,0,Normal
3744,CUST_843,2025-05-09 12:23:00,Saint-Louis,Carte Bancaire,Retrait,Android,80747,0,0,Normal
3745,CUST_282,2025-02-06 23:49:00,Saint-Louis,Orange Money,Transfert,Android,38721,0,0,Normal
3746,CUST_910,2025-05-16 19:26:00,Saint-Louis,Free Money,Transfert,iPhone,5291,0,0,Normal
3747,CUST_337,2025-06-30 06:22:00,Thiès,Carte Bancaire,Transfert,Android,43628,0,0,Normal
3748,CUST_224,2025-03-03 16:46:00,Dakar,Orange Money,Transfert,iPhone,27336,0,0,Normal
3749,CUST_723,2025-06-09 11:19:00,Kaolack,Wave,Transfert,Android,21191,0,0,Normal
3750,CUST_250,2025-04-30 14:05:00,Dakar,Wave,Retrait,Android,50417,0,0,Normal
3751,CUST_622,2025-01-07 08:58:00,Kaolack,Wave,Paiement,iPhone,15924,0,0,Normal
3752,CUST_684,2025-05-09 07:43:00,Dakar,Carte Bancaire,Paiement,Android,5635,0,0,Normal
3753,CUST_745,2025-06-23 06:52:00,Kaolack,Carte Bancaire,Transfert,Android,53299,0,0,Normal
3754,CUST_789,2025-06-26 09:07:00,Thiès,Carte Bancaire,Retrait,iPhone,500,35,1,Comportement suspect
3755,CUST_569,2025-04-10 11:52:00,Saint-Louis,Free Money,Transfert,Android,16392,0,0,Normal
3756,CUST_455,2025-05-04 13:26:00,Thiès,Wave,Transfert,Android,4445,0,0,Normal
3757,CUST_809,2025-02-18 07:30:00,Thiès,Orange Money,Transfert,Android,2657,0,0,Normal
3758,CUST_9,2025-01-31 11:08:00,Thiès,Orange Money,Paiement,Android,6901,0,0,Normal
3759,CUST_826,2025-02-16 13:48:00,Saint-Louis,Carte Bancaire,Paiement,iPhone,33245,0,0,Normal
3760,CUST_643,2025-04-14 08:07:00,Saint-Louis,Wave,Paiement,Android,24866,0,0,Normal
3761,CUST_443,2025-04-22 07:00:00,Ziguinchor,Orange Money,Paiement,Android,26832,0,0,Normal
3762,CUST_239,2025-02-24 12:13:00,Dakar,Wave,Paiement,iPhone,12648,0,0,Normal
3763,CUST_965,2025-02-27 06:59:00,Thiès,Free Money,Paiement,iPhone,4094,0,0,Normal
3764,CUST_285,2025-03-15 04:59:00,Thiès,Carte Bancaire,Paiement,Android,87606,25,0,Normal
3765,CUST_107,2025-05-31 19:22:00,Dakar,Carte Bancaire,Transfert,Android,22667,0,0,Normal
3766,CUST_281,2025-02-13 17:45:00,Thiès,Carte Bancaire,Retrait,iPhone,15234,0,0,Normal
3767,CUST_571,2025-05-17 05:51:00,Kaolack,Orange Money,Transfert,iPhone,30149,0,0,Normal
3768,CUST_233,2025-02-14 14:14:00,Saint-Louis,Wave,Paiement,Android,27966,0,0,Normal
3769,CUST_970,2025-06-14 08:57:00,Saint-Louis,Free Money,Paiement,iPhone,23137,35,1,Comportement suspect
3770,CUST_139,2025-06-10 16:46:00,Kaolack,Carte Bancaire,Transfert,Android,43995,0,0,Normal
3771,CUST_596,2025-01-03 13:30:00,Ziguinchor,Carte Bancaire,Retrait,Android,12468,0,0,Normal
3772,CUST_484,2025-04-24 09:06:00,Saint-Louis,Carte Bancaire,Retrait,Android,74654,0,0,Normal
3773,CUST_225,2025-06-09 07:12:00,Saint-Louis,Free Money,Retrait,iPhone,50490,0,0,Normal
3774,CUST_985,2025-04-21 04:31:00,Ziguinchor,Orange Money,Retrait,iPhone,4859,25,0,Normal
3775,CUST_747,2025-02-28 11:14:00,Thiès,Carte Bancaire,Retrait,iPhone,10678,0,0,Normal
3776,CUST_230,2025-02-02 17:41:00,Thiès,Free Money,Retrait,iPhone,15662,0,0,Normal
3777,CUST_699,2025-06-14 16:58:00,Dakar,Free Money,Paiement,Android,20877,0,0,Normal
3778,CUST_494,2025-05-16 16:21:00,Thiès,Wave,Transfert,Android,5599,0,0,Normal
3779,CUST_190,2025-02-04 14:12:00,Dakar,Free Money,Retrait,iPhone,18230,0,0,Normal
3780,CUST_298,2025-05-27 06:21:00,Saint-Louis,Free Money,Paiement,Android,52426,0,0,Normal
3781,CUST_250,2025-04-06 13:15:00,Dakar,Carte Bancaire,Retrait,iPhone,56642,0,0,Normal
3782,CUST_527,2025-02-19 06:53:00,Saint-Louis,Orange Money,Retrait,Android,72626,0,0,Normal
3783,CUST_892,2025-06-17 19:53:00,Thiès,Orange Money,Paiement,iPhone,6391,0,0,Normal
3784,CUST_257,2025-06-18 11:48:00,Saint-Louis,Wave,Retrait,iPhone,3714,0,0,Normal
3785,CUST_772,2025-01-01 11:31:00,Thiès,Orange Money,Retrait,iPhone,16527,0,0,Normal
3786,CUST_441,2025-03-04 10:47:00,Ziguinchor,Orange Money,Paiement,iPhone,2937,0,0,Normal
3787,CUST_405,2025-05-09 01:37:00,Ziguinchor,Wave,Paiement,iPhone,13078,25,0,Normal
3788,CUST_229,2025-02-08 10:26:00,Dakar,Carte Bancaire,Transfert,Android,500,0,0,Normal
3789,CUST_423,2025-04-23 15:30:00,Kaolack,Free Money,Retrait,iPhone,30150,0,0,Normal
3790,CUST_537,2025-05-25 13:16:00,Thiès,Carte Bancaire,Retrait,iPhone,2645,0,0,Normal
3791,CUST_488,2025-01-13 05:45:00,Saint-Louis,Orange Money,Transfert,iPhone,83259,0,0,Normal
3792,CUST_814,2025-02-01 17:29:00,Kaolack,Carte Bancaire,Transfert,Android,25216,0,0,Normal
3793,CUST_281,2025-01-10 13:43:00,Thiès,Orange Money,Retrait,Android,41804,0,0,Normal
3794,CUST_978,2025-05-02 14:19:00,Kaolack,Carte Bancaire,Transfert,Android,16994,0,0,Normal
3795,CUST_897,2025-01-08 21:55:00,Thiès,Free Money,Paiement,Android,62369,0,0,Normal
3796,CUST_470,2025-03-21 15:42:00,Thiès,Carte Bancaire,Retrait,Android,25286,0,0,Normal
3797,CUST_792,2025-02-09 15:34:00,Kaolack,Wave,Retrait,Android,35629,0,0,Normal
3798,CUST_714,2025-06-02 09:08:00,Ziguinchor,Carte Bancaire,Transfert,iPhone,16924,0,0,Normal
3799,CUST_992,2025-05-07 15:31:00,Saint-Louis,Carte Bancaire,Transfert,Android,73119,0,0,Normal
3800,CUST_181,2025-03-03 09:26:00,Ziguinchor,Wave,Paiement,Android,31234,0,0,Normal
3801,CUST_846,2025-03-18 15:14:00,Ziguinchor,Orange Money,Paiement,iPhone,23425,0,0,Normal
3802,CUST_934,2025-06-13 11:48:00,Dakar,Orange Money,Transfert,iPhone,25639,0,0,Normal
3803,CUST_188,2025-04-19 08:33:00,Thiès,Free Money,Transfert,Android,36403,0,0,Normal
3804,CUST_974,2025-04-19 17:51:00,Dakar,Free Money,Transfert,iPhone,16161,30,0,Normal
3805,CUST_169,2025-05-26 07:56:00,Thiès,Orange Money,Retrait,iPhone,80010,0,0,Normal
3806,CUST_435,2025-05-30 20:13:00,Saint-Louis,Free Money,Transfert,Android,41266,0,0,Normal
3807,CUST_21,2025-03-16 10:17:00,Dakar,Wave,Retrait,Android,8713,0,0,Normal
3808,CUST_412,2025-05-28 15:52:00,Dakar,Orange Money,Retrait,Android,33739,0,0,Normal
3809,CUST_115,2025-02-21 15:06:00,Saint-Louis,Carte Bancaire,Transfert,iPhone,13079,30,0,Normal
3810,CUST_999,2025-04-26 13:08:00,Thiès,Free Money,Retrait,Android,12243,0,0,Normal
3811,CUST_834,2025-04-26 13:43:00,Ziguinchor,Orange Money,Paiement,iPhone,9257,0,0,Normal
3812,CUST_513,2025-03-09 16:14:00,Kaolack,Orange Money,Paiement,iPhone,1867,0,0,Normal
3813,CUST_480,2025-04-13 11:46:00,Ziguinchor,Free Money,Retrait,Android,9877,0,0,Normal
3814,CUST_877,2025-03-29 11:54:00,Dakar,Wave,Transfert,Android,8653,0,0,Normal
3815,CUST_635,2025-05-12 09:43:00,Ziguinchor,Free Money,Paiement,Android,43670,0,0,Normal
3816,CUST_485,2025-06-19 08:08:00,Kaolack,Wave,Transfert,iPhone,12941,0,0,Normal
3817,CUST_21,2025-02-28 11:57:00,Dakar,Wave,Retrait,iPhone,14152,0,0,Normal
3818,CUST_477,2025-05-31 09:01:00,Thiès,Wave,Retrait,iPhone,21316,0,0,Normal
3819,CUST_88,2025-03-22 16:37:00,Thiès,Wave,Transfert,Android,6355,0,0,Normal
3820,CUST_47,2025-04-10 18:59:00,Kaolack,Carte Bancaire,Transfert,iPhone,807,0,0,Normal
3821,CUST_654,2025-01-16 15:36:00,Ziguinchor,Orange Money,Retrait,Android,7589,0,0,Normal
3822,CUST_77,2025-03-20 16:31:00,Thiès,Orange Money,Retrait,iPhone,5203,0,0,Normal
3823,CUST_616,2025-01-08 11:46:00,Thiès,Orange Money,Retrait,iPhone,8833,0,0,Normal
3824,CUST_842,2025-01-13 11:53:00,Saint-Louis,Carte Bancaire,Paiement,Android,6451,0,0,Normal
3825,CUST_779,2025-05-20 08:08:00,Thiès,Orange Money,Retrait,Android,500,0,0,Normal
3826,CUST_544,2025-03-17 09:48:00,Dakar,Orange Money,Retrait,Android,5751,0,0,Normal
3827,CUST_745,2025-02-05 15:13:00,Kaolack,Free Money,Transfert,iPhone,45250,0,0,Normal
3828,CUST_373,2025-05-13 07:21:00,Kaolack,Wave,Transfert,iPhone,63400,0,0,Normal
3829,CUST_585,2025-04-10 15:14:00,Saint-Louis,Wave,Paiement,iPhone,86250,0,0,Normal
3830,CUST_76,2025-03-19 10:41:00,Ziguinchor,Wave,Transfert,Android,6466,0,0,Normal
3831,CUST_685,2025-05-17 10:54:00,Thiès,Orange Money,Retrait,iPhone,18712,35,1,Comportement suspect
3832,CUST_16,2025-02-14 16:10:00,Saint-Louis,Free Money,Paiement,iPhone,51358,0,0,Normal
3833,CUST_172,2025-04-08 11:43:00,Thiès,Orange Money,Transfert,iPhone,49591,0,0,Normal
3834,CUST_875,2025-06-03 04:32:00,Ziguinchor,Wave,Retrait,Android,16915,25,0,Normal
3835,CUST_297,2025-05-03 15:42:00,Kaolack,Carte Bancaire,Transfert,iPhone,61465,0,0,Normal
3836,CUST_303,2025-06-15 19:03:00,Ziguinchor,Carte Bancaire,Transfert,iPhone,69804,0,0,Normal
3837,CUST_462,2025-02-09 13:18:00,Dakar,Free Money,Paiement,Android,11318,0,0,Normal
3838,CUST_109,2025-03-23 09:17:00,Dakar,Free Money,Paiement,Android,9231,0,0,Normal
3839,CUST_472,2025-01-16 05:25:00,Ziguinchor,Wave,Retrait,Android,15911,0,0,Normal
3840,CUST_611,2025-05-26 18:07:00,Kaolack,Orange Money,Retrait,Android,5946,0,0,Normal
3841,CUST_944,2025-05-16 14:44:00,Kaolack,Wave,Retrait,Android,3081,0,0,Normal
3842,CUST_573,2025-06-23 09:54:00,Dakar,Free Money,Paiement,iPhone,28250,0,0,Normal
3843,CUST_315,2025-03-17 10:31:00,Saint-Louis,Carte Bancaire,Retrait,iPhone,12583,0,0,Normal
3844,CUST_3,2025-04-30 18:06:00,Kaolack,Carte Bancaire,Transfert,iPhone,18162,0,0,Normal
3845,CUST_24,2025-03-23 08:10:00,Thiès,Free Money,Transfert,Android,5957,0,0,Normal
3846,CUST_560,2025-01-11 14:53:00,Saint-Louis,Orange Money,Paiement,Android,12574,0,0,Normal
3847,CUST_753,2025-06-04 14:39:00,Saint-Louis,Carte Bancaire,Transfert,Android,33265,0,0,Normal
3848,CUST_142,2025-06-30 09:33:00,Thiès,Orange Money,Paiement,iPhone,40551,0,0,Normal
3849,CUST_768,2025-06-26 07:33:00,Saint-Louis,Free Money,Paiement,Android,19524,0,0,Normal
3850,CUST_892,2025-02-02 19:31:00,Thiès,Free Money,Transfert,Android,4574,0,0,Normal
3851,CUST_894,2025-05-20 11:17:00,Ziguinchor,Free Money,Retrait,Android,8021,0,0,Normal
3852,CUST_23,2025-06-05 14:29:00,Ziguinchor,Orange Money,Transfert,Android,10585,0,0,Normal
3853,CUST_628,2025-03-17 17:44:00,Dakar,Wave,Retrait,Android,33317,0,0,Normal
3854,CUST_928,2025-01-10 15:40:00,Ziguinchor,Orange Money,Transfert,iPhone,71932,0,0,Normal
3855,CUST_524,2025-03-11 09:45:00,Ziguinchor,Free Money,Paiement,Android,22088,0,0,Normal
3856,CUST_292,2025-04-10 01:21:00,Saint-Louis,Free Money,Transfert,iPhone,45502,25,0,Normal
3857,CUST_267,2025-05-22 06:00:00,Thiès,Wave,Paiement,Android,20675,0,0,Normal
3858,CUST_15,2025-03-01 07:26:00,Saint-Louis,Free Money,Paiement,Android,30016,0,0,Normal
3859,CUST_190,2025-03-23 10:13:00,Dakar,Carte Bancaire,Paiement,iPhone,500,0,0,Normal
3860,CUST_280,2025-03-19 15:22:00,Thiès,Wave,Transfert,Android,33098,0,0,Normal
3861,CUST_228,2025-01-23 10:12:00,Saint-Louis,Orange Money,Retrait,iPhone,89402,0,0,Normal
3862,CUST_786,2025-02-16 07:46:00,Dakar,Free Money,Retrait,Android,21466,0,0,Normal
3863,CUST_352,2025-02-05 14:27:00,Ziguinchor,Wave,Retrait,Android,7237,0,0,Normal
3864,CUST_143,2025-01-31 14:46:00,Ziguinchor,Free Money,Retrait,iPhone,63627,0,0,Normal
3865,CUST_349,2025-02-10 13:35:00,Saint-Louis,Carte Bancaire,Transfert,Android,8196,0,0,Normal
3866,CUST_388,2025-02-26 14:32:00,Kaolack,Wave,Retrait,Android,14858,0,0,Normal
3867,CUST_117,2025-01-25 14:49:00,Dakar,Orange Money,Retrait,Android,5014,0,0,Normal
3868,CUST_147,2025-06-30 11:28:00,Saint-Louis,Carte Bancaire,Retrait,iPhone,11634,0,0,Normal
3869,CUST_652,2025-04-25 08:22:00,Thiès,Orange Money,Transfert,iPhone,14013,0,0,Normal
3870,CUST_829,2025-02-16 18:28:00,Ziguinchor,Wave,Paiement,iPhone,25187,0,0,Normal
3871,CUST_379,2025-02-05 09:43:00,Saint-Louis,Wave,Retrait,iPhone,46776,0,0,Normal
3872,CUST_810,2025-02-27 12:24:00,Kaolack,Orange Money,Transfert,Android,5967,0,0,Normal
3873,CUST_887,2025-01-16 12:31:00,Thiès,Orange Money,Paiement,iPhone,9813,0,0,Normal
3874,CUST_250,2025-01-27 09:42:00,Dakar,Orange Money,Paiement,iPhone,24811,0,0,Normal
3875,CUST_188,2025-06-01 07:07:00,Thiès,Free Money,Retrait,Android,45705,0,0,Normal
3876,CUST_877,2025-02-12 17:58:00,Dakar,Carte Bancaire,Transfert,iPhone,8397,0,0,Normal
3877,CUST_858,2025-04-01 07:25:00,Thiès,Free Money,Transfert,Android,38837,0,0,Normal
3878,CUST_393,2025-01-18 12:51:00,Saint-Louis,Wave,Transfert,Android,49551,0,0,Normal
3879,CUST_616,2025-04-03 17:09:00,Thiès,Wave,Transfert,iPhone,8008,0,0,Normal
3880,CUST_138,2025-03-03 10:07:00,Ziguinchor,Wave,Transfert,Android,38525,0,0,Normal
3881,CUST_390,2025-03-30 11:38:00,Kaolack,Orange Money,Paiement,Android,17220,0,0,Normal
3882,CUST_354,2025-04-29 08:28:00,Saint-Louis,Wave,Retrait,iPhone,8552,0,0,Normal
3883,CUST_1,2025-03-18 08:30:00,Dakar,Orange Money,Paiement,iPhone,55644,0,0,Normal
3884,CUST_136,2025-04-13 09:54:00,Dakar,Orange Money,Transfert,Android,34601,0,0,Normal
3885,CUST_330,2025-04-14 13:08:00,Ziguinchor,Free Money,Paiement,iPhone,29725,0,0,Normal
3886,CUST_398,2025-05-14 10:46:00,Dakar,Wave,Paiement,Android,4657,0,0,Normal
3887,CUST_846,2025-04-27 15:35:00,Ziguinchor,Carte Bancaire,Retrait,Android,16414,0,0,Normal
3888,CUST_211,2025-01-13 17:54:00,Dakar,Free Money,Retrait,Android,9050,35,1,Comportement suspect
3889,CUST_621,2025-06-23 13:11:00,Thiès,Free Money,Retrait,iPhone,43069,0,0,Normal
3890,CUST_227,2025-02-01 09:29:00,Ziguinchor,Wave,Transfert,Android,3553,0,0,Normal
3891,CUST_357,2025-06-18 10:17:00,Dakar,Orange Money,Transfert,Android,50700,0,0,Normal
3892,CUST_525,2025-03-23 10:32:00,Kaolack,Carte Bancaire,Paiement,iPhone,15233,0,0,Normal
3893,CUST_634,2025-02-02 11:45:00,Kaolack,Carte Bancaire,Transfert,Android,62297,0,0,Normal
3894,CUST_581,2025-01-23 05:56:00,Dakar,Wave,Paiement,Android,47483,0,0,Normal
3895,CUST_434,2025-01-15 12:16:00,Ziguinchor,Wave,Transfert,Android,47247,0,0,Normal
3896,CUST_958,2025-01-17 22:05:00,Thiès,Wave,Transfert,Android,11064,0,0,Normal
3897,CUST_840,2025-01-10 01:08:00,Kaolack,Wave,Retrait,iPhone,12318,25,0,Normal
3898,CUST_741,2025-02-20 22:32:00,Kaolack,Free Money,Paiement,iPhone,23487,0,0,Normal
3899,CUST_861,2025-01-01 19:15:00,Ziguinchor,Free Money,Transfert,iPhone,52336,0,0,Normal
3900,CUST_483,2025-01-29 19:36:00,Ziguinchor,Carte Bancaire,Retrait,iPhone,7891,0,0,Normal
3901,CUST_323,2025-03-23 01:03:00,Kaolack,Orange Money,Paiement,Android,2156,25,0,Normal
3902,CUST_817,2025-06-28 19:26:00,Kaolack,Wave,Retrait,iPhone,38022,0,0,Normal
3903,CUST_235,2025-05-24 14:17:00,Thiès,Orange Money,Transfert,iPhone,70153,0,0,Normal
3904,CUST_87,2025-04-17 12:00:00,Ziguinchor,Orange Money,Paiement,iPhone,33386,0,0,Normal
3905,CUST_862,2025-04-02 20:09:00,Kaolack,Wave,Transfert,Android,15675,0,0,Normal
3906,CUST_614,2025-03-22 02:39:00,Saint-Louis,Carte Bancaire,Transfert,Android,4932,25,0,Normal
3907,CUST_576,2025-06-08 12:56:00,Kaolack,Wave,Paiement,iPhone,20932,0,0,Normal
3908,CUST_346,2025-03-08 15:37:00,Thiès,Carte Bancaire,Retrait,Android,5845,0,0,Normal
3909,CUST_980,2025-02-25 10:20:00,Saint-Louis,Carte Bancaire,Retrait,Android,33717,0,0,Normal
3910,CUST_952,2025-06-30 11:12:00,Kaolack,Orange Money,Transfert,Android,60075,0,0,Normal
3911,CUST_335,2025-02-16 09:17:00,Kaolack,Wave,Retrait,Android,38779,0,0,Normal
3912,CUST_46,2025-01-30 10:25:00,Thiès,Wave,Transfert,iPhone,30038,0,0,Normal
3913,CUST_104,2025-05-18 15:21:00,Dakar,Orange Money,Paiement,Android,12318,0,0,Normal
3914,CUST_934,2025-03-25 12:04:00,Dakar,Carte Bancaire,Transfert,iPhone,10122,0,0,Normal
3915,CUST_766,2025-05-20 09:18:00,Thiès,Carte Bancaire,Retrait,Android,47504,0,0,Normal
3916,CUST_541,2025-01-07 11:25:00,Ziguinchor,Orange Money,Transfert,iPhone,65178,0,0,Normal
3917,CUST_542,2025-05-13 07:53:00,Kaolack,Carte Bancaire,Transfert,Android,60948,0,0,Normal
3918,CUST_943,2025-03-03 16:27:00,Saint-Louis,Carte Bancaire,Paiement,iPhone,55796,0,0,Normal
3919,CUST_772,2025-03-11 17:07:00,Thiès,Carte Bancaire,Retrait,iPhone,16218,0,0,Normal
3920,CUST_49,2025-03-10 17:43:00,Kaolack,Free Money,Retrait,iPhone,3668,0,0,Normal
3921,CUST_896,2025-03-05 09:39:00,Kaolack,Carte Bancaire,Retrait,Android,19158,0,0,Normal
3922,CUST_857,2025-04-16 02:16:00,Kaolack,Free Money,Retrait,iPhone,15985,25,0,Normal
3923,CUST_546,2025-01-15 18:03:00,Saint-Louis,Orange Money,Paiement,iPhone,14814,0,0,Normal
3924,CUST_824,2025-02-01 14:03:00,Kaolack,Carte Bancaire,Transfert,Android,21300,0,0,Normal
3925,CUST_308,2025-04-14 11:44:00,Dakar,Carte Bancaire,Retrait,Android,76662,0,0,Normal
3926,CUST_394,2025-04-13 14:30:00,Dakar,Wave,Transfert,Android,25817,0,0,Normal
3927,CUST_489,2025-04-28 15:26:00,Saint-Louis,Carte Bancaire,Retrait,iPhone,36806,0,0,Normal
3928,CUST_917,2025-04-28 17:33:00,Saint-Louis,Orange Money,Retrait,Android,41739,0,0,Normal
3929,CUST_602,2025-03-22 10:14:00,Dakar,Free Money,Transfert,iPhone,18239,0,0,Normal
3930,CUST_416,2025-01-17 16:39:00,Thiès,Free Money,Retrait,Android,25619,0,0,Normal
3931,CUST_781,2025-03-06 11:12:00,Ziguinchor,Carte Bancaire,Transfert,Android,73106,0,0,Normal
3932,CUST_166,2025-04-29 13:32:00,Thiès,Wave,Paiement,iPhone,14141,0,0,Normal
3933,CUST_329,2025-04-04 15:07:00,Ziguinchor,Carte Bancaire,Transfert,Android,35397,0,0,Normal
3934,CUST_146,2025-04-19 15:41:00,Dakar,Carte Bancaire,Transfert,Android,18073,0,0,Normal
3935,CUST_148,2025-03-26 11:43:00,Ziguinchor,Orange Money,Transfert,Android,1023,0,0,Normal
3936,CUST_45,2025-05-02 14:19:00,Saint-Louis,Wave,Transfert,Android,37272,0,0,Normal
3937,CUST_747,2025-01-27 12:34:00,Thiès,Carte Bancaire,Paiement,iPhone,2680,0,0,Normal
3938,CUST_316,2025-02-04 11:07:00,Saint-Louis,Orange Money,Transfert,iPhone,500,0,0,Normal
3939,CUST_504,2025-04-04 16:45:00,Saint-Louis,Carte Bancaire,Paiement,iPhone,500,0,0,Normal
3940,CUST_115,2025-02-09 22:20:00,Saint-Louis,Free Money,Retrait,iPhone,2805,0,0,Normal
3941,CUST_98,2025-03-13 12:53:00,Kaolack,Wave,Paiement,iPhone,41652,0,0,Normal
3942,CUST_618,2025-05-03 15:27:00,Ziguinchor,Carte Bancaire,Retrait,Android,8348,0,0,Normal
3943,CUST_334,2025-04-05 10:25:00,Kaolack,Wave,Paiement,Android,59413,0,0,Normal
3944,CUST_390,2025-03-28 11:33:00,Kaolack,Orange Money,Transfert,iPhone,75925,0,0,Normal
3945,CUST_484,2025-06-05 12:34:00,Saint-Louis,Free Money,Retrait,iPhone,27520,0,0,Normal
3946,CUST_202,2025-06-08 08:08:00,Saint-Louis,Orange Money,Paiement,Android,3188,0,0,Normal
3947,CUST_945,2025-01-24 08:41:00,Ziguinchor,Orange Money,Retrait,iPhone,37534,0,0,Normal
3948,CUST_377,2025-01-06 18:56:00,Kaolack,Free Money,Retrait,Android,15660,0,0,Normal
3949,CUST_243,2025-03-06 13:58:00,Kaolack,Free Money,Retrait,iPhone,14642,0,0,Normal
3950,CUST_330,2025-04-14 16:32:00,Ziguinchor,Free Money,Retrait,Android,56727,0,0,Normal
3951,CUST_829,2025-03-14 13:32:00,Ziguinchor,Carte Bancaire,Transfert,iPhone,27176,0,0,Normal
3952,CUST_351,2025-05-26 09:59:00,Kaolack,Carte Bancaire,Transfert,iPhone,38550,0,0,Normal
3953,CUST_838,2025-06-08 12:39:00,Thiès,Wave,Paiement,Android,59658,30,0,Normal
3954,CUST_32,2025-06-06 13:53:00,Thiès,Carte Bancaire,Paiement,Android,21408,0,0,Normal
3955,CUST_729,2025-01-09 07:48:00,Kaolack,Orange Money,Retrait,Android,37707,0,0,Normal
3956,CUST_154,2025-04-14 18:05:00,Kaolack,Carte Bancaire,Retrait,Android,11928,0,0,Normal
3957,CUST_91,2025-02-10 13:00:00,Saint-Louis,Free Money,Retrait,Android,10902,0,0,Normal
3958,CUST_886,2025-03-05 15:53:00,Saint-Louis,Free Money,Retrait,Android,47128,0,0,Normal
3959,CUST_957,2025-03-31 12:26:00,Dakar,Orange Money,Transfert,iPhone,44663,0,0,Normal
3960,CUST_735,2025-05-10 18:47:00,Saint-Louis,Wave,Paiement,iPhone,42118,0,0,Normal
3961,CUST_765,2025-02-27 14:11:00,Thiès,Orange Money,Transfert,iPhone,16976,0,0,Normal
3962,CUST_142,2025-04-23 13:43:00,Thiès,Wave,Paiement,Android,5089,0,0,Normal
3963,CUST_260,2025-06-03 19:44:00,Dakar,Wave,Retrait,Android,26643,0,0,Normal
3964,CUST_439,2025-03-09 18:45:00,Saint-Louis,Wave,Paiement,iPhone,48474,0,0,Normal
3965,CUST_138,2025-06-02 11:44:00,Ziguinchor,Wave,Transfert,iPhone,18663,0,0,Normal
3966,CUST_686,2025-06-20 11:23:00,Kaolack,Free Money,Transfert,iPhone,21135,0,0,Normal
3967,CUST_77,2025-05-16 19:40:00,Thiès,Orange Money,Transfert,Android,9626,30,0,Normal
3968,CUST_36,2025-06-02 09:10:00,Ziguinchor,Carte Bancaire,Retrait,iPhone,31027,0,0,Normal
3969,CUST_221,2025-02-22 13:56:00,Dakar,Orange Money,Paiement,iPhone,35550,35,1,Comportement suspect
3970,CUST_721,2025-06-02 15:40:00,Kaolack,Free Money,Transfert,iPhone,2605,0,0,Normal
3971,CUST_906,2025-05-20 04:50:00,Saint-Louis,Carte Bancaire,Transfert,Android,10692,25,0,Normal
3972,CUST_575,2025-02-19 13:06:00,Thiès,Wave,Retrait,iPhone,13926,0,0,Normal
3973,CUST_939,2025-05-08 10:26:00,Kaolack,Orange Money,Retrait,Android,7613,0,0,Normal
3974,CUST_705,2025-06-17 11:55:00,Thiès,Free Money,Retrait,iPhone,67165,0,0,Normal
3975,CUST_137,2025-01-16 07:39:00,Thiès,Free Money,Paiement,iPhone,17722,0,0,Normal
3976,CUST_913,2025-01-02 09:19:00,Kaolack,Orange Money,Paiement,iPhone,8417,0,0,Normal
3977,CUST_485,2025-03-11 06:23:00,Kaolack,Free Money,Transfert,Android,14439,0,0,Normal
3978,CUST_210,2025-06-20 11:03:00,Dakar,Free Money,Transfert,Android,14632,0,0,Normal
3979,CUST_964,2025-02-06 11:12:00,Saint-Louis,Free Money,Retrait,iPhone,10933,0,0,Normal
3980,CUST_886,2025-06-05 10:58:00,Saint-Louis,Free Money,Paiement,Android,43745,0,0,Normal
3981,CUST_538,2025-01-11 10:50:00,Saint-Louis,Orange Money,Transfert,Android,37296,0,0,Normal
3982,CUST_202,2025-03-20 08:20:00,Saint-Louis,Orange Money,Retrait,Android,16760,0,0,Normal
3983,CUST_52,2025-02-09 19:31:00,Kaolack,Orange Money,Retrait,Android,19088,0,0,Normal
3984,CUST_289,2025-05-22 15:09:00,Ziguinchor,Carte Bancaire,Paiement,iPhone,23009,0,0,Normal
3985,CUST_531,2025-03-12 11:08:00,Thiès,Carte Bancaire,Retrait,Android,23451,0,0,Normal
3986,CUST_476,2025-06-02 08:41:00,Ziguinchor,Carte Bancaire,Transfert,iPhone,28602,0,0,Normal
3987,CUST_637,2025-05-23 13:02:00,Kaolack,Carte Bancaire,Retrait,Android,39312,0,0,Normal
3988,CUST_556,2025-05-11 06:42:00,Thiès,Carte Bancaire,Transfert,Android,13714,0,0,Normal
3989,CUST_401,2025-01-03 10:49:00,Thiès,Carte Bancaire,Retrait,iPhone,43725,0,0,Normal
3990,CUST_19,2025-02-13 13:25:00,Thiès,Orange Money,Retrait,iPhone,49319,0,0,Normal
3991,CUST_599,2025-05-19 11:57:00,Ziguinchor,Wave,Retrait,iPhone,33386,35,1,Comportement suspect
3992,CUST_974,2025-05-03 13:46:00,Dakar,Carte Bancaire,Paiement,Android,34137,0,0,Normal
3993,CUST_696,2025-06-27 13:41:00,Thiès,Free Money,Transfert,Android,3066,0,0,Normal
3994,CUST_785,2025-05-14 14:14:00,Saint-Louis,Free Money,Paiement,Android,18040,0,0,Normal
3995,CUST_916,2025-05-23 12:50:00,Ziguinchor,Wave,Paiement,iPhone,45715,0,0,Normal
3996,CUST_445,2025-06-24 18:07:00,Thiès,Orange Money,Retrait,Android,6164,35,1,Comportement suspect
3997,CUST_708,2025-03-01 10:45:00,Kaolack,Orange Money,Transfert,Android,59579,0,0,Normal
3998,CUST_166,2025-04-01 19:34:00,Thiès,Wave,Retrait,Android,13187,0,0,Normal
3999,CUST_457,2025-05-17 13:01:00,Kaolack,Free Money,Retrait,Android,500,0,0,Normal
4000,CUST_1000,2025-01-22 15:14:00,Dakar,Carte Bancaire,Paiement,iPhone,59585,0,0,Normal
4001,CUST_780,2025-01-07 21:46:00,Saint-Louis,Free Money,Paiement,Android,72557,0,0,Normal
4002,CUST_101,2025-05-04 01:35:00,Ziguinchor,Carte Bancaire,Paiement,iPhone,7018,25,0,Normal
4003,CUST_713,2025-02-19 15:09:00,Kaolack,Wave,Transfert,Android,11273,0,0,Normal
4004,CUST_971,2025-05-17 20:55:00,Dakar,Carte Bancaire,Retrait,Android,42239,0,0,Normal
4005,CUST_70,2025-03-31 11:57:00,Saint-Louis,Carte Bancaire,Transfert,Android,21461,0,0,Normal
4006,CUST_493,2025-06-10 14:26:00,Dakar,Free Money,Paiement,iPhone,22663,35,1,Comportement suspect
4007,CUST_42,2025-01-23 09:58:00,Ziguinchor,Free Money,Retrait,Android,60767,0,0,Normal
4008,CUST_146,2025-06-09 12:44:00,Dakar,Orange Money,Paiement,Android,9762,0,0,Normal
4009,CUST_536,2025-06-22 06:37:00,Ziguinchor,Carte Bancaire,Retrait,iPhone,49580,0,0,Normal
4010,CUST_519,2025-04-02 17:09:00,Kaolack,Free Money,Transfert,Android,14026,0,0,Normal
4011,CUST_211,2025-05-27 13:10:00,Saint-Louis,Free Money,Paiement,Android,58951,0,0,Normal
4012,CUST_106,2025-04-06 13:59:00,Saint-Louis,Wave,Paiement,iPhone,59160,0,0,Normal
4013,CUST_11,2025-06-24 10:33:00,Dakar,Orange Money,Paiement,iPhone,10742,0,0,Normal
4014,CUST_989,2025-03-31 16:39:00,Thiès,Carte Bancaire,Retrait,iPhone,18487,0,0,Normal
4015,CUST_719,2025-03-29 12:41:00,Dakar,Orange Money,Transfert,iPhone,14901,0,0,Normal
4016,CUST_787,2025-03-14 09:07:00,Ziguinchor,Carte Bancaire,Retrait,Android,28400,0,0,Normal
4017,CUST_184,2025-01-09 17:02:00,Saint-Louis,Free Money,Transfert,Android,14236,0,0,Normal
4018,CUST_518,2025-01-07 14:09:00,Thiès,Wave,Transfert,iPhone,36086,0,0,Normal
4019,CUST_627,2025-04-07 17:21:00,Kaolack,Carte Bancaire,Paiement,Android,3731,0,0,Normal
4020,CUST_491,2025-04-30 16:47:00,Dakar,Carte Bancaire,Paiement,Android,500,0,0,Normal
4021,CUST_681,2025-01-24 14:58:00,Saint-Louis,Carte Bancaire,Retrait,iPhone,28232,0,0,Normal
4022,CUST_809,2025-02-17 12:13:00,Thiès,Wave,Retrait,Android,18128,0,0,Normal
4023,CUST_54,2025-05-01 11:25:00,Thiès,Carte Bancaire,Retrait,Android,16744,0,0,Normal
4024,CUST_337,2025-06-21 10:24:00,Thiès,Carte Bancaire,Paiement,iPhone,54151,0,0,Normal
4025,CUST_361,2025-05-04 13:49:00,Dakar,Free Money,Retrait,iPhone,21100,0,0,Normal
4026,CUST_868,2025-01-23 16:58:00,Saint-Louis,Wave,Paiement,iPhone,40668,0,0,Normal
4027,CUST_379,2025-04-04 15:53:00,Saint-Louis,Carte Bancaire,Paiement,Android,34882,0,0,Normal
4028,CUST_7,2025-04-06 21:16:00,Ziguinchor,Wave,Retrait,Android,58266,0,0,Normal
4029,CUST_288,2025-01-13 18:20:00,Saint-Louis,Free Money,Retrait,iPhone,26961,0,0,Normal
4030,CUST_908,2025-06-21 10:26:00,Dakar,Orange Money,Paiement,iPhone,19127,0,0,Normal
4031,CUST_346,2025-02-11 13:57:00,Thiès,Wave,Retrait,iPhone,3581,0,0,Normal
4032,CUST_834,2025-02-19 16:26:00,Ziguinchor,Orange Money,Paiement,iPhone,2129,0,0,Normal
4033,CUST_850,2025-04-08 19:02:00,Dakar,Wave,Paiement,iPhone,4186,0,0,Normal
4034,CUST_911,2025-06-17 17:37:00,Ziguinchor,Wave,Retrait,Android,18423,0,0,Normal
4035,CUST_534,2025-04-02 06:04:00,Kaolack,Orange Money,Paiement,iPhone,62829,0,0,Normal
4036,CUST_489,2025-03-03 22:03:00,Saint-Louis,Wave,Retrait,Android,52648,0,0,Normal
4037,CUST_223,2025-05-24 05:36:00,Thiès,Orange Money,Transfert,Android,72293,0,0,Normal
4038,CUST_420,2025-02-01 12:04:00,Ziguinchor,Wave,Paiement,iPhone,6827,0,0,Normal
4039,CUST_824,2025-06-20 16:12:00,Kaolack,Wave,Transfert,Android,67829,0,0,Normal
4040,CUST_762,2025-04-05 00:47:00,Kaolack,Carte Bancaire,Transfert,iPhone,37246,0,0,Normal
4041,CUST_676,2025-04-05 07:08:00,Saint-Louis,Orange Money,Retrait,Android,500,0,0,Normal
4042,CUST_929,2025-02-26 08:43:00,Saint-Louis,Wave,Retrait,iPhone,27528,35,1,Comportement suspect
4043,CUST_440,2025-03-09 09:14:00,Dakar,Free Money,Transfert,iPhone,4740,0,0,Normal
4044,CUST_696,2025-06-17 14:28:00,Thiès,Carte Bancaire,Paiement,iPhone,13313,0,0,Normal
4045,CUST_672,2025-03-07 11:53:00,Kaolack,Orange Money,Transfert,iPhone,27139,0,0,Normal
4046,CUST_723,2025-06-22 10:49:00,Kaolack,Wave,Paiement,Android,52364,0,0,Normal
4047,CUST_197,2025-06-18 13:57:00,Thiès,Carte Bancaire,Retrait,iPhone,16135,0,0,Normal
4048,CUST_60,2025-02-27 13:14:00,Thiès,Orange Money,Transfert,Android,5462,0,0,Normal
4049,CUST_291,2025-01-17 12:05:00,Ziguinchor,Wave,Paiement,Android,6073,0,0,Normal
4050,CUST_271,2025-03-09 12:32:00,Dakar,Orange Money,Paiement,iPhone,31140,0,0,Normal
4051,CUST_771,2025-06-30 10:27:00,Thiès,Orange Money,Retrait,Android,36385,0,0,Normal
4052,CUST_567,2025-02-27 11:06:00,Dakar,Free Money,Retrait,iPhone,26645,0,0,Normal
4053,CUST_352,2025-02-12 16:15:00,Ziguinchor,Carte Bancaire,Transfert,Android,10933,0,0,Normal
4054,CUST_496,2025-05-13 12:29:00,Ziguinchor,Orange Money,Paiement,Android,29215,0,0,Normal
4055,CUST_764,2025-03-05 15:52:00,Dakar,Carte Bancaire,Retrait,iPhone,21329,0,0,Normal
4056,CUST_132,2025-03-29 11:58:00,Saint-Louis,Orange Money,Retrait,Android,79738,0,0,Normal
4057,CUST_699,2025-03-30 13:51:00,Dakar,Wave,Transfert,Android,28946,0,0,Normal
4058,CUST_908,2025-06-08 20:54:00,Dakar,Wave,Paiement,iPhone,10632,0,0,Normal
4059,CUST_217,2025-03-22 07:58:00,Kaolack,Wave,Paiement,iPhone,2165,0,0,Normal
4060,CUST_791,2025-03-08 10:21:00,Kaolack,Free Money,Transfert,iPhone,46423,0,0,Normal
4061,CUST_718,2025-06-12 06:21:00,Ziguinchor,Carte Bancaire,Retrait,iPhone,4579,0,0,Normal
4062,CUST_259,2025-01-17 17:50:00,Ziguinchor,Orange Money,Paiement,iPhone,25182,0,0,Normal
4063,CUST_488,2025-02-08 11:00:00,Saint-Louis,Carte Bancaire,Retrait,Android,30609,0,0,Normal
4064,CUST_45,2025-06-02 08:29:00,Saint-Louis,Free Money,Paiement,Android,14686,0,0,Normal
4065,CUST_519,2025-05-04 15:35:00,Kaolack,Wave,Transfert,iPhone,17934,0,0,Normal
4066,CUST_50,2025-05-22 05:51:00,Ziguinchor,Orange Money,Paiement,Android,25972,0,0,Normal
4067,CUST_139,2025-05-09 14:54:00,Kaolack,Carte Bancaire,Retrait,Android,63911,0,0,Normal
4068,CUST_933,2025-05-27 06:08:00,Dakar,Free Money,Retrait,Android,500,0,0,Normal
4069,CUST_822,2025-04-15 06:04:00,Thiès,Carte Bancaire,Transfert,iPhone,27366,0,0,Normal
4070,CUST_767,2025-04-14 11:06:00,Kaolack,Free Money,Paiement,iPhone,84263,0,0,Normal
4071,CUST_718,2025-01-29 20:44:00,Ziguinchor,Wave,Retrait,iPhone,4380,0,0,Normal
4072,CUST_749,2025-06-16 12:56:00,Thiès,Wave,Transfert,iPhone,13275,0,0,Normal
4073,CUST_575,2025-02-26 11:43:00,Thiès,Wave,Paiement,Android,10122,0,0,Normal
4074,CUST_89,2025-06-19 20:27:00,Ziguinchor,Wave,Transfert,iPhone,29265,0,0,Normal
4075,CUST_663,2025-01-15 17:06:00,Thiès,Free Money,Retrait,Android,37492,0,0,Normal
4076,CUST_294,2025-02-09 07:45:00,Thiès,Free Money,Retrait,iPhone,16397,0,0,Normal
4077,CUST_295,2025-01-28 11:01:00,Kaolack,Carte Bancaire,Retrait,iPhone,1899,0,0,Normal
4078,CUST_792,2025-04-17 12:14:00,Kaolack,Free Money,Transfert,Android,10394,0,0,Normal
4079,CUST_325,2025-04-18 11:41:00,Ziguinchor,Orange Money,Transfert,iPhone,77610,0,0,Normal
4080,CUST_130,2025-01-25 09:34:00,Dakar,Carte Bancaire,Retrait,iPhone,19776,0,0,Normal
4081,CUST_203,2025-02-11 16:16:00,Ziguinchor,Carte Bancaire,Paiement,iPhone,34558,0,0,Normal
4082,CUST_632,2025-03-27 19:31:00,Thiès,Orange Money,Paiement,Android,26721,0,0,Normal
4083,CUST_848,2025-01-24 08:30:00,Ziguinchor,Free Money,Transfert,Android,29345,0,0,Normal
4084,CUST_472,2025-03-28 17:24:00,Ziguinchor,Orange Money,Paiement,Android,1465,0,0,Normal
4085,CUST_263,2025-01-23 12:15:00,Dakar,Free Money,Retrait,iPhone,43675,0,0,Normal
4086,CUST_209,2025-03-12 08:32:00,Saint-Louis,Carte Bancaire,Transfert,iPhone,53431,0,0,Normal
4087,CUST_113,2025-01-14 13:03:00,Ziguinchor,Orange Money,Transfert,iPhone,24243,0,0,Normal
4088,CUST_446,2025-01-26 03:00:00,Thiès,Orange Money,Retrait,iPhone,23060,25,0,Normal
4089,CUST_872,2025-06-08 09:16:00,Ziguinchor,Wave,Transfert,iPhone,40447,0,0,Normal
4090,CUST_930,2025-04-13 14:13:00,Saint-Louis,Carte Bancaire,Retrait,iPhone,59322,0,0,Normal
4091,CUST_912,2025-02-11 06:16:00,Dakar,Free Money,Transfert,iPhone,53582,0,0,Normal
4092,CUST_386,2025-01-26 15:49:00,Saint-Louis,Carte Bancaire,Transfert,Android,14937,30,0,Normal
4093,CUST_691,2025-04-26 10:49:00,Dakar,Orange Money,Transfert,Android,83090,0,0,Normal
4094,CUST_335,2025-04-06 08:29:00,Kaolack,Free Money,Transfert,Android,43058,0,0,Normal
4095,CUST_3,2025-06-25 10:53:00,Kaolack,Wave,Transfert,Android,12401,0,0,Normal
4096,CUST_722,2025-03-22 15:14:00,Dakar,Orange Money,Paiement,iPhone,33716,0,0,Normal
4097,CUST_835,2025-06-13 09:42:00,Dakar,Carte Bancaire,Retrait,Android,48001,0,0,Normal
4098,CUST_805,2025-05-07 11:54:00,Saint-Louis,Wave,Paiement,iPhone,4163,0,0,Normal
4099,CUST_201,2025-04-04 01:55:00,Kaolack,Free Money,Retrait,Android,13638,25,0,Normal
4100,CUST_394,2025-03-19 01:54:00,Dakar,Orange Money,Paiement,iPhone,7377,25,0,Normal
4101,CUST_328,2025-02-03 13:11:00,Thiès,Wave,Transfert,Android,8226,0,0,Normal
4102,CUST_486,2025-03-03 11:28:00,Thiès,Carte Bancaire,Transfert,Android,83926,0,0,Normal
4103,CUST_248,2025-03-23 08:05:00,Ziguinchor,Wave,Retrait,iPhone,36178,0,0,Normal
4104,CUST_209,2025-06-06 10:05:00,Saint-Louis,Orange Money,Transfert,Android,21859,0,0,Normal
4105,CUST_423,2025-01-28 08:49:00,Kaolack,Carte Bancaire,Transfert,iPhone,84516,0,0,Normal
4106,CUST_791,2025-03-24 22:28:00,Kaolack,Wave,Retrait,iPhone,43183,0,0,Normal
4107,CUST_912,2025-02-14 15:17:00,Dakar,Wave,Retrait,iPhone,51210,0,0,Normal
4108,CUST_957,2025-04-15 12:49:00,Saint-Louis,Orange Money,Paiement,iPhone,26144,35,1,Comportement suspect
4109,CUST_215,2025-04-27 12:32:00,Dakar,Orange Money,Transfert,Android,31110,0,0,Normal
4110,CUST_711,2025-05-14 10:59:00,Ziguinchor,Orange Money,Transfert,Android,48754,0,0,Normal
4111,CUST_794,2025-03-13 11:08:00,Kaolack,Orange Money,Transfert,Android,22935,35,1,Comportement suspect
4112,CUST_932,2025-01-29 10:17:00,Ziguinchor,Wave,Transfert,iPhone,41467,0,0,Normal
4113,CUST_554,2025-03-18 06:17:00,Dakar,Wave,Retrait,Android,18686,30,0,Normal
4114,CUST_798,2025-05-24 10:55:00,Dakar,Free Money,Paiement,Android,49092,0,0,Normal
4115,CUST_295,2025-03-13 04:28:00,Kaolack,Orange Money,Transfert,Android,6409,25,0,Normal
4116,CUST_540,2025-04-09 09:31:00,Saint-Louis,Orange Money,Transfert,Android,54661,0,0,Normal
4117,CUST_846,2025-02-05 12:00:00,Ziguinchor,Wave,Transfert,Android,31660,0,0,Normal
4118,CUST_100,2025-04-12 06:08:00,Dakar,Free Money,Retrait,iPhone,6131,0,0,Normal
4119,CUST_924,2025-02-03 21:56:00,Kaolack,Orange Money,Transfert,Android,10430,0,0,Normal
4120,CUST_178,2025-05-20 12:02:00,Kaolack,Carte Bancaire,Paiement,iPhone,20045,0,0,Normal
4121,CUST_532,2025-05-15 15:56:00,Saint-Louis,Orange Money,Paiement,Android,33857,0,0,Normal
4122,CUST_199,2025-03-27 13:53:00,Saint-Louis,Free Money,Transfert,Android,500,0,0,Normal
4123,CUST_603,2025-01-16 10:28:00,Saint-Louis,Orange Money,Retrait,Android,39249,0,0,Normal
4124,CUST_625,2025-05-16 13:04:00,Saint-Louis,Free Money,Paiement,Android,15432,0,0,Normal
4125,CUST_325,2025-06-19 16:33:00,Ziguinchor,Free Money,Retrait,iPhone,63296,0,0,Normal
4126,CUST_947,2025-02-15 17:37:00,Dakar,Free Money,Transfert,Android,47605,0,0,Normal
4127,CUST_921,2025-04-20 07:10:00,Thiès,Free Money,Paiement,Android,45627,0,0,Normal
4128,CUST_735,2025-05-23 10:24:00,Saint-Louis,Carte Bancaire,Transfert,iPhone,21554,0,0,Normal
4129,CUST_650,2025-06-18 14:54:00,Ziguinchor,Orange Money,Paiement,Android,15646,0,0,Normal
4130,CUST_850,2025-03-24 10:19:00,Dakar,Orange Money,Paiement,iPhone,1187,0,0,Normal
4131,CUST_337,2025-05-20 13:47:00,Thiès,Orange Money,Retrait,Android,18338,0,0,Normal
4132,CUST_55,2025-01-22 11:41:00,Dakar,Wave,Retrait,Android,5355,0,0,Normal
4133,CUST_757,2025-01-29 19:51:00,Thiès,Wave,Transfert,Android,38045,0,0,Normal
4134,CUST_351,2025-04-25 12:32:00,Kaolack,Wave,Paiement,Android,35325,0,0,Normal
4135,CUST_898,2025-03-31 11:08:00,Kaolack,Free Money,Transfert,Android,41258,0,0,Normal
4136,CUST_521,2025-06-11 06:15:00,Ziguinchor,Wave,Paiement,iPhone,17726,35,1,Comportement suspect
4137,CUST_469,2025-02-10 13:04:00,Dakar,Wave,Retrait,Android,13712,0,0,Normal
4138,CUST_1000,2025-04-15 12:26:00,Dakar,Orange Money,Transfert,Android,58692,0,0,Normal
4139,CUST_701,2025-05-14 16:44:00,Thiès,Wave,Retrait,Android,44342,0,0,Normal
4140,CUST_661,2025-03-12 10:41:00,Ziguinchor,Carte Bancaire,Retrait,Android,71235,0,0,Normal
4141,CUST_773,2025-05-10 06:55:00,Saint-Louis,Wave,Paiement,Android,500,0,0,Normal
4142,CUST_377,2025-01-25 13:18:00,Kaolack,Free Money,Transfert,Android,33380,0,0,Normal
4143,CUST_188,2025-02-23 09:55:00,Thiès,Wave,Transfert,iPhone,47118,0,0,Normal
4144,CUST_471,2025-04-03 10:36:00,Kaolack,Carte Bancaire,Retrait,Android,20346,0,0,Normal
4145,CUST_282,2025-05-29 15:08:00,Saint-Louis,Free Money,Retrait,Android,12314,0,0,Normal
4146,CUST_139,2025-01-24 09:24:00,Kaolack,Carte Bancaire,Transfert,iPhone,55523,0,0,Normal
4147,CUST_477,2025-01-18 18:10:00,Thiès,Wave,Transfert,Android,500,0,0,Normal
4148,CUST_778,2025-06-18 12:46:00,Dakar,Free Money,Paiement,Android,27252,0,0,Normal
4149,CUST_94,2025-04-18 10:23:00,Ziguinchor,Wave,Paiement,iPhone,57374,0,0,Normal
4150,CUST_176,2025-03-06 15:54:00,Saint-Louis,Carte Bancaire,Paiement,Android,1482,0,0,Normal
4151,CUST_697,2025-06-15 14:06:00,Thiès,Carte Bancaire,Paiement,iPhone,58175,0,0,Normal
4152,CUST_678,2025-03-30 10:38:00,Saint-Louis,Wave,Transfert,iPhone,7940,30,0,Normal
4153,CUST_993,2025-01-12 08:13:00,Thiès,Free Money,Transfert,iPhone,46547,0,0,Normal
4154,CUST_576,2025-03-03 12:00:00,Kaolack,Orange Money,Transfert,iPhone,36752,0,0,Normal
4155,CUST_217,2025-02-07 09:42:00,Kaolack,Free Money,Paiement,Android,3695,0,0,Normal
4156,CUST_882,2025-02-20 17:36:00,Thiès,Orange Money,Paiement,Android,796,0,0,Normal
4157,CUST_383,2025-05-10 17:00:00,Dakar,Carte Bancaire,Paiement,Android,18587,0,0,Normal
4158,CUST_132,2025-01-10 07:45:00,Saint-Louis,Free Money,Transfert,Android,25633,0,0,Normal
4159,CUST_482,2025-01-07 07:07:00,Saint-Louis,Carte Bancaire,Transfert,Android,11460,0,0,Normal
4160,CUST_827,2025-05-07 18:11:00,Kaolack,Carte Bancaire,Transfert,Android,17459,0,0,Normal
4161,CUST_862,2025-05-27 18:48:00,Kaolack,Carte Bancaire,Paiement,Android,500,0,0,Normal
4162,CUST_127,2025-04-25 18:39:00,Dakar,Wave,Paiement,iPhone,46537,0,0,Normal
4163,CUST_17,2025-06-24 15:02:00,Dakar,Wave,Paiement,iPhone,19484,0,0,Normal
4164,CUST_661,2025-01-09 15:15:00,Ziguinchor,Wave,Paiement,iPhone,33466,0,0,Normal
4165,CUST_669,2025-06-07 06:43:00,Kaolack,Orange Money,Paiement,Android,14316,0,0,Normal
4166,CUST_330,2025-04-17 11:07:00,Ziguinchor,Carte Bancaire,Paiement,Android,58378,0,0,Normal
4167,CUST_283,2025-05-19 11:31:00,Kaolack,Wave,Retrait,iPhone,2538,0,0,Normal
4168,CUST_581,2025-06-03 17:12:00,Dakar,Orange Money,Paiement,iPhone,38815,0,0,Normal
4169,CUST_362,2025-03-03 10:36:00,Saint-Louis,Carte Bancaire,Retrait,iPhone,47571,0,0,Normal
4170,CUST_865,2025-05-19 09:37:00,Ziguinchor,Free Money,Retrait,Android,11744,0,0,Normal
4171,CUST_261,2025-03-13 12:29:00,Kaolack,Free Money,Transfert,iPhone,16514,0,0,Normal
4172,CUST_837,2025-03-26 14:30:00,Ziguinchor,Carte Bancaire,Retrait,Android,17074,0,0,Normal
4173,CUST_632,2025-01-14 12:32:00,Thiès,Wave,Retrait,iPhone,14016,0,0,Normal
4174,CUST_102,2025-05-03 16:50:00,Kaolack,Wave,Retrait,iPhone,51410,0,0,Normal
4175,CUST_945,2025-03-19 10:31:00,Ziguinchor,Carte Bancaire,Retrait,iPhone,10615,0,0,Normal
4176,CUST_981,2025-01-12 04:32:00,Thiès,Carte Bancaire,Transfert,Android,5012,25,0,Normal
4177,CUST_617,2025-01-07 12:11:00,Dakar,Orange Money,Retrait,iPhone,16782,0,0,Normal
4178,CUST_565,2025-02-27 21:37:00,Ziguinchor,Orange Money,Retrait,Android,42290,0,0,Normal
4179,CUST_911,2025-02-17 12:22:00,Ziguinchor,Orange Money,Paiement,iPhone,27951,0,0,Normal
4180,CUST_18,2025-04-11 17:00:00,Dakar,Free Money,Retrait,iPhone,3629,0,0,Normal
4181,CUST_805,2025-03-29 18:43:00,Saint-Louis,Orange Money,Paiement,Android,6244,0,0,Normal
4182,CUST_257,2025-01-06 10:30:00,Saint-Louis,Wave,Paiement,Android,6840,0,0,Normal
4183,CUST_206,2025-03-15 23:20:00,Ziguinchor,Wave,Paiement,Android,48320,0,0,Normal
4184,CUST_798,2025-03-17 12:19:00,Dakar,Orange Money,Transfert,Android,24775,0,0,Normal
4185,CUST_526,2025-04-12 10:38:00,Thiès,Free Money,Transfert,iPhone,8781,0,0,Normal
4186,CUST_55,2025-04-30 11:00:00,Dakar,Carte Bancaire,Paiement,Android,5558,0,0,Normal
4187,CUST_492,2025-06-23 15:02:00,Ziguinchor,Wave,Transfert,iPhone,100038,0,0,Normal
4188,CUST_987,2025-04-21 14:30:00,Thiès,Wave,Transfert,Android,8619,0,0,Normal
4189,CUST_732,2025-01-26 19:26:00,Dakar,Free Money,Transfert,iPhone,500,0,0,Normal
4190,CUST_95,2025-05-04 10:35:00,Ziguinchor,Free Money,Retrait,iPhone,30289,0,0,Normal
4191,CUST_610,2025-01-06 16:33:00,Saint-Louis,Carte Bancaire,Retrait,iPhone,3221,0,0,Normal
4192,CUST_949,2025-04-16 22:34:00,Thiès,Free Money,Transfert,Android,30827,0,0,Normal
4193,CUST_496,2025-05-12 08:57:00,Ziguinchor,Wave,Transfert,iPhone,16750,0,0,Normal
4194,CUST_633,2025-04-21 11:49:00,Saint-Louis,Orange Money,Paiement,iPhone,11510,0,0,Normal
4195,CUST_680,2025-04-20 13:52:00,Saint-Louis,Orange Money,Transfert,iPhone,2720,0,0,Normal
4196,CUST_128,2025-02-06 13:09:00,Kaolack,Orange Money,Transfert,iPhone,67153,0,0,Normal
4197,CUST_227,2025-01-14 10:16:00,Ziguinchor,Orange Money,Transfert,iPhone,4786,0,0,Normal
4198,CUST_132,2025-02-01 21:43:00,Saint-Louis,Carte Bancaire,Retrait,iPhone,22007,0,0,Normal
4199,CUST_927,2025-05-17 10:01:00,Dakar,Free Money,Transfert,iPhone,7838,0,0,Normal
4200,CUST_880,2025-05-12 08:30:00,Saint-Louis,Wave,Retrait,iPhone,5087,0,0,Normal
4201,CUST_496,2025-04-07 04:20:00,Ziguinchor,Carte Bancaire,Transfert,iPhone,35014,25,0,Normal
4202,CUST_602,2025-03-29 13:10:00,Dakar,Orange Money,Paiement,Android,47018,0,0,Normal
4203,CUST_634,2025-01-28 15:02:00,Kaolack,Wave,Retrait,Android,47766,0,0,Normal
4204,CUST_601,2025-02-07 04:40:00,Thiès,Wave,Retrait,Android,29295,25,0,Normal
4205,CUST_541,2025-05-14 10:21:00,Ziguinchor,Free Money,Paiement,Android,22741,0,0,Normal
4206,CUST_992,2025-06-03 16:31:00,Saint-Louis,Free Money,Retrait,iPhone,58809,0,0,Normal
4207,CUST_965,2025-03-06 06:53:00,Thiès,Wave,Paiement,iPhone,83000,0,0,Normal
4208,CUST_764,2025-02-08 07:56:00,Dakar,Carte Bancaire,Paiement,Android,19524,0,0,Normal
4209,CUST_287,2025-02-20 12:48:00,Ziguinchor,Free Money,Retrait,iPhone,49264,0,0,Normal
4210,CUST_356,2025-04-20 15:13:00,Ziguinchor,Orange Money,Retrait,Android,12321,0,0,Normal
4211,CUST_46,2025-04-06 09:16:00,Thiès,Free Money,Retrait,iPhone,20626,0,0,Normal
4212,CUST_20,2025-03-07 14:49:00,Kaolack,Orange Money,Paiement,iPhone,38500,0,0,Normal
4213,CUST_965,2025-06-01 05:54:00,Thiès,Wave,Retrait,Android,21514,0,0,Normal
4214,CUST_198,2025-04-29 11:04:00,Dakar,Wave,Paiement,iPhone,4026,0,0,Normal
4215,CUST_202,2025-03-09 06:31:00,Saint-Louis,Free Money,Paiement,iPhone,25988,0,0,Normal
4216,CUST_754,2025-03-01 10:53:00,Ziguinchor,Wave,Retrait,Android,7271,0,0,Normal
4217,CUST_442,2025-02-25 04:59:00,Ziguinchor,Wave,Paiement,iPhone,8804,25,0,Normal
4218,CUST_840,2025-06-30 21:47:00,Kaolack,Carte Bancaire,Transfert,Android,7213,0,0,Normal
4219,CUST_365,2025-06-29 13:49:00,Saint-Louis,Orange Money,Transfert,iPhone,20360,0,0,Normal
4220,CUST_829,2025-03-08 09:44:00,Ziguinchor,Free Money,Paiement,Android,37070,0,0,Normal
4221,CUST_603,2025-03-25 15:30:00,Saint-Louis,Free Money,Retrait,Android,34534,0,0,Normal
4222,CUST_152,2025-02-15 19:26:00,Ziguinchor,Orange Money,Retrait,iPhone,18516,0,0,Normal
4223,CUST_407,2025-04-11 13:02:00,Kaolack,Free Money,Paiement,Android,500,0,0,Normal
4224,CUST_146,2025-05-07 15:17:00,Dakar,Wave,Transfert,iPhone,16642,0,0,Normal
4225,CUST_730,2025-03-01 20:33:00,Saint-Louis,Wave,Retrait,Android,16170,30,0,Normal
4226,CUST_438,2025-05-28 09:08:00,Dakar,Wave,Paiement,Android,33967,0,0,Normal
4227,CUST_92,2025-01-18 13:27:00,Saint-Louis,Free Money,Retrait,Android,3120,0,0,Normal
4228,CUST_357,2025-03-14 18:52:00,Dakar,Carte Bancaire,Transfert,iPhone,76984,0,0,Normal
4229,CUST_551,2025-03-12 06:44:00,Kaolack,Wave,Paiement,Android,3100,30,0,Normal
4230,CUST_291,2025-03-05 17:12:00,Ziguinchor,Wave,Transfert,Android,15181,0,0,Normal
4231,CUST_701,2025-02-18 17:01:00,Thiès,Carte Bancaire,Paiement,Android,66689,0,0,Normal
4232,CUST_292,2025-01-10 19:59:00,Ziguinchor,Carte Bancaire,Retrait,Android,46659,35,1,Comportement suspect
4233,CUST_466,2025-02-27 10:45:00,Dakar,Wave,Retrait,iPhone,22908,0,0,Normal
4234,CUST_982,2025-01-31 06:02:00,Saint-Louis,Wave,Transfert,iPhone,41937,0,0,Normal
4235,CUST_742,2025-05-26 10:51:00,Ziguinchor,Orange Money,Paiement,iPhone,25444,0,0,Normal
4236,CUST_368,2025-06-14 12:16:00,Saint-Louis,Wave,Paiement,iPhone,9394,0,0,Normal
4237,CUST_81,2025-06-05 08:33:00,Thiès,Free Money,Retrait,iPhone,33468,0,0,Normal
4238,CUST_156,2025-06-06 13:41:00,Dakar,Carte Bancaire,Transfert,iPhone,18708,0,0,Normal
4239,CUST_256,2025-06-27 13:39:00,Thiès,Carte Bancaire,Retrait,Android,11292,0,0,Normal
4240,CUST_789,2025-06-25 01:27:00,Thiès,Carte Bancaire,Paiement,iPhone,38858,60,1,Transaction nocturne
4241,CUST_748,2025-03-22 10:37:00,Kaolack,Orange Money,Transfert,Android,57106,0,0,Normal
4242,CUST_142,2025-03-01 11:03:00,Thiès,Orange Money,Paiement,Android,17249,0,0,Normal
4243,CUST_354,2025-02-13 14:05:00,Saint-Louis,Wave,Transfert,Android,3284,0,0,Normal
4244,CUST_588,2025-06-26 11:36:00,Ziguinchor,Carte Bancaire,Paiement,iPhone,22890,0,0,Normal
4245,CUST_716,2025-03-15 08:49:00,Kaolack,Free Money,Transfert,iPhone,28747,0,0,Normal
4246,CUST_787,2025-05-28 08:38:00,Ziguinchor,Free Money,Paiement,Android,40634,0,0,Normal
4247,CUST_855,2025-02-01 17:51:00,Dakar,Carte Bancaire,Transfert,iPhone,28707,0,0,Normal
4248,CUST_317,2025-01-23 11:27:00,Saint-Louis,Carte Bancaire,Retrait,Android,29224,0,0,Normal
4249,CUST_484,2025-02-16 14:57:00,Saint-Louis,Free Money,Transfert,iPhone,28063,0,0,Normal
4250,CUST_717,2025-05-29 20:43:00,Thiès,Carte Bancaire,Retrait,Android,9566,0,0,Normal
4251,CUST_931,2025-04-05 17:12:00,Dakar,Free Money,Retrait,Android,22379,0,0,Normal
4252,CUST_173,2025-03-27 08:31:00,Saint-Louis,Carte Bancaire,Transfert,Android,500,0,0,Normal
4253,CUST_690,2025-04-26 16:12:00,Kaolack,Wave,Paiement,Android,4538,0,0,Normal
4254,CUST_573,2025-05-07 13:22:00,Dakar,Wave,Retrait,iPhone,28779,0,0,Normal
4255,CUST_593,2025-06-11 21:44:00,Kaolack,Wave,Paiement,Android,12873,35,1,Comportement suspect
4256,CUST_378,2025-01-18 10:35:00,Saint-Louis,Orange Money,Transfert,Android,14729,0,0,Normal
4257,CUST_859,2025-02-13 05:01:00,Ziguinchor,Free Money,Transfert,iPhone,52267,0,0,Normal
4258,CUST_573,2025-06-12 18:10:00,Dakar,Orange Money,Retrait,iPhone,47142,0,0,Normal
4259,CUST_157,2025-06-05 01:51:00,Dakar,Free Money,Transfert,Android,15624,25,0,Normal
4260,CUST_282,2025-02-23 10:31:00,Saint-Louis,Free Money,Retrait,iPhone,20182,0,0,Normal
4261,CUST_725,2025-02-03 16:30:00,Kaolack,Wave,Retrait,iPhone,25416,0,0,Normal
4262,CUST_243,2025-04-03 02:16:00,Kaolack,Wave,Retrait,iPhone,31984,25,0,Normal
4263,CUST_471,2025-04-14 16:24:00,Kaolack,Orange Money,Retrait,Android,500,0,0,Normal
4264,CUST_138,2025-02-26 14:46:00,Ziguinchor,Free Money,Paiement,iPhone,73075,0,0,Normal
4265,CUST_946,2025-01-01 07:52:00,Dakar,Wave,Transfert,Android,15043,0,0,Normal
4266,CUST_928,2025-06-25 14:49:00,Ziguinchor,Orange Money,Paiement,iPhone,55898,0,0,Normal
4267,CUST_322,2025-06-06 03:01:00,Dakar,Free Money,Paiement,Android,34485,25,0,Normal
4268,CUST_305,2025-05-25 11:13:00,Kaolack,Wave,Paiement,Android,42120,0,0,Normal
4269,CUST_801,2025-06-19 15:04:00,Dakar,Orange Money,Paiement,iPhone,64962,0,0,Normal
4270,CUST_590,2025-02-23 12:41:00,Kaolack,Free Money,Paiement,Android,9790,0,0,Normal
4271,CUST_679,2025-06-20 04:27:00,Saint-Louis,Carte Bancaire,Paiement,iPhone,8379,25,0,Normal
4272,CUST_472,2025-03-20 14:15:00,Ziguinchor,Free Money,Retrait,iPhone,5930,30,0,Normal
4273,CUST_1,2025-02-20 17:44:00,Dakar,Wave,Retrait,Android,30183,0,0,Normal
4274,CUST_155,2025-06-27 11:22:00,Saint-Louis,Orange Money,Paiement,Android,22846,0,0,Normal
4275,CUST_470,2025-01-28 10:40:00,Thiès,Wave,Paiement,iPhone,6716,0,0,Normal
4276,CUST_778,2025-05-31 07:30:00,Dakar,Free Money,Transfert,iPhone,34109,0,0,Normal
4277,CUST_91,2025-01-18 12:09:00,Saint-Louis,Carte Bancaire,Retrait,iPhone,14321,0,0,Normal
4278,CUST_368,2025-03-31 07:34:00,Saint-Louis,Orange Money,Paiement,iPhone,8436,0,0,Normal
4279,CUST_976,2025-06-04 16:45:00,Dakar,Orange Money,Transfert,Android,73123,0,0,Normal
4280,CUST_531,2025-04-08 19:35:00,Thiès,Carte Bancaire,Transfert,Android,3659,0,0,Normal
4281,CUST_465,2025-04-08 08:07:00,Saint-Louis,Carte Bancaire,Retrait,iPhone,6235,0,0,Normal
4282,CUST_205,2025-04-13 12:54:00,Dakar,Carte Bancaire,Paiement,Android,53657,0,0,Normal
4283,CUST_326,2025-01-18 15:52:00,Dakar,Carte Bancaire,Paiement,Android,28506,0,0,Normal
4284,CUST_317,2025-03-06 09:10:00,Saint-Louis,Orange Money,Paiement,iPhone,37366,0,0,Normal
4285,CUST_332,2025-02-23 08:50:00,Ziguinchor,Free Money,Transfert,iPhone,9719,0,0,Normal
4286,CUST_897,2025-06-13 14:03:00,Thiès,Free Money,Retrait,iPhone,54030,0,0,Normal
4287,CUST_705,2025-03-08 07:41:00,Thiès,Free Money,Paiement,iPhone,55619,0,0,Normal
4288,CUST_335,2025-03-14 18:38:00,Kaolack,Wave,Transfert,Android,56990,0,0,Normal
4289,CUST_820,2025-04-19 11:31:00,Ziguinchor,Carte Bancaire,Transfert,Android,8678,0,0,Normal
4290,CUST_350,2025-06-19 06:08:00,Kaolack,Orange Money,Paiement,Android,16786,0,0,Normal
4291,CUST_204,2025-06-10 13:51:00,Thiès,Wave,Paiement,iPhone,12855,0,0,Normal
4292,CUST_507,2025-04-02 17:47:00,Thiès,Free Money,Transfert,iPhone,39996,0,0,Normal
4293,CUST_203,2025-04-19 15:56:00,Ziguinchor,Carte Bancaire,Retrait,iPhone,61668,0,0,Normal
4294,CUST_838,2025-01-17 08:31:00,Thiès,Wave,Paiement,Android,92492,0,0,Normal
4295,CUST_432,2025-01-14 18:42:00,Ziguinchor,Free Money,Transfert,Android,23377,0,0,Normal
4296,CUST_184,2025-01-16 10:06:00,Saint-Louis,Carte Bancaire,Paiement,Android,6426,0,0,Normal
4297,CUST_878,2025-02-01 15:59:00,Thiès,Orange Money,Retrait,iPhone,21241,0,0,Normal
4298,CUST_921,2025-01-01 19:20:00,Thiès,Orange Money,Retrait,iPhone,31276,0,0,Normal
4299,CUST_197,2025-05-19 16:45:00,Thiès,Carte Bancaire,Retrait,iPhone,28406,0,0,Normal
4300,CUST_181,2025-02-04 13:56:00,Ziguinchor,Wave,Transfert,iPhone,35364,0,0,Normal
4301,CUST_466,2025-05-20 10:28:00,Dakar,Carte Bancaire,Transfert,Android,1802,0,0,Normal
4302,CUST_9,2025-05-12 12:02:00,Thiès,Carte Bancaire,Transfert,iPhone,11920,0,0,Normal
4303,CUST_310,2025-01-17 08:59:00,Kaolack,Orange Money,Retrait,Android,23343,0,0,Normal
4304,CUST_299,2025-03-09 08:22:00,Ziguinchor,Carte Bancaire,Paiement,Android,43537,0,0,Normal
4305,CUST_296,2025-05-17 10:46:00,Dakar,Orange Money,Paiement,Android,6288,0,0,Normal
4306,CUST_740,2025-03-16 09:03:00,Dakar,Free Money,Transfert,iPhone,4989,0,0,Normal
4307,CUST_595,2025-01-13 10:15:00,Saint-Louis,Carte Bancaire,Paiement,iPhone,68592,0,0,Normal
4308,CUST_79,2025-05-19 15:10:00,Ziguinchor,Wave,Paiement,Android,15742,0,0,Normal
4309,CUST_400,2025-02-28 13:57:00,Ziguinchor,Carte Bancaire,Paiement,iPhone,22916,0,0,Normal
4310,CUST_698,2025-03-11 13:48:00,Ziguinchor,Carte Bancaire,Paiement,iPhone,68607,0,0,Normal
4311,CUST_249,2025-05-31 08:11:00,Saint-Louis,Orange Money,Transfert,iPhone,9298,0,0,Normal
4312,CUST_762,2025-06-26 09:56:00,Kaolack,Carte Bancaire,Retrait,Android,73023,0,0,Normal
4313,CUST_223,2025-06-15 12:02:00,Thiès,Orange Money,Paiement,iPhone,19099,0,0,Normal
4314,CUST_457,2025-04-04 18:53:00,Kaolack,Carte Bancaire,Paiement,Android,22704,0,0,Normal
4315,CUST_159,2025-02-11 05:08:00,Kaolack,Free Money,Retrait,Android,44526,0,0,Normal
4316,CUST_691,2025-03-07 09:15:00,Dakar,Free Money,Retrait,iPhone,58995,0,0,Normal
4317,CUST_204,2025-04-27 09:03:00,Thiès,Orange Money,Paiement,iPhone,25269,0,0,Normal
4318,CUST_191,2025-03-03 14:22:00,Dakar,Free Money,Paiement,iPhone,24891,0,0,Normal
4319,CUST_276,2025-01-19 13:32:00,Ziguinchor,Orange Money,Transfert,Android,70910,0,0,Normal
4320,CUST_19,2025-02-14 09:46:00,Thiès,Free Money,Retrait,Android,16281,0,0,Normal
4321,CUST_777,2025-01-27 09:02:00,Kaolack,Wave,Paiement,iPhone,4160,0,0,Normal
4322,CUST_299,2025-04-15 04:52:00,Ziguinchor,Carte Bancaire,Transfert,iPhone,41338,25,0,Normal
4323,CUST_110,2025-06-18 19:15:00,Thiès,Carte Bancaire,Paiement,iPhone,27071,30,0,Normal
4324,CUST_911,2025-02-10 13:45:00,Ziguinchor,Orange Money,Retrait,iPhone,24004,0,0,Normal
4325,CUST_969,2025-04-06 06:01:00,Ziguinchor,Wave,Transfert,Android,32000,0,0,Normal
4326,CUST_165,2025-05-24 07:48:00,Kaolack,Free Money,Transfert,Android,9456,0,0,Normal
4327,CUST_740,2025-03-11 11:46:00,Dakar,Carte Bancaire,Retrait,iPhone,10456,0,0,Normal
4328,CUST_593,2025-04-15 12:35:00,Ziguinchor,Free Money,Retrait,iPhone,6572,0,0,Normal
4329,CUST_61,2025-02-07 07:19:00,Dakar,Carte Bancaire,Paiement,iPhone,500,0,0,Normal
4330,CUST_170,2025-01-28 18:44:00,Saint-Louis,Wave,Retrait,Android,16634,0,0,Normal
4331,CUST_666,2025-02-25 15:01:00,Kaolack,Free Money,Retrait,Android,30460,0,0,Normal
4332,CUST_799,2025-05-20 06:29:00,Kaolack,Carte Bancaire,Retrait,iPhone,11290,0,0,Normal
4333,CUST_613,2025-01-08 23:54:00,Saint-Louis,Free Money,Retrait,Android,3224,0,0,Normal
4334,CUST_563,2025-05-21 07:34:00,Dakar,Wave,Transfert,Android,58303,0,0,Normal
4335,CUST_702,2025-04-28 03:47:00,Ziguinchor,Carte Bancaire,Paiement,iPhone,32891,25,0,Normal
4336,CUST_817,2025-06-12 08:12:00,Kaolack,Free Money,Retrait,iPhone,35334,0,0,Normal
4337,CUST_934,2025-04-15 18:48:00,Dakar,Orange Money,Retrait,iPhone,35542,0,0,Normal
4338,CUST_129,2025-02-10 12:21:00,Saint-Louis,Wave,Paiement,Android,14947,0,0,Normal
4339,CUST_585,2025-05-28 07:14:00,Saint-Louis,Free Money,Paiement,Android,47636,0,0,Normal
4340,CUST_745,2025-01-08 19:28:00,Kaolack,Wave,Transfert,iPhone,55901,0,0,Normal
4341,CUST_607,2025-01-31 10:40:00,Thiès,Wave,Paiement,Android,5372,0,0,Normal
4342,CUST_594,2025-01-17 08:38:00,Saint-Louis,Carte Bancaire,Transfert,iPhone,42932,0,0,Normal
4343,CUST_507,2025-01-11 23:03:00,Thiès,Orange Money,Transfert,iPhone,70827,0,0,Normal
4344,CUST_847,2025-03-12 07:00:00,Dakar,Wave,Transfert,Android,35323,0,0,Normal
4345,CUST_987,2025-01-18 07:08:00,Thiès,Carte Bancaire,Paiement,Android,48660,0,0,Normal
4346,CUST_969,2025-04-09 16:52:00,Ziguinchor,Wave,Retrait,iPhone,35116,0,0,Normal
4347,CUST_650,2025-02-09 15:09:00,Ziguinchor,Orange Money,Retrait,Android,10903,0,0,Normal
4348,CUST_632,2025-06-27 14:49:00,Thiès,Free Money,Retrait,iPhone,28082,0,0,Normal
4349,CUST_349,2025-05-27 11:52:00,Saint-Louis,Carte Bancaire,Paiement,Android,7086,0,0,Normal
4350,CUST_162,2025-04-28 18:21:00,Ziguinchor,Carte Bancaire,Paiement,Android,38325,0,0,Normal
4351,CUST_855,2025-04-06 03:59:00,Dakar,Carte Bancaire,Paiement,Android,29148,25,0,Normal
4352,CUST_921,2025-06-09 07:16:00,Thiès,Carte Bancaire,Retrait,Android,87051,0,0,Normal
4353,CUST_420,2025-01-09 12:48:00,Ziguinchor,Wave,Paiement,Android,5527,0,0,Normal
4354,CUST_407,2025-06-10 12:09:00,Kaolack,Orange Money,Paiement,iPhone,17382,0,0,Normal
4355,CUST_840,2025-06-27 13:15:00,Kaolack,Carte Bancaire,Transfert,iPhone,16025,0,0,Normal
4356,CUST_381,2025-03-15 18:57:00,Ziguinchor,Carte Bancaire,Retrait,iPhone,15391,0,0,Normal
4357,CUST_666,2025-03-16 15:42:00,Kaolack,Free Money,Paiement,Android,20882,0,0,Normal
4358,CUST_316,2025-01-31 13:33:00,Saint-Louis,Free Money,Paiement,iPhone,23095,0,0,Normal
4359,CUST_305,2025-02-06 20:48:00,Kaolack,Wave,Transfert,iPhone,24323,0,0,Normal
4360,CUST_164,2025-05-11 07:00:00,Dakar,Free Money,Retrait,Android,20794,0,0,Normal
4361,CUST_73,2025-03-22 08:35:00,Ziguinchor,Wave,Paiement,Android,6456,0,0,Normal
4362,CUST_942,2025-03-18 20:17:00,Thiès,Carte Bancaire,Retrait,Android,2003,0,0,Normal
4363,CUST_408,2025-03-27 12:23:00,Dakar,Free Money,Transfert,Android,19820,0,0,Normal
4364,CUST_127,2025-06-10 13:44:00,Dakar,Free Money,Retrait,Android,44036,0,0,Normal
4365,CUST_663,2025-03-22 18:45:00,Thiès,Free Money,Retrait,iPhone,26387,0,0,Normal
4366,CUST_764,2025-06-09 11:28:00,Dakar,Carte Bancaire,Paiement,iPhone,10348,0,0,Normal
4367,CUST_464,2025-06-22 12:35:00,Ziguinchor,Carte Bancaire,Paiement,Android,14868,0,0,Normal
4368,CUST_809,2025-01-18 22:06:00,Thiès,Carte Bancaire,Transfert,Android,4973,0,0,Normal
4369,CUST_207,2025-02-26 01:55:00,Kaolack,Orange Money,Transfert,Android,500,25,0,Normal
4370,CUST_86,2025-04-10 14:39:00,Dakar,Orange Money,Retrait,iPhone,42889,0,0,Normal
4371,CUST_992,2025-03-20 10:39:00,Saint-Louis,Carte Bancaire,Retrait,iPhone,16142,0,0,Normal
4372,CUST_939,2025-03-31 15:04:00,Kaolack,Wave,Transfert,Android,19025,0,0,Normal
4373,CUST_781,2025-05-07 13:26:00,Ziguinchor,Carte Bancaire,Paiement,iPhone,8978,0,0,Normal
4374,CUST_523,2025-06-12 08:10:00,Kaolack,Carte Bancaire,Retrait,Android,58125,0,0,Normal
4375,CUST_198,2025-03-05 20:43:00,Dakar,Carte Bancaire,Transfert,iPhone,3610,0,0,Normal
4376,CUST_171,2025-03-11 10:37:00,Kaolack,Orange Money,Paiement,Android,39904,0,0,Normal
4377,CUST_216,2025-02-06 07:54:00,Dakar,Free Money,Retrait,Android,4660,0,0,Normal
4378,CUST_999,2025-04-17 13:06:00,Thiès,Free Money,Transfert,iPhone,20638,0,0,Normal
4379,CUST_735,2025-01-17 16:01:00,Saint-Louis,Orange Money,Paiement,iPhone,27360,0,0,Normal
4380,CUST_695,2025-03-17 11:57:00,Thiès,Orange Money,Retrait,Android,17929,0,0,Normal
4381,CUST_633,2025-03-06 12:30:00,Saint-Louis,Orange Money,Paiement,iPhone,17378,0,0,Normal
4382,CUST_19,2025-05-14 06:36:00,Dakar,Orange Money,Retrait,iPhone,30424,35,1,Comportement suspect
4383,CUST_811,2025-06-20 13:40:00,Dakar,Carte Bancaire,Paiement,iPhone,61427,0,0,Normal
4384,CUST_474,2025-03-15 15:16:00,Dakar,Free Money,Retrait,Android,3140,0,0,Normal
4385,CUST_351,2025-06-05 20:28:00,Kaolack,Orange Money,Paiement,Android,36863,0,0,Normal
4386,CUST_241,2025-04-02 10:52:00,Thiès,Orange Money,Retrait,Android,25278,0,0,Normal
4387,CUST_354,2025-04-06 06:16:00,Saint-Louis,Wave,Retrait,Android,12089,0,0,Normal
4388,CUST_201,2025-05-22 16:30:00,Kaolack,Free Money,Paiement,Android,18794,0,0,Normal
4389,CUST_835,2025-04-22 14:42:00,Dakar,Wave,Retrait,Android,47112,0,0,Normal
4390,CUST_32,2025-06-05 18:02:00,Thiès,Orange Money,Paiement,Android,51242,0,0,Normal
4391,CUST_587,2025-05-08 18:02:00,Thiès,Wave,Retrait,iPhone,500,0,0,Normal
4392,CUST_535,2025-06-07 13:00:00,Ziguinchor,Orange Money,Paiement,iPhone,6618,0,0,Normal
4393,CUST_155,2025-03-12 13:29:00,Saint-Louis,Free Money,Retrait,iPhone,21780,0,0,Normal
4394,CUST_180,2025-04-30 15:56:00,Dakar,Wave,Transfert,iPhone,36280,0,0,Normal
4395,CUST_475,2025-06-11 04:59:00,Kaolack,Orange Money,Retrait,Android,22626,25,0,Normal
4396,CUST_749,2025-05-30 11:05:00,Thiès,Orange Money,Transfert,Android,29740,0,0,Normal
4397,CUST_760,2025-02-21 15:48:00,Saint-Louis,Carte Bancaire,Paiement,Android,39679,0,0,Normal
4398,CUST_177,2025-01-11 09:24:00,Kaolack,Wave,Retrait,Android,9437,0,0,Normal
4399,CUST_137,2025-06-30 22:46:00,Thiès,Carte Bancaire,Transfert,iPhone,37270,0,0,Normal
4400,CUST_93,2025-04-24 03:59:00,Saint-Louis,Wave,Paiement,iPhone,27038,25,0,Normal
4401,CUST_662,2025-01-19 16:39:00,Ziguinchor,Orange Money,Retrait,iPhone,21693,0,0,Normal
4402,CUST_695,2025-06-01 09:21:00,Thiès,Wave,Retrait,Android,32614,0,0,Normal
4403,CUST_364,2025-02-08 13:50:00,Thiès,Carte Bancaire,Paiement,iPhone,10597,0,0,Normal
4404,CUST_418,2025-02-22 03:52:00,Thiès,Wave,Retrait,Android,37405,25,0,Normal
4405,CUST_132,2025-06-25 13:14:00,Saint-Louis,Free Money,Retrait,iPhone,10504,0,0,Normal
4406,CUST_145,2025-05-03 09:58:00,Dakar,Free Money,Retrait,Android,4192,30,0,Normal
4407,CUST_821,2025-01-18 11:34:00,Saint-Louis,Orange Money,Transfert,Android,15992,0,0,Normal
4408,CUST_343,2025-06-30 13:11:00,Ziguinchor,Orange Money,Transfert,iPhone,2755,0,0,Normal
4409,CUST_421,2025-06-13 15:49:00,Dakar,Carte Bancaire,Paiement,iPhone,2381,0,0,Normal
4410,CUST_622,2025-01-22 13:34:00,Kaolack,Free Money,Transfert,iPhone,21650,0,0,Normal
4411,CUST_15,2025-04-10 13:06:00,Saint-Louis,Wave,Paiement,Android,49233,0,0,Normal
4412,CUST_694,2025-04-08 15:59:00,Thiès,Free Money,Paiement,iPhone,12594,0,0,Normal
4413,CUST_52,2025-05-20 14:21:00,Kaolack,Free Money,Transfert,iPhone,14397,0,0,Normal
4414,CUST_807,2025-04-29 15:14:00,Ziguinchor,Orange Money,Retrait,iPhone,25259,30,0,Normal
4415,CUST_595,2025-04-03 06:47:00,Saint-Louis,Carte Bancaire,Retrait,Android,32033,0,0,Normal
4416,CUST_195,2025-01-20 14:45:00,Kaolack,Carte Bancaire,Transfert,iPhone,22717,35,1,Comportement suspect
4417,CUST_325,2025-01-06 14:36:00,Ziguinchor,Free Money,Paiement,iPhone,48767,0,0,Normal
4418,CUST_496,2025-05-13 17:48:00,Ziguinchor,Wave,Retrait,iPhone,30791,0,0,Normal
4419,CUST_70,2025-01-03 09:16:00,Saint-Louis,Wave,Transfert,iPhone,39227,0,0,Normal
4420,CUST_264,2025-03-05 06:41:00,Kaolack,Wave,Paiement,Android,28074,0,0,Normal
4421,CUST_606,2025-03-08 04:06:00,Ziguinchor,Wave,Retrait,iPhone,24537,25,0,Normal
4422,CUST_846,2025-06-21 07:27:00,Ziguinchor,Carte Bancaire,Retrait,iPhone,24581,0,0,Normal
4423,CUST_591,2025-05-21 15:15:00,Thiès,Carte Bancaire,Paiement,iPhone,54025,0,0,Normal
4424,CUST_325,2025-05-31 09:45:00,Ziguinchor,Free Money,Transfert,Android,56774,0,0,Normal
4425,CUST_938,2025-03-12 15:28:00,Kaolack,Wave,Retrait,iPhone,21200,0,0,Normal
4426,CUST_109,2025-02-10 19:08:00,Dakar,Free Money,Retrait,Android,44598,0,0,Normal
4427,CUST_855,2025-03-24 17:52:00,Dakar,Free Money,Transfert,iPhone,26251,0,0,Normal
4428,CUST_83,2025-04-10 12:25:00,Dakar,Wave,Transfert,Android,34333,0,0,Normal
4429,CUST_868,2025-05-03 15:35:00,Saint-Louis,Wave,Transfert,iPhone,14072,0,0,Normal
4430,CUST_526,2025-03-02 11:59:00,Thiès,Free Money,Transfert,iPhone,19399,0,0,Normal
4431,CUST_832,2025-06-26 12:13:00,Ziguinchor,Free Money,Retrait,Android,9591,0,0,Normal
4432,CUST_627,2025-06-25 06:45:00,Kaolack,Wave,Transfert,Android,4292,0,0,Normal
4433,CUST_189,2025-02-05 07:42:00,Thiès,Wave,Paiement,iPhone,16174,0,0,Normal
4434,CUST_698,2025-03-11 14:59:00,Ziguinchor,Free Money,Retrait,iPhone,33690,0,0,Normal
4435,CUST_3,2025-04-06 08:27:00,Kaolack,Orange Money,Paiement,Android,18989,0,0,Normal
4436,CUST_228,2025-04-11 11:01:00,Saint-Louis,Wave,Transfert,Android,52305,0,0,Normal
4437,CUST_613,2025-01-07 17:46:00,Saint-Louis,Wave,Retrait,iPhone,32255,0,0,Normal
4438,CUST_14,2025-02-21 17:28:00,Ziguinchor,Carte Bancaire,Transfert,iPhone,12542,0,0,Normal
4439,CUST_650,2025-01-03 10:57:00,Ziguinchor,Carte Bancaire,Transfert,iPhone,15049,0,0,Normal
4440,CUST_313,2025-03-05 15:53:00,Thiès,Wave,Paiement,Android,37335,0,0,Normal
4441,CUST_83,2025-05-11 16:11:00,Dakar,Wave,Transfert,Android,68859,0,0,Normal
4442,CUST_12,2025-02-08 16:01:00,Saint-Louis,Carte Bancaire,Paiement,Android,24925,0,0,Normal
4443,CUST_469,2025-04-19 16:58:00,Dakar,Orange Money,Transfert,Android,8224,0,0,Normal
4444,CUST_702,2025-01-01 10:13:00,Ziguinchor,Free Money,Retrait,Android,2409,0,0,Normal
4445,CUST_983,2025-02-28 11:39:00,Kaolack,Orange Money,Paiement,Android,6932,0,0,Normal
4446,CUST_912,2025-04-06 11:56:00,Dakar,Carte Bancaire,Transfert,Android,95788,0,0,Normal
4447,CUST_723,2025-03-11 11:54:00,Kaolack,Wave,Transfert,iPhone,40455,0,0,Normal
4448,CUST_871,2025-05-07 02:24:00,Ziguinchor,Orange Money,Retrait,iPhone,63341,25,0,Normal
4449,CUST_947,2025-05-03 07:25:00,Dakar,Wave,Transfert,Android,38505,0,0,Normal
4450,CUST_425,2025-04-16 10:39:00,Ziguinchor,Carte Bancaire,Transfert,Android,24544,0,0,Normal
4451,CUST_222,2025-05-18 06:28:00,Dakar,Free Money,Paiement,Android,1250,0,0,Normal
4452,CUST_109,2025-03-02 12:49:00,Dakar,Free Money,Retrait,iPhone,52845,0,0,Normal
4453,CUST_206,2025-05-02 13:26:00,Ziguinchor,Wave,Transfert,Android,4604,0,0,Normal
4454,CUST_743,2025-01-23 18:06:00,Ziguinchor,Orange Money,Transfert,iPhone,29645,0,0,Normal
4455,CUST_85,2025-05-18 14:01:00,Dakar,Free Money,Paiement,iPhone,9476,0,0,Normal
4456,CUST_918,2025-06-26 03:36:00,Saint-Louis,Carte Bancaire,Retrait,iPhone,60445,25,0,Normal
4457,CUST_540,2025-06-08 12:08:00,Saint-Louis,Orange Money,Retrait,iPhone,32901,0,0,Normal
4458,CUST_479,2025-02-23 11:25:00,Dakar,Free Money,Transfert,iPhone,14036,0,0,Normal
4459,CUST_97,2025-06-26 16:05:00,Kaolack,Orange Money,Paiement,iPhone,29646,0,0,Normal
4460,CUST_40,2025-01-06 11:27:00,Ziguinchor,Orange Money,Paiement,Android,15468,0,0,Normal
4461,CUST_763,2025-03-09 07:16:00,Dakar,Carte Bancaire,Transfert,Android,13424,0,0,Normal
4462,CUST_11,2025-03-18 19:54:00,Dakar,Free Money,Retrait,Android,31197,0,0,Normal
4463,CUST_77,2025-03-19 13:49:00,Thiès,Wave,Retrait,Android,4110,0,0,Normal
4464,CUST_729,2025-05-28 10:10:00,Kaolack,Free Money,Paiement,Android,1273,0,0,Normal
4465,CUST_461,2025-02-10 15:03:00,Ziguinchor,Orange Money,Transfert,Android,40259,0,0,Normal
4466,CUST_60,2025-04-24 14:36:00,Thiès,Orange Money,Retrait,iPhone,5953,0,0,Normal
4467,CUST_268,2025-05-19 07:11:00,Thiès,Wave,Paiement,iPhone,16152,0,0,Normal
4468,CUST_215,2025-01-31 10:47:00,Dakar,Orange Money,Retrait,Android,17478,0,0,Normal
4469,CUST_100,2025-06-02 14:41:00,Dakar,Free Money,Paiement,iPhone,500,0,0,Normal
4470,CUST_44,2025-01-10 04:08:00,Kaolack,Free Money,Retrait,iPhone,13152,25,0,Normal
4471,CUST_430,2025-06-26 17:48:00,Saint-Louis,Free Money,Retrait,Android,36579,0,0,Normal
4472,CUST_600,2025-03-21 05:45:00,Saint-Louis,Wave,Retrait,iPhone,10428,0,0,Normal
4473,CUST_816,2025-05-16 12:33:00,Ziguinchor,Carte Bancaire,Transfert,Android,4020,0,0,Normal
4474,CUST_354,2025-06-16 14:23:00,Saint-Louis,Carte Bancaire,Transfert,Android,3605,0,0,Normal
4475,CUST_29,2025-06-04 07:47:00,Saint-Louis,Free Money,Transfert,iPhone,59575,0,0,Normal
4476,CUST_48,2025-04-19 06:33:00,Thiès,Wave,Paiement,Android,4490,0,0,Normal
4477,CUST_287,2025-03-26 07:06:00,Ziguinchor,Orange Money,Paiement,Android,41419,0,0,Normal
4478,CUST_852,2025-02-10 11:37:00,Dakar,Free Money,Retrait,Android,31911,0,0,Normal
4479,CUST_521,2025-03-08 09:17:00,Kaolack,Free Money,Retrait,Android,25377,0,0,Normal
4480,CUST_952,2025-05-10 11:15:00,Kaolack,Wave,Retrait,iPhone,67486,0,0,Normal
4481,CUST_815,2025-04-07 09:43:00,Kaolack,Orange Money,Retrait,iPhone,28381,0,0,Normal
4482,CUST_158,2025-06-04 09:26:00,Dakar,Carte Bancaire,Paiement,Android,500,0,0,Normal
4483,CUST_745,2025-02-05 16:20:00,Kaolack,Free Money,Transfert,iPhone,42640,0,0,Normal
4484,CUST_967,2025-03-07 10:31:00,Ziguinchor,Free Money,Transfert,Android,41843,0,0,Normal
4485,CUST_799,2025-04-18 15:52:00,Kaolack,Free Money,Retrait,iPhone,4958,0,0,Normal
4486,CUST_518,2025-04-03 18:25:00,Thiès,Orange Money,Transfert,Android,68962,0,0,Normal
4487,CUST_561,2025-06-29 07:32:00,Kaolack,Wave,Paiement,iPhone,27838,0,0,Normal
4488,CUST_241,2025-02-15 15:19:00,Thiès,Carte Bancaire,Paiement,iPhone,28061,0,0,Normal
4489,CUST_992,2025-01-13 08:06:00,Saint-Louis,Free Money,Retrait,iPhone,62355,0,0,Normal
4490,CUST_740,2025-02-18 14:17:00,Dakar,Free Money,Paiement,iPhone,6254,30,0,Normal
4491,CUST_429,2025-04-28 10:14:00,Ziguinchor,Orange Money,Retrait,iPhone,6642,0,0,Normal
4492,CUST_935,2025-03-09 12:40:00,Thiès,Free Money,Retrait,iPhone,38225,0,0,Normal
4493,CUST_828,2025-03-25 10:23:00,Dakar,Carte Bancaire,Transfert,iPhone,23333,0,0,Normal
4494,CUST_411,2025-04-11 17:46:00,Saint-Louis,Orange Money,Transfert,Android,38763,0,0,Normal
4495,CUST_588,2025-06-08 00:53:00,Ziguinchor,Carte Bancaire,Paiement,iPhone,2803,0,0,Normal
4496,CUST_113,2025-05-12 20:11:00,Ziguinchor,Wave,Paiement,iPhone,41131,0,0,Normal
4497,CUST_628,2025-03-08 00:38:00,Dakar,Carte Bancaire,Transfert,iPhone,49389,0,0,Normal
4498,CUST_189,2025-05-23 10:19:00,Thiès,Free Money,Retrait,Android,51714,0,0,Normal
4499,CUST_811,2025-06-27 06:54:00,Dakar,Carte Bancaire,Retrait,iPhone,33585,0,0,Normal
4500,CUST_574,2025-05-22 21:27:00,Saint-Louis,Orange Money,Transfert,Android,19610,0,0,Normal
4501,CUST_956,2025-03-13 07:57:00,Saint-Louis,Free Money,Retrait,iPhone,55149,0,0,Normal
4502,CUST_258,2025-01-01 11:10:00,Ziguinchor,Carte Bancaire,Retrait,Android,68382,0,0,Normal
4503,CUST_698,2025-03-05 09:20:00,Ziguinchor,Free Money,Paiement,Android,25748,0,0,Normal
4504,CUST_97,2025-01-15 05:50:00,Kaolack,Free Money,Transfert,Android,36168,0,0,Normal
4505,CUST_669,2025-05-09 10:31:00,Kaolack,Carte Bancaire,Transfert,Android,20982,0,0,Normal
4506,CUST_373,2025-03-07 07:51:00,Kaolack,Free Money,Transfert,iPhone,41158,0,0,Normal
4507,CUST_856,2025-05-23 16:21:00,Ziguinchor,Orange Money,Paiement,Android,26050,0,0,Normal
4508,CUST_263,2025-03-02 06:34:00,Dakar,Free Money,Transfert,iPhone,58737,0,0,Normal
4509,CUST_1000,2025-05-30 15:13:00,Dakar,Wave,Paiement,Android,38680,0,0,Normal
4510,CUST_732,2025-03-08 18:42:00,Dakar,Orange Money,Transfert,iPhone,10668,0,0,Normal
4511,CUST_761,2025-06-12 12:14:00,Thiès,Orange Money,Transfert,iPhone,45434,0,0,Normal
4512,CUST_905,2025-01-24 12:23:00,Thiès,Free Money,Paiement,Android,29196,0,0,Normal
4513,CUST_815,2025-03-17 20:05:00,Kaolack,Free Money,Paiement,iPhone,23977,0,0,Normal
4514,CUST_402,2025-02-21 15:20:00,Ziguinchor,Wave,Retrait,Android,18112,0,0,Normal
4515,CUST_155,2025-04-20 13:29:00,Saint-Louis,Free Money,Retrait,Android,27013,0,0,Normal
4516,CUST_355,2025-03-28 14:29:00,Dakar,Free Money,Paiement,Android,40293,0,0,Normal
4517,CUST_978,2025-01-24 09:57:00,Kaolack,Orange Money,Paiement,iPhone,60410,0,0,Normal
4518,CUST_169,2025-05-18 14:16:00,Thiès,Carte Bancaire,Transfert,iPhone,4761,0,0,Normal
4519,CUST_808,2025-01-19 06:55:00,Dakar,Free Money,Paiement,Android,7542,0,0,Normal
4520,CUST_640,2025-02-27 11:09:00,Dakar,Free Money,Paiement,iPhone,44237,0,0,Normal
4521,CUST_759,2025-05-28 16:28:00,Kaolack,Wave,Retrait,iPhone,42744,0,0,Normal
4522,CUST_290,2025-04-10 12:40:00,Kaolack,Orange Money,Retrait,iPhone,42803,0,0,Normal
4523,CUST_795,2025-03-02 00:59:00,Saint-Louis,Orange Money,Retrait,Android,20336,0,0,Normal
4524,CUST_42,2025-04-19 08:17:00,Ziguinchor,Carte Bancaire,Transfert,Android,26370,0,0,Normal
4525,CUST_630,2025-06-06 07:16:00,Saint-Louis,Free Money,Retrait,iPhone,500,0,0,Normal
4526,CUST_512,2025-03-26 18:06:00,Thiès,Orange Money,Transfert,iPhone,24587,0,0,Normal
4527,CUST_281,2025-06-11 23:37:00,Thiès,Wave,Transfert,iPhone,55898,0,0,Normal
4528,CUST_147,2025-02-25 11:51:00,Saint-Louis,Carte Bancaire,Retrait,iPhone,16044,0,0,Normal
4529,CUST_166,2025-01-15 12:47:00,Thiès,Carte Bancaire,Transfert,Android,25144,0,0,Normal
4530,CUST_183,2025-05-21 19:00:00,Thiès,Carte Bancaire,Retrait,Android,32948,0,0,Normal
4531,CUST_86,2025-05-19 08:48:00,Dakar,Orange Money,Transfert,Android,46186,0,0,Normal
4532,CUST_65,2025-04-05 11:30:00,Saint-Louis,Carte Bancaire,Transfert,Android,33681,0,0,Normal
4533,CUST_290,2025-04-01 11:32:00,Kaolack,Free Money,Retrait,iPhone,36775,0,0,Normal
4534,CUST_62,2025-01-02 09:28:00,Thiès,Wave,Retrait,Android,23873,0,0,Normal
4535,CUST_289,2025-05-08 13:00:00,Ziguinchor,Free Money,Transfert,iPhone,39300,0,0,Normal
4536,CUST_351,2025-05-18 17:07:00,Kaolack,Orange Money,Transfert,Android,47901,0,0,Normal
4537,CUST_815,2025-02-01 17:24:00,Kaolack,Carte Bancaire,Transfert,iPhone,31799,0,0,Normal
4538,CUST_388,2025-02-27 17:43:00,Kaolack,Free Money,Transfert,iPhone,4514,0,0,Normal
4539,CUST_990,2025-01-06 10:03:00,Thiès,Free Money,Retrait,Android,1584,0,0,Normal
4540,CUST_715,2025-01-19 14:16:00,Dakar,Free Money,Paiement,Android,64246,0,0,Normal
4541,CUST_768,2025-01-18 19:56:00,Saint-Louis,Orange Money,Transfert,Android,19600,0,0,Normal
4542,CUST_528,2025-03-01 11:21:00,Dakar,Wave,Transfert,Android,2424,0,0,Normal
4543,CUST_633,2025-04-12 23:10:00,Saint-Louis,Free Money,Retrait,iPhone,13734,0,0,Normal
4544,CUST_81,2025-03-14 15:31:00,Thiès,Orange Money,Paiement,iPhone,22116,0,0,Normal
4545,CUST_190,2025-01-23 08:37:00,Dakar,Wave,Transfert,Android,6177,0,0,Normal
4546,CUST_806,2025-06-13 09:14:00,Saint-Louis,Wave,Paiement,Android,63645,0,0,Normal
4547,CUST_831,2025-01-23 11:24:00,Ziguinchor,Carte Bancaire,Paiement,iPhone,15223,0,0,Normal
4548,CUST_105,2025-03-09 10:09:00,Thiès,Orange Money,Transfert,iPhone,48511,0,0,Normal
4549,CUST_988,2025-02-18 06:38:00,Kaolack,Wave,Transfert,iPhone,54463,0,0,Normal
4550,CUST_151,2025-06-16 12:27:00,Saint-Louis,Orange Money,Transfert,iPhone,13828,0,0,Normal
4551,CUST_352,2025-06-28 15:44:00,Ziguinchor,Free Money,Transfert,Android,3270,0,0,Normal
4552,CUST_579,2025-03-03 10:41:00,Ziguinchor,Carte Bancaire,Transfert,iPhone,24741,0,0,Normal
4553,CUST_690,2025-04-05 16:59:00,Kaolack,Free Money,Retrait,Android,1655,0,0,Normal
4554,CUST_875,2025-04-09 09:26:00,Ziguinchor,Free Money,Retrait,Android,22399,0,0,Normal
4555,CUST_516,2025-04-12 11:28:00,Thiès,Carte Bancaire,Paiement,iPhone,14620,0,0,Normal
4556,CUST_511,2025-05-13 19:54:00,Thiès,Free Money,Retrait,Android,16203,0,0,Normal
4557,CUST_354,2025-05-29 13:49:00,Saint-Louis,Carte Bancaire,Retrait,Android,6802,0,0,Normal
4558,CUST_192,2025-04-07 12:23:00,Kaolack,Carte Bancaire,Paiement,Android,64630,0,0,Normal
4559,CUST_898,2025-03-12 08:14:00,Kaolack,Orange Money,Paiement,iPhone,13501,0,0,Normal
4560,CUST_612,2025-02-17 11:04:00,Ziguinchor,Wave,Transfert,Android,6265,0,0,Normal
4561,CUST_844,2025-06-11 10:53:00,Saint-Louis,Free Money,Paiement,Android,28448,0,0,Normal
4562,CUST_399,2025-02-18 02:56:00,Kaolack,Carte Bancaire,Transfert,Android,500,25,0,Normal
4563,CUST_518,2025-05-06 18:04:00,Thiès,Carte Bancaire,Paiement,Android,73766,0,0,Normal
4564,CUST_442,2025-04-16 15:04:00,Ziguinchor,Orange Money,Retrait,iPhone,9288,0,0,Normal
4565,CUST_321,2025-04-10 05:22:00,Ziguinchor,Carte Bancaire,Transfert,Android,14543,0,0,Normal
4566,CUST_698,2025-04-04 13:36:00,Ziguinchor,Wave,Paiement,Android,24579,0,0,Normal
4567,CUST_141,2025-05-05 06:57:00,Thiès,Free Money,Paiement,iPhone,10983,0,0,Normal
4568,CUST_807,2025-02-20 14:11:00,Ziguinchor,Wave,Paiement,iPhone,20286,0,0,Normal
4569,CUST_201,2025-05-12 16:37:00,Kaolack,Orange Money,Paiement,Android,6589,0,0,Normal
4570,CUST_824,2025-01-24 19:34:00,Kaolack,Carte Bancaire,Transfert,Android,63080,0,0,Normal
4571,CUST_834,2025-06-20 08:46:00,Ziguinchor,Orange Money,Transfert,iPhone,10371,0,0,Normal
4572,CUST_903,2025-04-10 11:10:00,Ziguinchor,Free Money,Transfert,iPhone,14113,0,0,Normal
4573,CUST_333,2025-06-13 01:31:00,Saint-Louis,Free Money,Paiement,iPhone,26932,25,0,Normal
4574,CUST_906,2025-05-17 19:03:00,Saint-Louis,Wave,Paiement,Android,8651,0,0,Normal
4575,CUST_278,2025-01-04 08:47:00,Dakar,Orange Money,Transfert,iPhone,30097,0,0,Normal
4576,CUST_341,2025-05-23 10:06:00,Kaolack,Free Money,Retrait,iPhone,7695,35,1,Comportement suspect
4577,CUST_946,2025-05-04 09:39:00,Dakar,Wave,Transfert,Android,21289,0,0,Normal
4578,CUST_997,2025-01-01 15:23:00,Kaolack,Orange Money,Paiement,iPhone,6480,0,0,Normal
4579,CUST_165,2025-01-12 12:21:00,Kaolack,Free Money,Transfert,iPhone,54706,0,0,Normal
4580,CUST_956,2025-03-05 17:28:00,Saint-Louis,Wave,Transfert,iPhone,48060,0,0,Normal
4581,CUST_762,2025-01-03 07:01:00,Kaolack,Wave,Transfert,Android,63129,0,0,Normal
4582,CUST_94,2025-05-30 08:09:00,Ziguinchor,Free Money,Retrait,Android,52797,0,0,Normal
4583,CUST_751,2025-04-07 18:11:00,Ziguinchor,Wave,Retrait,Android,10231,0,0,Normal
4584,CUST_103,2025-02-24 09:06:00,Thiès,Carte Bancaire,Paiement,iPhone,24452,0,0,Normal
4585,CUST_324,2025-03-29 10:03:00,Dakar,Free Money,Paiement,Android,88266,30,0,Normal
4586,CUST_191,2025-04-18 17:22:00,Dakar,Orange Money,Transfert,iPhone,43531,0,0,Normal
4587,CUST_586,2025-01-23 09:43:00,Saint-Louis,Orange Money,Paiement,iPhone,13484,0,0,Normal
4588,CUST_25,2025-05-08 09:29:00,Kaolack,Carte Bancaire,Transfert,Android,16236,0,0,Normal
4589,CUST_782,2025-01-26 17:11:00,Dakar,Free Money,Retrait,iPhone,9923,0,0,Normal
4590,CUST_713,2025-02-13 09:10:00,Kaolack,Orange Money,Paiement,Android,6156,0,0,Normal
4591,CUST_14,2025-01-14 17:35:00,Ziguinchor,Carte Bancaire,Retrait,Android,10758,0,0,Normal
4592,CUST_393,2025-06-26 12:18:00,Saint-Louis,Free Money,Paiement,Android,43374,0,0,Normal
4593,CUST_661,2025-02-11 11:27:00,Ziguinchor,Free Money,Paiement,iPhone,32611,0,0,Normal
4594,CUST_602,2025-06-17 11:20:00,Dakar,Wave,Transfert,iPhone,32578,0,0,Normal
4595,CUST_850,2025-06-22 12:44:00,Dakar,Orange Money,Paiement,Android,21538,0,0,Normal
4596,CUST_392,2025-06-13 09:57:00,Dakar,Wave,Retrait,Android,34978,0,0,Normal
4597,CUST_25,2025-03-08 11:39:00,Kaolack,Free Money,Paiement,iPhone,16629,0,0,Normal
4598,CUST_45,2025-03-27 15:04:00,Saint-Louis,Orange Money,Retrait,iPhone,31747,0,0,Normal
4599,CUST_689,2025-03-17 11:10:00,Thiès,Orange Money,Retrait,Android,7832,0,0,Normal
4600,CUST_488,2025-03-26 17:38:00,Saint-Louis,Orange Money,Retrait,iPhone,78740,0,0,Normal
4601,CUST_592,2025-01-15 08:22:00,Kaolack,Wave,Paiement,Android,5185,0,0,Normal
4602,CUST_800,2025-06-16 11:37:00,Ziguinchor,Wave,Paiement,iPhone,11587,0,0,Normal
4603,CUST_894,2025-05-01 15:44:00,Ziguinchor,Free Money,Transfert,Android,26712,0,0,Normal
4604,CUST_77,2025-01-09 15:55:00,Thiès,Carte Bancaire,Transfert,iPhone,6047,0,0,Normal
4605,CUST_927,2025-06-11 15:06:00,Dakar,Free Money,Transfert,iPhone,20305,0,0,Normal
4606,CUST_388,2025-01-06 11:17:00,Kaolack,Wave,Transfert,Android,6113,0,0,Normal
4607,CUST_114,2025-05-11 13:47:00,Thiès,Carte Bancaire,Retrait,iPhone,56306,0,0,Normal
4608,CUST_843,2025-04-21 21:27:00,Saint-Louis,Orange Money,Paiement,iPhone,31374,0,0,Normal
4609,CUST_511,2025-06-13 08:59:00,Thiès,Carte Bancaire,Paiement,Android,28499,0,0,Normal
4610,CUST_646,2025-03-14 08:59:00,Dakar,Wave,Paiement,Android,6581,0,0,Normal
4611,CUST_608,2025-06-22 15:35:00,Dakar,Free Money,Retrait,Android,3602,35,1,Comportement suspect
4612,CUST_438,2025-04-14 18:22:00,Dakar,Carte Bancaire,Paiement,Android,26880,0,0,Normal
4613,CUST_96,2025-02-12 12:05:00,Saint-Louis,Free Money,Transfert,Android,40171,0,0,Normal
4614,CUST_768,2025-06-12 04:56:00,Saint-Louis,Orange Money,Retrait,Android,15341,25,0,Normal
4615,CUST_395,2025-01-24 12:28:00,Saint-Louis,Wave,Transfert,Android,58432,0,0,Normal
4616,CUST_721,2025-06-23 13:00:00,Kaolack,Wave,Retrait,Android,5546,0,0,Normal
4617,CUST_551,2025-01-20 20:59:00,Kaolack,Orange Money,Paiement,Android,2545,0,0,Normal
4618,CUST_116,2025-01-20 11:11:00,Ziguinchor,Free Money,Retrait,Android,11260,0,0,Normal
4619,CUST_248,2025-01-14 08:48:00,Ziguinchor,Free Money,Transfert,iPhone,45501,0,0,Normal
4620,CUST_749,2025-03-20 06:37:00,Thiès,Carte Bancaire,Transfert,Android,7509,0,0,Normal
4621,CUST_99,2025-06-09 22:31:00,Dakar,Free Money,Transfert,iPhone,23667,0,0,Normal
4622,CUST_418,2025-06-18 15:35:00,Thiès,Orange Money,Transfert,iPhone,50300,30,0,Normal
4623,CUST_361,2025-01-01 19:55:00,Dakar,Carte Bancaire,Paiement,Android,86865,0,0,Normal
4624,CUST_628,2025-02-22 12:46:00,Dakar,Orange Money,Transfert,Android,18365,0,0,Normal
4625,CUST_729,2025-03-24 11:56:00,Saint-Louis,Wave,Retrait,iPhone,580,35,1,Comportement suspect
4626,CUST_408,2025-06-07 12:24:00,Dakar,Orange Money,Retrait,iPhone,22492,0,0,Normal
4627,CUST_411,2025-03-03 13:14:00,Saint-Louis,Wave,Paiement,Android,31159,0,0,Normal
4628,CUST_435,2025-04-20 07:45:00,Saint-Louis,Wave,Retrait,Android,13869,0,0,Normal
4629,CUST_300,2025-05-23 06:04:00,Dakar,Carte Bancaire,Retrait,iPhone,28278,30,0,Normal
4630,CUST_122,2025-02-19 02:00:00,Ziguinchor,Wave,Paiement,Android,22800,25,0,Normal
4631,CUST_607,2025-05-20 20:30:00,Thiès,Carte Bancaire,Paiement,Android,27489,0,0,Normal
4632,CUST_794,2025-04-28 10:28:00,Saint-Louis,Wave,Retrait,iPhone,1869,0,0,Normal
4633,CUST_785,2025-03-22 12:14:00,Saint-Louis,Carte Bancaire,Paiement,iPhone,13390,0,0,Normal
4634,CUST_326,2025-06-08 11:14:00,Dakar,Orange Money,Transfert,iPhone,45710,0,0,Normal
4635,CUST_335,2025-04-09 15:23:00,Kaolack,Orange Money,Paiement,iPhone,23511,0,0,Normal
4636,CUST_853,2025-01-17 11:13:00,Thiès,Free Money,Retrait,iPhone,42658,0,0,Normal
4637,CUST_462,2025-03-22 15:26:00,Dakar,Free Money,Paiement,iPhone,30434,0,0,Normal
4638,CUST_638,2025-05-19 09:59:00,Saint-Louis,Carte Bancaire,Transfert,Android,500,0,0,Normal
4639,CUST_178,2025-04-23 08:17:00,Kaolack,Carte Bancaire,Transfert,iPhone,4821,0,0,Normal
4640,CUST_917,2025-06-20 10:04:00,Saint-Louis,Wave,Transfert,iPhone,37551,0,0,Normal
4641,CUST_418,2025-05-22 13:06:00,Thiès,Carte Bancaire,Retrait,iPhone,8409,0,0,Normal
4642,CUST_24,2025-05-12 11:03:00,Thiès,Free Money,Paiement,Android,500,0,0,Normal
4643,CUST_655,2025-03-05 07:25:00,Thiès,Carte Bancaire,Paiement,Android,24926,0,0,Normal
4644,CUST_206,2025-03-15 05:27:00,Ziguinchor,Free Money,Paiement,Android,17028,0,0,Normal
4645,CUST_979,2025-01-20 17:32:00,Thiès,Free Money,Paiement,Android,32519,0,0,Normal
4646,CUST_623,2025-02-08 18:54:00,Dakar,Carte Bancaire,Paiement,Android,500,0,0,Normal
4647,CUST_421,2025-05-13 10:12:00,Dakar,Carte Bancaire,Paiement,Android,6608,0,0,Normal
4648,CUST_500,2025-04-04 16:14:00,Dakar,Wave,Paiement,iPhone,12126,0,0,Normal
4649,CUST_1000,2025-03-11 10:47:00,Dakar,Carte Bancaire,Transfert,iPhone,22515,0,0,Normal
4650,CUST_745,2025-03-12 19:16:00,Kaolack,Orange Money,Retrait,iPhone,31260,0,0,Normal
4651,CUST_632,2025-04-26 22:49:00,Thiès,Free Money,Transfert,iPhone,39310,0,0,Normal
4652,CUST_629,2025-06-06 12:27:00,Saint-Louis,Free Money,Retrait,Android,17447,0,0,Normal
4653,CUST_967,2025-01-13 08:22:00,Ziguinchor,Wave,Retrait,Android,21880,0,0,Normal
4654,CUST_616,2025-02-25 08:28:00,Thiès,Wave,Paiement,Android,8133,0,0,Normal
4655,CUST_285,2025-06-13 10:30:00,Thiès,Free Money,Retrait,Android,69638,0,0,Normal
4656,CUST_552,2025-05-28 16:03:00,Kaolack,Carte Bancaire,Retrait,iPhone,8551,0,0,Normal
4657,CUST_167,2025-01-16 10:31:00,Saint-Louis,Free Money,Retrait,iPhone,40207,0,0,Normal
4658,CUST_236,2025-05-16 19:29:00,Ziguinchor,Carte Bancaire,Retrait,iPhone,52679,0,0,Normal
4659,CUST_211,2025-01-06 21:45:00,Saint-Louis,Carte Bancaire,Transfert,iPhone,76745,0,0,Normal
4660,CUST_443,2025-02-25 07:50:00,Ziguinchor,Carte Bancaire,Paiement,Android,38961,0,0,Normal
4661,CUST_817,2025-06-08 11:25:00,Kaolack,Orange Money,Paiement,iPhone,19419,0,0,Normal
4662,CUST_472,2025-02-12 12:09:00,Ziguinchor,Carte Bancaire,Retrait,Android,19230,0,0,Normal
4663,CUST_643,2025-02-12 23:15:00,Saint-Louis,Carte Bancaire,Retrait,Android,47305,0,0,Normal
4664,CUST_403,2025-05-11 09:51:00,Dakar,Wave,Transfert,Android,9377,0,0,Normal
4665,CUST_177,2025-03-01 17:54:00,Kaolack,Carte Bancaire,Retrait,Android,500,0,0,Normal
4666,CUST_103,2025-01-03 09:13:00,Thiès,Free Money,Transfert,iPhone,14782,0,0,Normal
4667,CUST_265,2025-01-04 16:41:00,Kaolack,Carte Bancaire,Retrait,iPhone,500,0,0,Normal
4668,CUST_956,2025-05-21 09:59:00,Saint-Louis,Orange Money,Transfert,iPhone,57231,0,0,Normal
4669,CUST_574,2025-06-11 11:22:00,Saint-Louis,Free Money,Paiement,Android,40151,0,0,Normal
4670,CUST_196,2025-06-22 13:56:00,Saint-Louis,Orange Money,Paiement,iPhone,7946,0,0,Normal
4671,CUST_319,2025-05-23 14:03:00,Kaolack,Carte Bancaire,Paiement,Android,58341,0,0,Normal
4672,CUST_345,2025-05-20 11:55:00,Ziguinchor,Wave,Paiement,iPhone,50070,0,0,Normal
4673,CUST_878,2025-03-27 13:16:00,Thiès,Orange Money,Paiement,iPhone,47480,0,0,Normal
4674,CUST_796,2025-02-18 07:13:00,Dakar,Carte Bancaire,Paiement,Android,26194,0,0,Normal
4675,CUST_189,2025-03-18 16:52:00,Thiès,Free Money,Retrait,iPhone,36948,0,0,Normal
4676,CUST_413,2025-02-17 13:55:00,Kaolack,Free Money,Paiement,Android,500,0,0,Normal
4677,CUST_541,2025-05-26 19:08:00,Ziguinchor,Wave,Paiement,Android,62611,0,0,Normal
4678,CUST_187,2025-06-23 08:31:00,Dakar,Orange Money,Transfert,iPhone,40681,0,0,Normal
4679,CUST_681,2025-01-03 12:34:00,Saint-Louis,Carte Bancaire,Transfert,iPhone,27813,0,0,Normal
4680,CUST_507,2025-04-26 15:18:00,Thiès,Free Money,Retrait,Android,43808,0,0,Normal
4681,CUST_555,2025-05-08 06:48:00,Saint-Louis,Free Money,Retrait,Android,23343,0,0,Normal
4682,CUST_386,2025-05-14 09:42:00,Saint-Louis,Orange Money,Transfert,iPhone,35171,0,0,Normal
4683,CUST_168,2025-05-06 07:53:00,Kaolack,Free Money,Retrait,iPhone,48326,0,0,Normal
4684,CUST_304,2025-06-12 15:48:00,Ziguinchor,Wave,Transfert,Android,55485,0,0,Normal
4685,CUST_809,2025-01-23 12:55:00,Thiès,Wave,Retrait,Android,9127,0,0,Normal
4686,CUST_911,2025-05-06 15:21:00,Ziguinchor,Orange Money,Retrait,Android,53830,0,0,Normal
4687,CUST_283,2025-03-04 11:53:00,Kaolack,Orange Money,Paiement,iPhone,1862,0,0,Normal
4688,CUST_44,2025-04-04 10:22:00,Kaolack,Carte Bancaire,Paiement,iPhone,18348,0,0,Normal
4689,CUST_935,2025-06-05 08:28:00,Thiès,Wave,Transfert,Android,43592,0,0,Normal
4690,CUST_632,2025-04-06 00:32:00,Thiès,Wave,Transfert,iPhone,46471,0,0,Normal
4691,CUST_154,2025-03-21 23:20:00,Kaolack,Free Money,Transfert,Android,9695,0,0,Normal
4692,CUST_575,2025-01-30 19:14:00,Thiès,Carte Bancaire,Transfert,iPhone,5533,0,0,Normal
4693,CUST_293,2025-05-12 08:10:00,Thiès,Wave,Paiement,Android,64108,0,0,Normal
4694,CUST_620,2025-02-02 11:12:00,Thiès,Orange Money,Transfert,Android,17316,0,0,Normal
4695,CUST_187,2025-01-11 10:44:00,Dakar,Wave,Retrait,Android,21358,0,0,Normal
4696,CUST_183,2025-06-27 00:35:00,Thiès,Free Money,Transfert,iPhone,5783,0,0,Normal
4697,CUST_733,2025-02-16 15:06:00,Thiès,Wave,Retrait,iPhone,33205,0,0,Normal
4698,CUST_303,2025-01-22 10:19:00,Ziguinchor,Orange Money,Retrait,Android,500,0,0,Normal
4699,CUST_392,2025-06-06 10:28:00,Dakar,Orange Money,Retrait,iPhone,31508,0,0,Normal
4700,CUST_536,2025-01-07 10:09:00,Ziguinchor,Orange Money,Paiement,iPhone,41471,0,0,Normal
4701,CUST_923,2025-03-05 07:23:00,Kaolack,Orange Money,Retrait,Android,4568,0,0,Normal
4702,CUST_27,2025-04-20 18:25:00,Saint-Louis,Carte Bancaire,Transfert,iPhone,6065,0,0,Normal
4703,CUST_589,2025-03-15 06:55:00,Ziguinchor,Orange Money,Paiement,Android,500,0,0,Normal
4704,CUST_792,2025-06-13 13:08:00,Kaolack,Wave,Transfert,iPhone,17574,0,0,Normal
4705,CUST_76,2025-03-22 16:23:00,Ziguinchor,Carte Bancaire,Paiement,Android,2135,0,0,Normal
4706,CUST_569,2025-04-22 12:03:00,Saint-Louis,Free Money,Transfert,iPhone,12305,0,0,Normal
4707,CUST_704,2025-02-16 06:28:00,Dakar,Free Money,Transfert,iPhone,29638,0,0,Normal
4708,CUST_288,2025-03-06 07:58:00,Saint-Louis,Wave,Retrait,iPhone,55087,0,0,Normal
4709,CUST_242,2025-03-05 15:56:00,Thiès,Free Money,Paiement,iPhone,647,0,0,Normal
4710,CUST_672,2025-02-27 14:39:00,Kaolack,Orange Money,Paiement,iPhone,23580,0,0,Normal
4711,CUST_120,2025-06-26 18:43:00,Kaolack,Wave,Retrait,iPhone,21683,0,0,Normal
4712,CUST_378,2025-05-01 13:50:00,Saint-Louis,Orange Money,Transfert,Android,13667,0,0,Normal
4713,CUST_440,2025-06-17 14:05:00,Dakar,Wave,Retrait,Android,5216,0,0,Normal
4714,CUST_565,2025-06-28 07:37:00,Ziguinchor,Orange Money,Transfert,iPhone,59351,0,0,Normal
4715,CUST_540,2025-06-29 11:30:00,Saint-Louis,Wave,Retrait,iPhone,49859,0,0,Normal
4716,CUST_751,2025-02-27 16:53:00,Ziguinchor,Wave,Retrait,iPhone,7167,0,0,Normal
4717,CUST_151,2025-05-29 08:42:00,Saint-Louis,Wave,Paiement,Android,18430,0,0,Normal
4718,CUST_492,2025-06-05 08:34:00,Ziguinchor,Orange Money,Retrait,iPhone,39225,0,0,Normal
4719,CUST_36,2025-01-12 15:20:00,Ziguinchor,Wave,Retrait,iPhone,11542,0,0,Normal
4720,CUST_303,2025-05-15 11:06:00,Ziguinchor,Carte Bancaire,Transfert,iPhone,47237,0,0,Normal
4721,CUST_6,2025-06-28 17:51:00,Thiès,Orange Money,Retrait,iPhone,20156,30,0,Normal
4722,CUST_641,2025-06-19 16:10:00,Kaolack,Carte Bancaire,Retrait,iPhone,11701,0,0,Normal
4723,CUST_899,2025-04-09 19:32:00,Dakar,Wave,Transfert,iPhone,29158,0,0,Normal
4724,CUST_720,2025-05-16 18:03:00,Ziguinchor,Wave,Transfert,iPhone,8412,0,0,Normal
4725,CUST_487,2025-03-31 21:56:00,Kaolack,Wave,Paiement,Android,31318,0,0,Normal
4726,CUST_910,2025-06-19 06:16:00,Saint-Louis,Free Money,Paiement,iPhone,4145,0,0,Normal
4727,CUST_777,2025-04-26 14:30:00,Kaolack,Free Money,Retrait,iPhone,4735,0,0,Normal
4728,CUST_582,2025-04-14 17:36:00,Dakar,Carte Bancaire,Paiement,iPhone,17739,0,0,Normal
4729,CUST_410,2025-01-09 17:23:00,Saint-Louis,Orange Money,Paiement,iPhone,13481,0,0,Normal
4730,CUST_886,2025-03-07 08:34:00,Saint-Louis,Orange Money,Retrait,iPhone,48970,0,0,Normal
4731,CUST_148,2025-04-10 07:07:00,Ziguinchor,Free Money,Transfert,iPhone,7791,0,0,Normal
4732,CUST_797,2025-02-02 10:02:00,Thiès,Wave,Paiement,iPhone,30671,0,0,Normal
4733,CUST_308,2025-04-08 10:25:00,Thiès,Free Money,Retrait,Android,42833,35,1,Comportement suspect
4734,CUST_147,2025-02-27 10:14:00,Saint-Louis,Orange Money,Paiement,iPhone,24821,0,0,Normal
4735,CUST_100,2025-06-23 16:42:00,Dakar,Wave,Transfert,Android,22360,0,0,Normal
4736,CUST_229,2025-02-06 15:34:00,Dakar,Wave,Retrait,iPhone,5962,0,0,Normal
4737,CUST_474,2025-04-30 17:18:00,Dakar,Wave,Transfert,Android,6692,0,0,Normal
4738,CUST_32,2025-04-27 23:36:00,Thiès,Orange Money,Retrait,iPhone,38500,0,0,Normal
4739,CUST_739,2025-02-14 14:04:00,Thiès,Orange Money,Paiement,iPhone,11279,0,0,Normal
4740,CUST_933,2025-06-17 09:52:00,Dakar,Carte Bancaire,Transfert,Android,38653,0,0,Normal
4741,CUST_197,2025-03-23 18:51:00,Ziguinchor,Carte Bancaire,Retrait,Android,18021,35,1,Comportement suspect
4742,CUST_927,2025-03-24 12:43:00,Dakar,Free Money,Paiement,Android,13452,0,0,Normal
4743,CUST_558,2025-04-18 11:41:00,Ziguinchor,Free Money,Retrait,iPhone,18840,0,0,Normal
4744,CUST_204,2025-03-16 16:51:00,Thiès,Carte Bancaire,Transfert,iPhone,27016,0,0,Normal
4745,CUST_436,2025-02-26 15:57:00,Thiès,Wave,Retrait,Android,22050,0,0,Normal
4746,CUST_29,2025-01-21 08:54:00,Saint-Louis,Wave,Transfert,Android,47342,0,0,Normal
4747,CUST_768,2025-01-21 15:54:00,Saint-Louis,Wave,Paiement,Android,17481,0,0,Normal
4748,CUST_801,2025-05-25 16:23:00,Dakar,Orange Money,Paiement,iPhone,38932,0,0,Normal
4749,CUST_852,2025-06-21 17:21:00,Dakar,Free Money,Retrait,iPhone,55682,0,0,Normal
4750,CUST_296,2025-04-28 17:18:00,Dakar,Carte Bancaire,Retrait,iPhone,24460,0,0,Normal
4751,CUST_299,2025-02-02 07:52:00,Ziguinchor,Carte Bancaire,Transfert,Android,50030,0,0,Normal
4752,CUST_968,2025-01-02 17:02:00,Saint-Louis,Wave,Transfert,Android,29817,0,0,Normal
4753,CUST_785,2025-02-27 14:48:00,Saint-Louis,Orange Money,Transfert,iPhone,14743,0,0,Normal
4754,CUST_903,2025-03-16 04:11:00,Ziguinchor,Wave,Retrait,Android,20381,25,0,Normal
4755,CUST_220,2025-01-21 17:40:00,Saint-Louis,Wave,Transfert,iPhone,21274,0,0,Normal
4756,CUST_31,2025-02-27 17:33:00,Kaolack,Free Money,Transfert,Android,69376,0,0,Normal
4757,CUST_479,2025-02-06 15:19:00,Dakar,Wave,Transfert,Android,2365,0,0,Normal
4758,CUST_258,2025-05-24 11:41:00,Ziguinchor,Orange Money,Paiement,Android,67707,0,0,Normal
4759,CUST_244,2025-03-07 07:38:00,Saint-Louis,Wave,Transfert,iPhone,49109,0,0,Normal
4760,CUST_343,2025-05-04 17:44:00,Ziguinchor,Wave,Paiement,Android,4942,0,0,Normal
4761,CUST_690,2025-05-14 11:14:00,Kaolack,Orange Money,Retrait,Android,500,0,0,Normal
4762,CUST_733,2025-04-22 12:10:00,Thiès,Wave,Retrait,Android,25561,0,0,Normal
4763,CUST_71,2025-01-17 11:24:00,Ziguinchor,Orange Money,Paiement,Android,39846,0,0,Normal
4764,CUST_620,2025-02-17 18:04:00,Thiès,Wave,Transfert,iPhone,1374,0,0,Normal
4765,CUST_821,2025-04-28 09:59:00,Saint-Louis,Free Money,Paiement,iPhone,26645,0,0,Normal
4766,CUST_616,2025-03-18 08:18:00,Thiès,Wave,Transfert,Android,5799,0,0,Normal
4767,CUST_786,2025-06-11 15:46:00,Dakar,Wave,Transfert,iPhone,23315,0,0,Normal
4768,CUST_245,2025-05-06 14:00:00,Kaolack,Wave,Paiement,Android,29379,0,0,Normal
4769,CUST_759,2025-05-11 18:18:00,Kaolack,Free Money,Paiement,iPhone,52018,0,0,Normal
4770,CUST_412,2025-06-14 05:20:00,Dakar,Orange Money,Paiement,Android,56563,0,0,Normal
4771,CUST_883,2025-01-03 17:05:00,Kaolack,Orange Money,Transfert,Android,9278,0,0,Normal
4772,CUST_919,2025-02-07 12:34:00,Saint-Louis,Free Money,Paiement,Android,14309,0,0,Normal
4773,CUST_123,2025-04-14 15:02:00,Dakar,Orange Money,Retrait,iPhone,17824,0,0,Normal
4774,CUST_457,2025-04-09 20:47:00,Kaolack,Free Money,Transfert,iPhone,7059,0,0,Normal
4775,CUST_368,2025-06-09 09:38:00,Saint-Louis,Wave,Retrait,Android,7532,30,0,Normal
4776,CUST_102,2025-03-27 12:24:00,Kaolack,Orange Money,Transfert,iPhone,33741,0,0,Normal
4777,CUST_419,2025-05-29 12:24:00,Dakar,Orange Money,Retrait,iPhone,25898,0,0,Normal
4778,CUST_341,2025-03-31 10:28:00,Saint-Louis,Orange Money,Retrait,Android,5915,0,0,Normal
4779,CUST_945,2025-04-16 10:48:00,Ziguinchor,Free Money,Transfert,Android,83842,0,0,Normal
4780,CUST_817,2025-05-23 18:50:00,Kaolack,Orange Money,Transfert,Android,47862,0,0,Normal
4781,CUST_433,2025-01-26 08:13:00,Ziguinchor,Wave,Paiement,Android,10741,0,0,Normal
4782,CUST_953,2025-02-17 08:06:00,Saint-Louis,Wave,Retrait,iPhone,13101,0,0,Normal
4783,CUST_810,2025-04-05 19:00:00,Kaolack,Orange Money,Retrait,iPhone,40038,0,0,Normal
4784,CUST_586,2025-01-10 15:57:00,Saint-Louis,Carte Bancaire,Paiement,Android,25343,0,0,Normal
4785,CUST_564,2025-03-22 13:18:00,Saint-Louis,Carte Bancaire,Transfert,Android,47890,0,0,Normal
4786,CUST_595,2025-04-26 11:32:00,Saint-Louis,Wave,Retrait,iPhone,39116,0,0,Normal
4787,CUST_511,2025-06-19 17:22:00,Thiès,Orange Money,Paiement,Android,60453,0,0,Normal
4788,CUST_177,2025-05-07 15:06:00,Kaolack,Wave,Paiement,Android,1774,0,0,Normal
4789,CUST_518,2025-04-01 12:41:00,Thiès,Wave,Paiement,iPhone,34101,0,0,Normal
4790,CUST_135,2025-05-20 15:20:00,Dakar,Wave,Paiement,Android,2816,0,0,Normal
4791,CUST_418,2025-03-13 00:05:00,Thiès,Free Money,Transfert,iPhone,55210,0,0,Normal
4792,CUST_951,2025-01-11 16:33:00,Dakar,Carte Bancaire,Retrait,iPhone,17249,0,0,Normal
4793,CUST_432,2025-04-18 11:58:00,Ziguinchor,Free Money,Transfert,Android,36217,0,0,Normal
4794,CUST_88,2025-06-19 17:46:00,Thiès,Free Money,Retrait,iPhone,12536,0,0,Normal
4795,CUST_799,2025-01-20 08:05:00,Kaolack,Carte Bancaire,Paiement,Android,25758,0,0,Normal
4796,CUST_428,2025-03-03 11:58:00,Dakar,Carte Bancaire,Transfert,Android,45634,0,0,Normal
4797,CUST_935,2025-02-02 09:19:00,Thiès,Free Money,Retrait,Android,60869,0,0,Normal
4798,CUST_456,2025-05-27 19:18:00,Kaolack,Orange Money,Transfert,iPhone,13279,0,0,Normal
4799,CUST_305,2025-04-29 12:29:00,Kaolack,Free Money,Transfert,iPhone,9694,0,0,Normal
4800,CUST_707,2025-05-31 12:04:00,Dakar,Wave,Paiement,iPhone,43746,0,0,Normal
4801,CUST_877,2025-01-24 13:08:00,Dakar,Wave,Retrait,Android,2655,0,0,Normal
4802,CUST_541,2025-05-07 04:57:00,Ziguinchor,Orange Money,Paiement,iPhone,48094,25,0,Normal
4803,CUST_581,2025-06-03 09:50:00,Dakar,Wave,Transfert,iPhone,29199,0,0,Normal
4804,CUST_472,2025-03-04 15:59:00,Ziguinchor,Wave,Paiement,Android,33028,0,0,Normal
4805,CUST_595,2025-04-23 21:08:00,Saint-Louis,Carte Bancaire,Transfert,Android,25061,0,0,Normal
4806,CUST_216,2025-03-15 12:58:00,Dakar,Carte Bancaire,Paiement,iPhone,13430,0,0,Normal
4807,CUST_232,2025-04-04 20:32:00,Saint-Louis,Carte Bancaire,Transfert,iPhone,3345,0,0,Normal
4808,CUST_392,2025-03-12 15:20:00,Dakar,Orange Money,Paiement,Android,66118,0,0,Normal
4809,CUST_163,2025-01-23 11:24:00,Dakar,Free Money,Transfert,Android,14113,0,0,Normal
4810,CUST_862,2025-02-22 14:12:00,Kaolack,Orange Money,Transfert,iPhone,3047,0,0,Normal
4811,CUST_863,2025-01-18 17:08:00,Dakar,Carte Bancaire,Retrait,Android,3801,0,0,Normal
4812,CUST_150,2025-04-19 16:43:00,Dakar,Carte Bancaire,Transfert,Android,22546,0,0,Normal
4813,CUST_622,2025-04-22 07:58:00,Kaolack,Free Money,Paiement,iPhone,19944,0,0,Normal
4814,CUST_767,2025-02-01 10:20:00,Ziguinchor,Wave,Transfert,Android,37081,35,1,Comportement suspect
4815,CUST_970,2025-04-16 21:33:00,Kaolack,Wave,Paiement,iPhone,12098,0,0,Normal
4816,CUST_913,2025-01-10 08:31:00,Kaolack,Free Money,Paiement,iPhone,3143,0,0,Normal
4817,CUST_746,2025-04-01 08:41:00,Ziguinchor,Orange Money,Retrait,Android,35284,0,0,Normal
4818,CUST_85,2025-03-09 17:14:00,Dakar,Free Money,Transfert,iPhone,500,0,0,Normal
4819,CUST_472,2025-06-29 18:51:00,Ziguinchor,Orange Money,Retrait,iPhone,17039,0,0,Normal
4820,CUST_417,2025-01-14 06:59:00,Thiès,Orange Money,Paiement,iPhone,86385,0,0,Normal
4821,CUST_387,2025-04-16 08:18:00,Thiès,Free Money,Transfert,Android,40650,0,0,Normal
4822,CUST_396,2025-02-26 09:11:00,Thiès,Orange Money,Transfert,Android,47278,0,0,Normal
4823,CUST_375,2025-02-19 20:50:00,Kaolack,Wave,Paiement,Android,93924,0,0,Normal
4824,CUST_794,2025-04-26 17:03:00,Saint-Louis,Free Money,Retrait,Android,32225,0,0,Normal
4825,CUST_57,2025-03-26 06:24:00,Ziguinchor,Carte Bancaire,Transfert,iPhone,45175,0,0,Normal
4826,CUST_679,2025-04-01 11:04:00,Saint-Louis,Orange Money,Transfert,Android,7403,0,0,Normal
4827,CUST_119,2025-01-23 16:05:00,Ziguinchor,Free Money,Transfert,Android,25340,0,0,Normal
4828,CUST_746,2025-06-17 10:31:00,Ziguinchor,Free Money,Retrait,iPhone,12073,0,0,Normal
4829,CUST_90,2025-04-06 16:41:00,Ziguinchor,Carte Bancaire,Transfert,Android,57880,0,0,Normal
4830,CUST_317,2025-06-03 08:40:00,Saint-Louis,Orange Money,Retrait,Android,9668,0,0,Normal
4831,CUST_577,2025-06-14 18:06:00,Ziguinchor,Free Money,Paiement,iPhone,37126,0,0,Normal
4832,CUST_123,2025-03-12 16:42:00,Dakar,Carte Bancaire,Retrait,iPhone,26192,0,0,Normal
4833,CUST_555,2025-05-10 08:15:00,Saint-Louis,Carte Bancaire,Retrait,iPhone,14242,0,0,Normal
4834,CUST_86,2025-03-22 07:47:00,Dakar,Wave,Retrait,Android,20790,0,0,Normal
4835,CUST_885,2025-06-21 09:15:00,Saint-Louis,Orange Money,Paiement,Android,11243,0,0,Normal
4836,CUST_876,2025-02-01 14:21:00,Kaolack,Orange Money,Paiement,iPhone,5110,0,0,Normal
4837,CUST_447,2025-03-16 08:48:00,Dakar,Orange Money,Paiement,iPhone,31461,0,0,Normal
4838,CUST_580,2025-03-06 13:25:00,Saint-Louis,Orange Money,Paiement,iPhone,1157,0,0,Normal
4839,CUST_32,2025-01-15 18:21:00,Thiès,Free Money,Paiement,Android,28998,0,0,Normal
4840,CUST_473,2025-02-17 23:17:00,Ziguinchor,Carte Bancaire,Retrait,iPhone,11511,0,0,Normal
4841,CUST_509,2025-04-20 12:34:00,Ziguinchor,Free Money,Retrait,Android,3679,0,0,Normal
4842,CUST_222,2025-02-26 07:26:00,Dakar,Wave,Paiement,iPhone,6940,0,0,Normal
4843,CUST_887,2025-06-09 09:31:00,Thiès,Wave,Transfert,Android,17498,0,0,Normal
4844,CUST_993,2025-03-23 14:50:00,Thiès,Free Money,Transfert,iPhone,45921,0,0,Normal
4845,CUST_383,2025-06-17 18:31:00,Dakar,Wave,Retrait,iPhone,5997,0,0,Normal
4846,CUST_860,2025-05-13 12:36:00,Saint-Louis,Wave,Retrait,iPhone,54472,0,0,Normal
4847,CUST_265,2025-05-08 10:58:00,Dakar,Orange Money,Retrait,iPhone,19939,35,1,Comportement suspect
4848,CUST_450,2025-05-26 06:31:00,Kaolack,Free Money,Transfert,iPhone,10892,0,0,Normal
4849,CUST_421,2025-06-07 12:04:00,Dakar,Carte Bancaire,Retrait,iPhone,3131,0,0,Normal
4850,CUST_647,2025-01-20 08:40:00,Dakar,Orange Money,Transfert,Android,13064,0,0,Normal
4851,CUST_738,2025-03-15 10:13:00,Ziguinchor,Wave,Paiement,iPhone,11114,0,0,Normal
4852,CUST_807,2025-01-22 08:50:00,Kaolack,Free Money,Transfert,Android,27691,35,1,Comportement suspect
4853,CUST_735,2025-05-06 18:02:00,Saint-Louis,Orange Money,Transfert,iPhone,33936,0,0,Normal
4854,CUST_811,2025-04-25 15:25:00,Dakar,Free Money,Paiement,Android,35291,0,0,Normal
4855,CUST_202,2025-05-20 21:18:00,Saint-Louis,Wave,Transfert,Android,16542,0,0,Normal
4856,CUST_103,2025-06-28 15:23:00,Thiès,Wave,Transfert,iPhone,17128,0,0,Normal
4857,CUST_686,2025-01-10 15:42:00,Kaolack,Wave,Paiement,iPhone,19356,0,0,Normal
4858,CUST_336,2025-05-18 14:02:00,Ziguinchor,Orange Money,Paiement,Android,11650,0,0,Normal
4859,CUST_938,2025-02-28 21:52:00,Kaolack,Orange Money,Transfert,Android,2177,0,0,Normal
4860,CUST_527,2025-03-28 06:26:00,Saint-Louis,Orange Money,Paiement,iPhone,64473,0,0,Normal
4861,CUST_348,2025-03-17 07:22:00,Saint-Louis,Free Money,Transfert,iPhone,42432,0,0,Normal
4862,CUST_82,2025-04-28 09:39:00,Ziguinchor,Wave,Retrait,iPhone,49033,0,0,Normal
4863,CUST_550,2025-06-29 12:11:00,Dakar,Wave,Paiement,Android,7701,0,0,Normal
4864,CUST_348,2025-06-20 16:09:00,Saint-Louis,Wave,Paiement,iPhone,22447,0,0,Normal
4865,CUST_617,2025-01-12 07:04:00,Dakar,Carte Bancaire,Retrait,Android,12430,0,0,Normal
4866,CUST_370,2025-06-29 09:40:00,Kaolack,Orange Money,Paiement,iPhone,18798,0,0,Normal
4867,CUST_990,2025-01-22 15:26:00,Thiès,Carte Bancaire,Transfert,Android,2584,0,0,Normal
4868,CUST_103,2025-02-06 13:45:00,Thiès,Orange Money,Paiement,iPhone,11999,0,0,Normal
4869,CUST_183,2025-06-02 03:30:00,Saint-Louis,Orange Money,Transfert,Android,35393,60,1,Transaction nocturne
4870,CUST_702,2025-05-15 07:42:00,Ziguinchor,Orange Money,Transfert,Android,34331,0,0,Normal
4871,CUST_427,2025-06-02 03:54:00,Kaolack,Orange Money,Paiement,Android,57755,25,0,Normal
4872,CUST_91,2025-04-24 06:40:00,Saint-Louis,Orange Money,Paiement,Android,22566,0,0,Normal
4873,CUST_30,2025-05-03 18:49:00,Kaolack,Free Money,Transfert,Android,55232,0,0,Normal
4874,CUST_549,2025-05-13 10:44:00,Ziguinchor,Carte Bancaire,Transfert,Android,500,0,0,Normal
4875,CUST_911,2025-06-01 07:58:00,Ziguinchor,Free Money,Retrait,Android,56373,0,0,Normal
4876,CUST_486,2025-03-26 19:41:00,Thiès,Free Money,Retrait,Android,34070,0,0,Normal
4877,CUST_320,2025-06-18 13:26:00,Kaolack,Free Money,Transfert,Android,6380,0,0,Normal
4878,CUST_269,2025-01-29 10:12:00,Kaolack,Orange Money,Paiement,iPhone,31149,0,0,Normal
4879,CUST_684,2025-06-22 02:25:00,Dakar,Carte Bancaire,Paiement,iPhone,25031,25,0,Normal
4880,CUST_255,2025-04-22 21:34:00,Thiès,Free Money,Paiement,Android,9004,0,0,Normal
4881,CUST_141,2025-05-14 17:58:00,Thiès,Orange Money,Paiement,Android,18152,0,0,Normal
4882,CUST_427,2025-03-06 16:01:00,Kaolack,Free Money,Transfert,iPhone,25941,0,0,Normal
4883,CUST_357,2025-04-11 08:20:00,Dakar,Free Money,Transfert,iPhone,32295,0,0,Normal
4884,CUST_207,2025-01-06 02:29:00,Kaolack,Orange Money,Retrait,iPhone,14091,25,0,Normal
4885,CUST_835,2025-02-19 19:34:00,Dakar,Wave,Transfert,iPhone,51351,0,0,Normal
4886,CUST_79,2025-06-27 16:41:00,Ziguinchor,Orange Money,Paiement,iPhone,29778,0,0,Normal
4887,CUST_510,2025-03-20 08:06:00,Kaolack,Orange Money,Retrait,Android,34140,0,0,Normal
4888,CUST_371,2025-01-27 17:47:00,Thiès,Free Money,Retrait,iPhone,25328,0,0,Normal
4889,CUST_538,2025-01-11 12:18:00,Saint-Louis,Wave,Retrait,Android,75417,0,0,Normal
4890,CUST_577,2025-02-11 16:49:00,Ziguinchor,Wave,Transfert,Android,47936,0,0,Normal
4891,CUST_937,2025-04-22 13:01:00,Saint-Louis,Free Money,Transfert,iPhone,3439,0,0,Normal
4892,CUST_184,2025-01-07 05:14:00,Saint-Louis,Orange Money,Transfert,iPhone,22731,0,0,Normal
4893,CUST_473,2025-05-08 20:06:00,Ziguinchor,Carte Bancaire,Paiement,iPhone,47594,0,0,Normal
4894,CUST_829,2025-06-13 12:43:00,Ziguinchor,Orange Money,Transfert,iPhone,29259,0,0,Normal
4895,CUST_643,2025-02-07 11:31:00,Saint-Louis,Free Money,Paiement,iPhone,30354,0,0,Normal
4896,CUST_485,2025-06-03 15:42:00,Kaolack,Free Money,Paiement,iPhone,11352,0,0,Normal
4897,CUST_346,2025-06-06 18:12:00,Thiès,Orange Money,Retrait,Android,3863,0,0,Normal
4898,CUST_878,2025-03-23 15:12:00,Thiès,Wave,Transfert,iPhone,39505,0,0,Normal
4899,CUST_561,2025-02-02 20:34:00,Kaolack,Carte Bancaire,Paiement,iPhone,15472,0,0,Normal
4900,CUST_744,2025-02-18 10:06:00,Saint-Louis,Wave,Paiement,Android,41166,0,0,Normal
4901,CUST_144,2025-05-17 15:12:00,Kaolack,Carte Bancaire,Retrait,iPhone,16841,0,0,Normal
4902,CUST_914,2025-04-21 07:25:00,Thiès,Orange Money,Retrait,iPhone,17145,0,0,Normal
4903,CUST_749,2025-02-25 11:43:00,Thiès,Wave,Retrait,Android,22142,0,0,Normal
4904,CUST_909,2025-06-05 04:03:00,Kaolack,Orange Money,Retrait,Android,65719,25,0,Normal
4905,CUST_17,2025-05-18 12:47:00,Dakar,Carte Bancaire,Retrait,Android,9194,0,0,Normal
4906,CUST_901,2025-06-08 09:13:00,Dakar,Carte Bancaire,Paiement,iPhone,16555,0,0,Normal
4907,CUST_936,2025-06-19 10:14:00,Kaolack,Free Money,Transfert,iPhone,21888,0,0,Normal
4908,CUST_719,2025-05-26 17:46:00,Dakar,Carte Bancaire,Retrait,iPhone,25222,0,0,Normal
4909,CUST_22,2025-02-10 15:57:00,Dakar,Orange Money,Paiement,iPhone,16488,0,0,Normal
4910,CUST_650,2025-06-07 09:37:00,Ziguinchor,Orange Money,Paiement,Android,5877,0,0,Normal
4911,CUST_59,2025-01-06 16:24:00,Thiès,Wave,Transfert,Android,60678,0,0,Normal
4912,CUST_854,2025-02-10 06:45:00,Saint-Louis,Carte Bancaire,Paiement,iPhone,7730,0,0,Normal
4913,CUST_829,2025-02-05 08:24:00,Ziguinchor,Carte Bancaire,Transfert,Android,27902,0,0,Normal
4914,CUST_254,2025-02-28 19:01:00,Saint-Louis,Free Money,Transfert,Android,24773,0,0,Normal
4915,CUST_366,2025-06-14 11:59:00,Ziguinchor,Orange Money,Retrait,Android,11765,0,0,Normal
4916,CUST_674,2025-03-11 14:24:00,Thiès,Orange Money,Paiement,Android,54511,0,0,Normal
4917,CUST_181,2025-03-09 15:15:00,Ziguinchor,Wave,Retrait,Android,56252,0,0,Normal
4918,CUST_620,2025-03-07 07:21:00,Thiès,Carte Bancaire,Paiement,Android,8656,0,0,Normal
4919,CUST_108,2025-04-29 13:58:00,Dakar,Orange Money,Transfert,Android,7384,0,0,Normal
4920,CUST_54,2025-05-24 10:43:00,Thiès,Free Money,Transfert,Android,11807,0,0,Normal
4921,CUST_368,2025-05-12 16:25:00,Saint-Louis,Free Money,Paiement,Android,5030,0,0,Normal
4922,CUST_178,2025-05-08 16:40:00,Kaolack,Wave,Retrait,Android,8735,0,0,Normal
4923,CUST_509,2025-03-09 08:11:00,Ziguinchor,Free Money,Retrait,iPhone,45841,0,0,Normal
4924,CUST_635,2025-01-09 05:06:00,Ziguinchor,Orange Money,Paiement,Android,48165,0,0,Normal
4925,CUST_496,2025-03-08 18:13:00,Ziguinchor,Carte Bancaire,Paiement,iPhone,28342,0,0,Normal
4926,CUST_324,2025-01-05 06:56:00,Dakar,Wave,Transfert,Android,63573,0,0,Normal
4927,CUST_575,2025-02-12 02:51:00,Thiès,Wave,Transfert,Android,2853,25,0,Normal
4928,CUST_342,2025-02-26 13:01:00,Ziguinchor,Orange Money,Retrait,iPhone,7521,0,0,Normal
4929,CUST_697,2025-05-25 13:40:00,Thiès,Wave,Paiement,iPhone,31126,0,0,Normal
4930,CUST_977,2025-01-15 09:15:00,Thiès,Wave,Transfert,Android,10910,0,0,Normal
4931,CUST_658,2025-03-24 12:59:00,Kaolack,Wave,Transfert,Android,45773,0,0,Normal
4932,CUST_707,2025-04-13 19:42:00,Dakar,Free Money,Transfert,Android,47486,0,0,Normal
4933,CUST_855,2025-03-07 15:18:00,Saint-Louis,Free Money,Transfert,Android,26943,35,1,Comportement suspect
4934,CUST_782,2025-03-18 04:53:00,Dakar,Free Money,Retrait,Android,34925,25,0,Normal
4935,CUST_843,2025-04-06 08:39:00,Saint-Louis,Orange Money,Retrait,Android,23985,0,0,Normal
4936,CUST_963,2025-01-19 07:59:00,Ziguinchor,Wave,Paiement,Android,28475,0,0,Normal
4937,CUST_656,2025-05-05 13:15:00,Dakar,Free Money,Retrait,Android,12154,0,0,Normal
4938,CUST_158,2025-06-22 15:48:00,Dakar,Free Money,Transfert,iPhone,7278,0,0,Normal
4939,CUST_983,2025-01-07 15:45:00,Kaolack,Wave,Retrait,Android,12253,0,0,Normal
4940,CUST_532,2025-01-07 05:25:00,Saint-Louis,Wave,Retrait,Android,58064,0,0,Normal
4941,CUST_91,2025-03-11 06:20:00,Saint-Louis,Free Money,Paiement,Android,9363,0,0,Normal
4942,CUST_979,2025-06-27 19:26:00,Thiès,Wave,Retrait,iPhone,13939,0,0,Normal
4943,CUST_224,2025-01-26 14:50:00,Dakar,Free Money,Transfert,iPhone,17057,0,0,Normal
4944,CUST_142,2025-06-06 13:36:00,Thiès,Wave,Retrait,iPhone,17436,0,0,Normal
4945,CUST_228,2025-04-27 09:23:00,Saint-Louis,Carte Bancaire,Paiement,Android,33997,0,0,Normal
4946,CUST_24,2025-01-20 12:11:00,Thiès,Wave,Transfert,iPhone,6646,0,0,Normal
4947,CUST_546,2025-03-15 14:00:00,Saint-Louis,Wave,Retrait,Android,9009,0,0,Normal
4948,CUST_976,2025-04-21 04:51:00,Dakar,Free Money,Paiement,iPhone,51047,25,0,Normal
4949,CUST_614,2025-03-02 16:47:00,Saint-Louis,Free Money,Paiement,iPhone,1240,0,0,Normal
4950,CUST_680,2025-01-20 18:23:00,Saint-Louis,Free Money,Paiement,Android,16454,0,0,Normal
4951,CUST_711,2025-05-21 21:16:00,Ziguinchor,Carte Bancaire,Retrait,iPhone,66018,0,0,Normal
4952,CUST_484,2025-06-08 10:36:00,Saint-Louis,Wave,Transfert,Android,24929,0,0,Normal
4953,CUST_371,2025-06-03 16:07:00,Thiès,Carte Bancaire,Retrait,iPhone,21065,0,0,Normal
4954,CUST_983,2025-04-13 12:08:00,Kaolack,Orange Money,Retrait,iPhone,14586,0,0,Normal
4955,CUST_521,2025-05-01 16:26:00,Kaolack,Orange Money,Paiement,Android,15662,0,0,Normal
4956,CUST_465,2025-03-16 16:48:00,Saint-Louis,Orange Money,Transfert,Android,15405,0,0,Normal
4957,CUST_770,2025-01-16 10:03:00,Dakar,Orange Money,Retrait,iPhone,44178,0,0,Normal
4958,CUST_190,2025-03-24 05:36:00,Dakar,Free Money,Paiement,iPhone,8235,0,0,Normal
4959,CUST_4,2025-04-06 23:17:00,Kaolack,Wave,Retrait,Android,68300,0,0,Normal
4960,CUST_798,2025-05-09 09:05:00,Dakar,Wave,Paiement,Android,38478,0,0,Normal
4961,CUST_670,2025-01-12 13:59:00,Kaolack,Carte Bancaire,Retrait,Android,30339,0,0,Normal
4962,CUST_962,2025-03-11 10:15:00,Thiès,Orange Money,Transfert,iPhone,54763,0,0,Normal
4963,CUST_448,2025-04-01 08:41:00,Ziguinchor,Free Money,Paiement,Android,65029,0,0,Normal
4964,CUST_696,2025-04-01 14:16:00,Thiès,Orange Money,Transfert,Android,500,0,0,Normal
4965,CUST_695,2025-03-21 14:49:00,Thiès,Orange Money,Retrait,iPhone,31833,0,0,Normal
4966,CUST_450,2025-05-08 16:02:00,Kaolack,Carte Bancaire,Retrait,Android,9086,0,0,Normal
4967,CUST_98,2025-06-01 16:38:00,Kaolack,Wave,Paiement,iPhone,27038,0,0,Normal
4968,CUST_63,2025-03-26 10:36:00,Kaolack,Free Money,Paiement,iPhone,48944,0,0,Normal
4969,CUST_759,2025-03-25 15:51:00,Kaolack,Orange Money,Transfert,iPhone,49138,0,0,Normal
4970,CUST_504,2025-06-12 11:28:00,Thiès,Orange Money,Retrait,Android,60012,35,1,Comportement suspect
4971,CUST_571,2025-04-14 11:28:00,Kaolack,Free Money,Paiement,Android,12028,0,0,Normal
4972,CUST_223,2025-01-21 18:17:00,Thiès,Free Money,Paiement,iPhone,46505,0,0,Normal
4973,CUST_534,2025-04-29 15:13:00,Kaolack,Orange Money,Retrait,Android,53504,0,0,Normal
4974,CUST_588,2025-04-09 09:47:00,Ziguinchor,Carte Bancaire,Paiement,Android,24522,0,0,Normal
4975,CUST_315,2025-01-15 09:47:00,Saint-Louis,Free Money,Transfert,Android,21169,0,0,Normal
4976,CUST_457,2025-04-29 07:54:00,Kaolack,Orange Money,Retrait,Android,46429,0,0,Normal
4977,CUST_845,2025-03-29 19:39:00,Kaolack,Carte Bancaire,Transfert,iPhone,25253,0,0,Normal
4978,CUST_793,2025-04-11 12:07:00,Kaolack,Wave,Paiement,iPhone,14208,0,0,Normal
4979,CUST_758,2025-06-19 08:07:00,Dakar,Orange Money,Retrait,Android,23692,0,0,Normal
4980,CUST_502,2025-06-09 03:24:00,Kaolack,Free Money,Retrait,iPhone,12712,25,0,Normal
4981,CUST_20,2025-06-16 12:55:00,Kaolack,Free Money,Paiement,iPhone,49432,0,0,Normal
4982,CUST_267,2025-04-11 07:57:00,Thiès,Orange Money,Paiement,iPhone,20890,0,0,Normal
4983,CUST_848,2025-03-22 17:12:00,Ziguinchor,Carte Bancaire,Transfert,iPhone,15363,0,0,Normal
4984,CUST_956,2025-05-01 23:04:00,Saint-Louis,Wave,Retrait,Android,42636,0,0,Normal
4985,CUST_414,2025-05-23 18:09:00,Thiès,Orange Money,Transfert,Android,22804,0,0,Normal
4986,CUST_386,2025-06-01 17:42:00,Saint-Louis,Orange Money,Transfert,iPhone,20297,0,0,Normal
4987,CUST_604,2025-03-07 14:49:00,Kaolack,Free Money,Transfert,Android,27732,0,0,Normal
4988,CUST_731,2025-06-15 23:43:00,Ziguinchor,Carte Bancaire,Retrait,Android,39616,0,0,Normal
4989,CUST_931,2025-01-04 18:51:00,Dakar,Orange Money,Retrait,Android,33435,0,0,Normal
4990,CUST_289,2025-04-03 14:30:00,Ziguinchor,Orange Money,Retrait,iPhone,47101,0,0,Normal
4991,CUST_785,2025-03-15 11:47:00,Saint-Louis,Carte Bancaire,Paiement,iPhone,10350,0,0,Normal
4992,CUST_613,2025-05-01 12:24:00,Saint-Louis,Orange Money,Retrait,iPhone,5409,0,0,Normal
4993,CUST_850,2025-04-21 01:52:00,Dakar,Wave,Retrait,iPhone,28559,25,0,Normal
4994,CUST_687,2025-06-07 07:35:00,Ziguinchor,Carte Bancaire,Retrait,Android,18024,0,0,Normal
4995,CUST_486,2025-03-06 09:10:00,Kaolack,Carte Bancaire,Retrait,iPhone,33591,35,1,Comportement suspect
4996,CUST_310,2025-04-14 07:27:00,Kaolack,Carte Bancaire,Paiement,Android,13147,0,0,Normal
4997,CUST_132,2025-04-22 15:15:00,Saint-Louis,Carte Bancaire,Retrait,Android,45567,0,0,Normal
4998,CUST_953,2025-01-11 10:12:00,Saint-Louis,Free Money,Paiement,iPhone,2293,0,0,Normal
4999,CUST_881,2025-05-30 20:16:00,Kaolack,Wave,Paiement,Android,4332,0,0,Normal
5000,CUST_499,2025-02-11 14:07:00,Thiès,Free Money,Transfert,iPhone,8757,0,0,Normal
5001,CUST_595,2025-01-18 21:51:00,Saint-Louis,Carte Bancaire,Retrait,iPhone,31533,0,0,Normal
5002,CUST_769,2025-05-20 14:39:00,Ziguinchor,Free Money,Paiement,iPhone,11674,0,0,Normal
5003,CUST_762,2025-02-21 10:48:00,Kaolack,Free Money,Transfert,iPhone,48430,0,0,Normal
5004,CUST_134,2025-02-12 13:22:00,Kaolack,Carte Bancaire,Retrait,Android,30935,0,0,Normal
5005,CUST_287,2025-06-25 01:32:00,Ziguinchor,Free Money,Retrait,Android,65196,25,0,Normal
5006,CUST_574,2025-05-05 11:02:00,Saint-Louis,Wave,Transfert,iPhone,36040,0,0,Normal
5007,CUST_15,2025-03-14 22:23:00,Saint-Louis,Orange Money,Transfert,Android,58859,0,0,Normal
5008,CUST_788,2025-05-03 07:23:00,Saint-Louis,Wave,Transfert,iPhone,4765,0,0,Normal
5009,CUST_313,2025-05-07 14:21:00,Thiès,Free Money,Retrait,Android,14727,0,0,Normal
5010,CUST_800,2025-04-06 18:50:00,Ziguinchor,Free Money,Paiement,Android,11296,0,0,Normal
5011,CUST_700,2025-02-14 10:25:00,Saint-Louis,Carte Bancaire,Transfert,Android,18735,0,0,Normal
5012,CUST_39,2025-04-09 16:34:00,Kaolack,Carte Bancaire,Paiement,Android,32136,0,0,Normal
5013,CUST_843,2025-02-16 16:17:00,Saint-Louis,Orange Money,Paiement,Android,66826,0,0,Normal
5014,CUST_322,2025-02-18 17:15:00,Dakar,Carte Bancaire,Transfert,Android,47642,0,0,Normal
5015,CUST_489,2025-01-20 06:33:00,Saint-Louis,Carte Bancaire,Retrait,iPhone,40942,0,0,Normal
5016,CUST_28,2025-03-10 03:38:00,Ziguinchor,Wave,Retrait,Android,17887,25,0,Normal
5017,CUST_885,2025-02-06 09:54:00,Saint-Louis,Carte Bancaire,Retrait,iPhone,5654,0,0,Normal
5018,CUST_681,2025-01-23 08:44:00,Saint-Louis,Wave,Retrait,iPhone,24124,0,0,Normal
5019,CUST_873,2025-04-13 07:26:00,Ziguinchor,Orange Money,Transfert,Android,29546,0,0,Normal
5020,CUST_619,2025-01-14 06:50:00,Dakar,Wave,Paiement,Android,18071,0,0,Normal
5021,CUST_802,2025-03-18 09:46:00,Kaolack,Orange Money,Transfert,Android,29682,0,0,Normal
5022,CUST_313,2025-01-07 11:22:00,Thiès,Orange Money,Transfert,iPhone,11447,0,0,Normal
5023,CUST_821,2025-05-08 14:44:00,Saint-Louis,Wave,Transfert,iPhone,14600,0,0,Normal
5024,CUST_550,2025-03-20 09:45:00,Dakar,Free Money,Retrait,iPhone,7323,0,0,Normal
5025,CUST_425,2025-01-04 14:38:00,Ziguinchor,Carte Bancaire,Transfert,iPhone,36044,0,0,Normal
5026,CUST_219,2025-05-08 12:41:00,Ziguinchor,Carte Bancaire,Paiement,Android,29716,35,1,Comportement suspect
5027,CUST_571,2025-01-01 14:06:00,Kaolack,Wave,Transfert,iPhone,22807,0,0,Normal
5028,CUST_843,2025-06-11 13:17:00,Saint-Louis,Free Money,Paiement,Android,33837,0,0,Normal
5029,CUST_100,2025-02-24 20:42:00,Dakar,Wave,Transfert,Android,1960,0,0,Normal
5030,CUST_492,2025-02-28 17:27:00,Saint-Louis,Wave,Transfert,iPhone,96200,35,1,Comportement suspect
5031,CUST_561,2025-02-26 12:14:00,Kaolack,Carte Bancaire,Transfert,Android,15446,0,0,Normal
5032,CUST_150,2025-03-28 14:29:00,Dakar,Orange Money,Transfert,Android,38968,0,0,Normal
5033,CUST_500,2025-03-31 19:45:00,Dakar,Free Money,Transfert,Android,40511,0,0,Normal
5034,CUST_372,2025-04-08 09:06:00,Dakar,Free Money,Paiement,Android,30323,0,0,Normal
5035,CUST_236,2025-03-15 09:50:00,Ziguinchor,Orange Money,Paiement,Android,35717,0,0,Normal
5036,CUST_701,2025-03-07 15:37:00,Thiès,Free Money,Transfert,iPhone,26569,0,0,Normal
5037,CUST_519,2025-02-10 16:30:00,Kaolack,Wave,Retrait,iPhone,20085,0,0,Normal
5038,CUST_886,2025-06-22 13:51:00,Saint-Louis,Carte Bancaire,Transfert,iPhone,68171,0,0,Normal
5039,CUST_313,2025-05-22 08:59:00,Thiès,Orange Money,Transfert,iPhone,8301,0,0,Normal
5040,CUST_541,2025-05-14 14:28:00,Ziguinchor,Orange Money,Transfert,iPhone,52879,0,0,Normal
5041,CUST_42,2025-03-19 16:56:00,Ziguinchor,Orange Money,Paiement,iPhone,59647,0,0,Normal
5042,CUST_622,2025-01-27 09:43:00,Kaolack,Wave,Transfert,Android,17901,0,0,Normal
5043,CUST_655,2025-06-13 09:21:00,Thiès,Wave,Paiement,iPhone,17173,0,0,Normal
5044,CUST_660,2025-02-25 10:46:00,Dakar,Free Money,Retrait,Android,5461,0,0,Normal
5045,CUST_28,2025-01-22 12:24:00,Ziguinchor,Wave,Transfert,iPhone,12083,0,0,Normal
5046,CUST_817,2025-03-18 14:29:00,Kaolack,Carte Bancaire,Transfert,iPhone,43150,0,0,Normal
5047,CUST_949,2025-02-13 16:47:00,Thiès,Carte Bancaire,Transfert,Android,6771,0,0,Normal
5048,CUST_13,2025-02-14 13:44:00,Thiès,Free Money,Transfert,Android,9606,0,0,Normal
5049,CUST_155,2025-01-04 23:08:00,Saint-Louis,Wave,Transfert,iPhone,1631,0,0,Normal
5050,CUST_969,2025-04-04 10:28:00,Ziguinchor,Orange Money,Paiement,Android,33009,0,0,Normal
5051,CUST_96,2025-04-17 09:27:00,Saint-Louis,Carte Bancaire,Paiement,iPhone,43739,0,0,Normal
5052,CUST_588,2025-04-20 12:37:00,Ziguinchor,Free Money,Transfert,Android,16893,0,0,Normal
5053,CUST_438,2025-04-21 12:39:00,Dakar,Wave,Transfert,Android,35459,0,0,Normal
5054,CUST_261,2025-04-16 13:23:00,Kaolack,Wave,Paiement,Android,15070,0,0,Normal
5055,CUST_116,2025-05-19 11:00:00,Ziguinchor,Carte Bancaire,Transfert,iPhone,8474,0,0,Normal
5056,CUST_432,2025-06-28 09:47:00,Ziguinchor,Wave,Paiement,Android,29420,0,0,Normal
5057,CUST_323,2025-06-18 09:59:00,Kaolack,Wave,Retrait,iPhone,4623,0,0,Normal
5058,CUST_935,2025-03-07 20:14:00,Thiès,Carte Bancaire,Transfert,Android,26663,0,0,Normal
5059,CUST_794,2025-06-11 15:19:00,Saint-Louis,Free Money,Transfert,iPhone,24546,0,0,Normal
5060,CUST_90,2025-01-03 10:42:00,Ziguinchor,Orange Money,Transfert,iPhone,24395,0,0,Normal
5061,CUST_553,2025-05-04 14:25:00,Thiès,Orange Money,Transfert,iPhone,11086,0,0,Normal
5062,CUST_471,2025-04-01 12:09:00,Kaolack,Carte Bancaire,Paiement,iPhone,32348,0,0,Normal
5063,CUST_879,2025-01-08 22:51:00,Dakar,Free Money,Transfert,iPhone,35012,0,0,Normal
5064,CUST_766,2025-05-23 08:58:00,Thiès,Carte Bancaire,Paiement,Android,17748,0,0,Normal
5065,CUST_893,2025-03-11 13:06:00,Saint-Louis,Carte Bancaire,Transfert,iPhone,78858,0,0,Normal
5066,CUST_651,2025-04-15 12:00:00,Dakar,Wave,Retrait,iPhone,20330,0,0,Normal
5067,CUST_487,2025-03-27 02:30:00,Kaolack,Free Money,Paiement,iPhone,13539,25,0,Normal
5068,CUST_763,2025-01-09 17:11:00,Dakar,Wave,Retrait,Android,500,0,0,Normal
5069,CUST_137,2025-02-09 16:15:00,Thiès,Orange Money,Paiement,iPhone,65666,0,0,Normal
5070,CUST_931,2025-05-29 08:54:00,Dakar,Free Money,Retrait,iPhone,2449,0,0,Normal
5071,CUST_430,2025-01-22 09:34:00,Saint-Louis,Orange Money,Retrait,iPhone,47024,0,0,Normal
5072,CUST_50,2025-05-15 08:29:00,Ziguinchor,Orange Money,Paiement,iPhone,22848,0,0,Normal
5073,CUST_776,2025-02-23 12:19:00,Kaolack,Orange Money,Retrait,iPhone,14597,0,0,Normal
5074,CUST_683,2025-02-20 13:11:00,Dakar,Free Money,Retrait,iPhone,22764,0,0,Normal
5075,CUST_382,2025-02-10 11:03:00,Kaolack,Free Money,Paiement,Android,10990,35,1,Comportement suspect
5076,CUST_158,2025-02-22 10:59:00,Dakar,Carte Bancaire,Paiement,Android,8375,0,0,Normal
5077,CUST_222,2025-05-31 23:33:00,Dakar,Orange Money,Retrait,Android,5856,0,0,Normal
5078,CUST_267,2025-01-30 16:36:00,Thiès,Free Money,Paiement,iPhone,21574,0,0,Normal
5079,CUST_549,2025-01-01 12:40:00,Saint-Louis,Carte Bancaire,Paiement,iPhone,87024,35,1,Comportement suspect
5080,CUST_665,2025-03-21 12:57:00,Kaolack,Wave,Retrait,iPhone,8905,0,0,Normal
5081,CUST_693,2025-05-04 14:20:00,Saint-Louis,Carte Bancaire,Paiement,Android,5847,0,0,Normal
5082,CUST_962,2025-01-17 15:04:00,Thiès,Carte Bancaire,Retrait,iPhone,64652,0,0,Normal
5083,CUST_648,2025-05-19 15:27:00,Kaolack,Orange Money,Retrait,Android,58660,0,0,Normal
5084,CUST_272,2025-05-09 10:29:00,Thiès,Wave,Transfert,Android,500,30,0,Normal
5085,CUST_299,2025-03-24 08:03:00,Ziguinchor,Carte Bancaire,Retrait,Android,14636,0,0,Normal
5086,CUST_364,2025-04-22 05:11:00,Thiès,Orange Money,Paiement,iPhone,2120,0,0,Normal
5087,CUST_564,2025-01-18 18:21:00,Saint-Louis,Wave,Retrait,iPhone,71271,0,0,Normal
5088,CUST_907,2025-05-01 06:13:00,Ziguinchor,Wave,Transfert,Android,19122,0,0,Normal
5089,CUST_691,2025-06-19 08:48:00,Dakar,Orange Money,Paiement,iPhone,84791,0,0,Normal
5090,CUST_272,2025-06-02 11:25:00,Thiès,Orange Money,Paiement,Android,821,0,0,Normal
5091,CUST_676,2025-05-23 07:14:00,Saint-Louis,Wave,Retrait,Android,11148,0,0,Normal
5092,CUST_818,2025-02-06 12:54:00,Kaolack,Wave,Transfert,iPhone,68141,0,0,Normal
5093,CUST_800,2025-02-28 09:22:00,Ziguinchor,Carte Bancaire,Retrait,iPhone,25390,0,0,Normal
5094,CUST_427,2025-01-12 12:25:00,Kaolack,Carte Bancaire,Transfert,Android,46603,0,0,Normal
5095,CUST_632,2025-01-09 06:46:00,Thiès,Wave,Retrait,Android,71476,0,0,Normal
5096,CUST_630,2025-04-14 12:05:00,Saint-Louis,Carte Bancaire,Transfert,Android,22933,0,0,Normal
5097,CUST_206,2025-04-06 07:10:00,Ziguinchor,Carte Bancaire,Transfert,Android,36612,0,0,Normal
5098,CUST_478,2025-05-24 15:55:00,Dakar,Carte Bancaire,Transfert,Android,44185,0,0,Normal
5099,CUST_656,2025-04-12 03:27:00,Dakar,Wave,Transfert,iPhone,10556,25,0,Normal
5100,CUST_245,2025-04-16 19:40:00,Kaolack,Carte Bancaire,Paiement,Android,39852,0,0,Normal
5101,CUST_974,2025-01-25 06:12:00,Dakar,Carte Bancaire,Transfert,iPhone,36640,0,0,Normal
5102,CUST_677,2025-05-27 11:15:00,Thiès,Wave,Paiement,iPhone,32232,0,0,Normal
5103,CUST_838,2025-05-16 09:39:00,Thiès,Carte Bancaire,Transfert,Android,84830,0,0,Normal
5104,CUST_164,2025-01-19 19:44:00,Dakar,Wave,Paiement,Android,18736,0,0,Normal
5105,CUST_697,2025-01-31 15:50:00,Kaolack,Carte Bancaire,Paiement,Android,36626,35,1,Comportement suspect
5106,CUST_438,2025-06-28 18:17:00,Dakar,Carte Bancaire,Transfert,Android,35294,0,0,Normal
5107,CUST_572,2025-01-23 10:05:00,Thiès,Free Money,Transfert,iPhone,12788,0,0,Normal
5108,CUST_57,2025-05-20 13:59:00,Ziguinchor,Orange Money,Retrait,iPhone,22967,30,0,Normal
5109,CUST_915,2025-05-31 00:33:00,Thiès,Wave,Paiement,iPhone,13188,0,0,Normal
5110,CUST_327,2025-06-17 19:44:00,Dakar,Carte Bancaire,Retrait,Android,9743,0,0,Normal
5111,CUST_564,2025-04-25 10:33:00,Saint-Louis,Orange Money,Transfert,Android,9026,0,0,Normal
5112,CUST_196,2025-04-21 09:07:00,Dakar,Carte Bancaire,Paiement,iPhone,16046,65,1,Comportement suspect
5113,CUST_271,2025-03-11 05:06:00,Dakar,Orange Money,Transfert,iPhone,39196,0,0,Normal
5114,CUST_463,2025-02-21 15:44:00,Thiès,Orange Money,Paiement,iPhone,69780,0,0,Normal
5115,CUST_22,2025-06-07 15:18:00,Dakar,Wave,Transfert,Android,24205,0,0,Normal
5116,CUST_389,2025-04-01 03:44:00,Dakar,Orange Money,Retrait,Android,20427,25,0,Normal
5117,CUST_352,2025-06-04 20:02:00,Ziguinchor,Wave,Retrait,iPhone,1085,0,0,Normal
5118,CUST_993,2025-04-15 12:41:00,Thiès,Orange Money,Transfert,Android,13823,0,0,Normal
5119,CUST_128,2025-01-23 10:53:00,Kaolack,Free Money,Retrait,Android,14650,0,0,Normal
5120,CUST_287,2025-06-26 03:03:00,Ziguinchor,Wave,Retrait,Android,81794,25,0,Normal
5121,CUST_381,2025-05-08 12:52:00,Ziguinchor,Orange Money,Transfert,iPhone,44523,0,0,Normal
5122,CUST_243,2025-01-26 08:21:00,Kaolack,Wave,Retrait,iPhone,23606,0,0,Normal
5123,CUST_908,2025-05-29 15:03:00,Dakar,Free Money,Transfert,Android,26395,0,0,Normal
5124,CUST_78,2025-03-06 12:05:00,Saint-Louis,Orange Money,Transfert,iPhone,4291,0,0,Normal
5125,CUST_551,2025-06-16 15:54:00,Kaolack,Wave,Retrait,iPhone,11245,0,0,Normal
5126,CUST_568,2025-03-25 13:47:00,Thiès,Orange Money,Retrait,iPhone,50653,0,0,Normal
5127,CUST_211,2025-06-11 08:33:00,Saint-Louis,Orange Money,Paiement,Android,71030,0,0,Normal
5128,CUST_703,2025-02-01 11:29:00,Saint-Louis,Orange Money,Paiement,Android,4579,0,0,Normal
5129,CUST_668,2025-01-08 06:20:00,Kaolack,Free Money,Transfert,iPhone,59819,0,0,Normal
5130,CUST_549,2025-06-12 16:49:00,Ziguinchor,Orange Money,Paiement,iPhone,53960,0,0,Normal
5131,CUST_781,2025-02-26 15:04:00,Ziguinchor,Free Money,Retrait,iPhone,86178,0,0,Normal
5132,CUST_322,2025-06-08 14:46:00,Dakar,Free Money,Transfert,iPhone,20950,0,0,Normal
5133,CUST_820,2025-06-10 13:53:00,Ziguinchor,Carte Bancaire,Retrait,Android,20985,0,0,Normal
5134,CUST_843,2025-04-09 09:17:00,Saint-Louis,Carte Bancaire,Transfert,Android,500,0,0,Normal
5135,CUST_570,2025-04-01 06:30:00,Saint-Louis,Orange Money,Paiement,Android,5655,0,0,Normal
5136,CUST_146,2025-05-12 08:44:00,Dakar,Wave,Retrait,Android,14636,0,0,Normal
5137,CUST_207,2025-06-10 13:26:00,Kaolack,Carte Bancaire,Paiement,Android,21194,0,0,Normal
5138,CUST_68,2025-03-01 20:23:00,Saint-Louis,Wave,Transfert,Android,47373,0,0,Normal
5139,CUST_877,2025-02-20 09:35:00,Dakar,Orange Money,Paiement,iPhone,2791,0,0,Normal
5140,CUST_136,2025-02-24 09:02:00,Dakar,Free Money,Paiement,iPhone,24607,0,0,Normal
5141,CUST_929,2025-04-28 08:31:00,Thiès,Free Money,Retrait,Android,19584,0,0,Normal
5142,CUST_78,2025-05-27 11:37:00,Saint-Louis,Carte Bancaire,Transfert,Android,6035,0,0,Normal
5143,CUST_263,2025-05-02 12:46:00,Dakar,Carte Bancaire,Transfert,Android,27777,0,0,Normal
5144,CUST_127,2025-02-12 15:00:00,Dakar,Free Money,Paiement,Android,49014,0,0,Normal
5145,CUST_956,2025-02-04 12:13:00,Saint-Louis,Orange Money,Transfert,Android,35003,0,0,Normal
5146,CUST_566,2025-01-04 05:46:00,Saint-Louis,Free Money,Retrait,iPhone,46880,0,0,Normal
5147,CUST_10,2025-04-19 15:08:00,Ziguinchor,Free Money,Paiement,iPhone,500,0,0,Normal
5148,CUST_892,2025-02-13 13:01:00,Thiès,Wave,Transfert,Android,3276,0,0,Normal
5149,CUST_525,2025-04-21 18:37:00,Kaolack,Carte Bancaire,Transfert,Android,14339,0,0,Normal
5150,CUST_725,2025-01-15 11:47:00,Kaolack,Wave,Retrait,Android,44122,0,0,Normal
5151,CUST_744,2025-04-01 14:44:00,Saint-Louis,Carte Bancaire,Paiement,iPhone,43091,0,0,Normal
5152,CUST_216,2025-05-27 12:35:00,Dakar,Wave,Transfert,iPhone,12993,0,0,Normal
5153,CUST_161,2025-05-18 21:12:00,Saint-Louis,Carte Bancaire,Paiement,Android,22261,0,0,Normal
5154,CUST_703,2025-04-14 14:03:00,Saint-Louis,Free Money,Retrait,iPhone,4019,0,0,Normal
5155,CUST_18,2025-04-26 14:19:00,Dakar,Carte Bancaire,Paiement,iPhone,500,0,0,Normal
5156,CUST_833,2025-02-25 14:50:00,Saint-Louis,Wave,Transfert,Android,108070,0,0,Normal
5157,CUST_837,2025-01-10 09:31:00,Ziguinchor,Carte Bancaire,Transfert,iPhone,66178,0,0,Normal
5158,CUST_17,2025-03-21 18:39:00,Dakar,Orange Money,Paiement,Android,17199,0,0,Normal
5159,CUST_831,2025-03-22 20:33:00,Ziguinchor,Wave,Paiement,Android,44509,0,0,Normal
5160,CUST_698,2025-03-14 16:12:00,Ziguinchor,Carte Bancaire,Transfert,iPhone,47238,0,0,Normal
5161,CUST_654,2025-06-04 08:39:00,Ziguinchor,Free Money,Retrait,iPhone,1897,0,0,Normal
5162,CUST_174,2025-04-29 09:48:00,Kaolack,Carte Bancaire,Retrait,iPhone,22463,0,0,Normal
5163,CUST_710,2025-04-30 14:07:00,Dakar,Wave,Retrait,Android,500,30,0,Normal
5164,CUST_421,2025-03-04 10:53:00,Dakar,Carte Bancaire,Paiement,iPhone,4462,0,0,Normal
5165,CUST_131,2025-04-20 13:22:00,Kaolack,Wave,Paiement,iPhone,4713,0,0,Normal
5166,CUST_877,2025-06-16 14:02:00,Dakar,Free Money,Transfert,iPhone,500,0,0,Normal
5167,CUST_298,2025-06-24 17:12:00,Saint-Louis,Orange Money,Retrait,iPhone,20382,0,0,Normal
5168,CUST_81,2025-03-14 09:58:00,Thiès,Wave,Retrait,Android,16995,0,0,Normal
5169,CUST_339,2025-02-15 07:41:00,Saint-Louis,Carte Bancaire,Paiement,iPhone,9790,0,0,Normal
5170,CUST_776,2025-01-29 16:45:00,Kaolack,Free Money,Paiement,iPhone,19439,0,0,Normal
5171,CUST_170,2025-04-11 16:34:00,Saint-Louis,Free Money,Transfert,Android,14721,0,0,Normal
5172,CUST_889,2025-04-16 14:25:00,Thiès,Carte Bancaire,Transfert,iPhone,27318,0,0,Normal
5173,CUST_244,2025-03-20 10:33:00,Saint-Louis,Wave,Paiement,Android,34755,0,0,Normal
5174,CUST_915,2025-02-03 08:18:00,Thiès,Wave,Transfert,iPhone,13525,0,0,Normal
5175,CUST_643,2025-05-22 10:22:00,Saint-Louis,Wave,Paiement,Android,39113,0,0,Normal
5176,CUST_721,2025-01-22 06:28:00,Kaolack,Wave,Transfert,iPhone,3964,0,0,Normal
5177,CUST_462,2025-02-28 23:05:00,Dakar,Carte Bancaire,Paiement,Android,17280,0,0,Normal
5178,CUST_430,2025-01-25 03:21:00,Saint-Louis,Free Money,Retrait,Android,34180,25,0,Normal
5179,CUST_733,2025-02-15 12:39:00,Thiès,Free Money,Retrait,iPhone,20460,0,0,Normal
5180,CUST_696,2025-02-03 08:53:00,Thiès,Free Money,Paiement,Android,8866,0,0,Normal
5181,CUST_407,2025-06-24 10:03:00,Kaolack,Carte Bancaire,Transfert,iPhone,50106,0,0,Normal
5182,CUST_242,2025-02-05 00:24:00,Thiès,Free Money,Retrait,Android,500,0,0,Normal
5183,CUST_583,2025-01-24 12:11:00,Saint-Louis,Free Money,Paiement,iPhone,21441,0,0,Normal
5184,CUST_696,2025-02-17 16:38:00,Ziguinchor,Carte Bancaire,Paiement,Android,11708,35,1,Comportement suspect
5185,CUST_787,2025-04-15 09:25:00,Ziguinchor,Orange Money,Transfert,Android,35901,0,0,Normal
5186,CUST_565,2025-04-26 16:54:00,Ziguinchor,Orange Money,Transfert,Android,49256,0,0,Normal
5187,CUST_637,2025-05-26 06:36:00,Kaolack,Carte Bancaire,Retrait,iPhone,60088,0,0,Normal
5188,CUST_570,2025-01-03 07:26:00,Saint-Louis,Carte Bancaire,Paiement,Android,9446,0,0,Normal
5189,CUST_9,2025-03-27 09:20:00,Ziguinchor,Free Money,Transfert,Android,2758,35,1,Comportement suspect
5190,CUST_375,2025-04-04 18:43:00,Kaolack,Wave,Retrait,Android,43960,0,0,Normal
5191,CUST_545,2025-04-14 09:55:00,Ziguinchor,Orange Money,Retrait,iPhone,19704,0,0,Normal
5192,CUST_704,2025-04-06 11:20:00,Thiès,Free Money,Retrait,iPhone,13579,35,1,Comportement suspect
5193,CUST_680,2025-04-06 12:38:00,Saint-Louis,Carte Bancaire,Retrait,iPhone,84761,0,0,Normal
5194,CUST_178,2025-03-24 20:07:00,Kaolack,Free Money,Retrait,iPhone,24079,0,0,Normal
5195,CUST_558,2025-03-13 15:36:00,Ziguinchor,Wave,Paiement,Android,7834,0,0,Normal
5196,CUST_218,2025-04-15 19:37:00,Ziguinchor,Orange Money,Paiement,iPhone,16005,0,0,Normal
5197,CUST_893,2025-06-24 16:01:00,Saint-Louis,Orange Money,Paiement,iPhone,57321,0,0,Normal
5198,CUST_158,2025-03-17 12:16:00,Dakar,Wave,Transfert,Android,8231,0,0,Normal
5199,CUST_719,2025-05-29 05:03:00,Dakar,Carte Bancaire,Transfert,iPhone,1160,0,0,Normal
5200,CUST_299,2025-01-05 12:07:00,Ziguinchor,Wave,Retrait,iPhone,27985,0,0,Normal
5201,CUST_354,2025-04-12 10:13:00,Saint-Louis,Orange Money,Transfert,iPhone,7233,0,0,Normal
5202,CUST_149,2025-06-27 10:28:00,Saint-Louis,Carte Bancaire,Paiement,Android,1877,0,0,Normal
5203,CUST_746,2025-01-23 10:15:00,Ziguinchor,Wave,Retrait,Android,29487,0,0,Normal
5204,CUST_856,2025-05-20 17:45:00,Ziguinchor,Free Money,Transfert,Android,17838,0,0,Normal
5205,CUST_468,2025-01-10 07:15:00,Thiès,Wave,Paiement,Android,31541,0,0,Normal
5206,CUST_557,2025-06-09 06:44:00,Dakar,Wave,Transfert,Android,11676,0,0,Normal
5207,CUST_737,2025-05-24 13:42:00,Dakar,Wave,Paiement,Android,42564,0,0,Normal
5208,CUST_624,2025-06-14 09:14:00,Kaolack,Carte Bancaire,Paiement,Android,28686,0,0,Normal
5209,CUST_959,2025-04-29 13:36:00,Ziguinchor,Orange Money,Retrait,Android,44007,0,0,Normal
5210,CUST_690,2025-02-14 11:08:00,Kaolack,Wave,Transfert,iPhone,12418,0,0,Normal
5211,CUST_210,2025-03-03 12:19:00,Dakar,Carte Bancaire,Retrait,Android,32801,0,0,Normal
5212,CUST_224,2025-06-01 20:43:00,Dakar,Carte Bancaire,Paiement,iPhone,15274,0,0,Normal
5213,CUST_566,2025-05-31 09:49:00,Saint-Louis,Wave,Paiement,Android,64128,0,0,Normal
5214,CUST_678,2025-02-10 13:04:00,Saint-Louis,Orange Money,Transfert,Android,10297,0,0,Normal
5215,CUST_441,2025-01-18 02:01:00,Ziguinchor,Orange Money,Retrait,iPhone,7602,25,0,Normal
5216,CUST_447,2025-06-19 11:43:00,Dakar,Carte Bancaire,Paiement,Android,56772,0,0,Normal
5217,CUST_176,2025-01-07 11:40:00,Saint-Louis,Orange Money,Paiement,Android,3136,0,0,Normal
5218,CUST_375,2025-04-12 18:49:00,Kaolack,Free Money,Transfert,iPhone,50029,0,0,Normal
5219,CUST_244,2025-01-31 10:38:00,Saint-Louis,Free Money,Paiement,Android,11830,30,0,Normal
5220,CUST_416,2025-05-25 08:31:00,Thiès,Orange Money,Retrait,iPhone,56937,0,0,Normal
5221,CUST_406,2025-02-15 16:51:00,Kaolack,Free Money,Retrait,iPhone,18057,0,0,Normal
5222,CUST_152,2025-04-23 08:24:00,Ziguinchor,Free Money,Paiement,Android,11358,0,0,Normal
5223,CUST_991,2025-02-06 10:37:00,Ziguinchor,Free Money,Transfert,Android,10408,0,0,Normal
5224,CUST_865,2025-03-09 14:16:00,Ziguinchor,Orange Money,Transfert,Android,6953,0,0,Normal
5225,CUST_939,2025-05-31 22:48:00,Kaolack,Orange Money,Paiement,iPhone,10305,30,0,Normal
5226,CUST_584,2025-06-08 13:18:00,Ziguinchor,Free Money,Transfert,iPhone,30544,35,1,Comportement suspect
5227,CUST_981,2025-06-26 12:46:00,Thiès,Free Money,Paiement,iPhone,6390,0,0,Normal
5228,CUST_935,2025-03-15 08:11:00,Thiès,Wave,Transfert,Android,28666,0,0,Normal
5229,CUST_835,2025-03-16 12:48:00,Dakar,Orange Money,Paiement,iPhone,28706,0,0,Normal
5230,CUST_906,2025-06-24 06:34:00,Saint-Louis,Orange Money,Retrait,Android,6211,0,0,Normal
5231,CUST_453,2025-04-10 15:52:00,Dakar,Orange Money,Paiement,Android,51979,30,0,Normal
5232,CUST_416,2025-03-31 09:52:00,Thiès,Wave,Paiement,Android,5131,0,0,Normal
5233,CUST_584,2025-05-07 10:09:00,Dakar,Orange Money,Transfert,Android,43098,0,0,Normal
5234,CUST_424,2025-06-30 13:27:00,Ziguinchor,Free Money,Transfert,Android,7199,0,0,Normal
5235,CUST_280,2025-02-17 12:32:00,Thiès,Orange Money,Transfert,iPhone,60796,0,0,Normal
5236,CUST_43,2025-05-08 17:33:00,Ziguinchor,Wave,Paiement,Android,65853,0,0,Normal
5237,CUST_175,2025-06-13 05:38:00,Kaolack,Orange Money,Retrait,Android,22015,0,0,Normal
5238,CUST_302,2025-04-24 10:54:00,Saint-Louis,Orange Money,Transfert,Android,49898,0,0,Normal
5239,CUST_138,2025-01-05 10:19:00,Ziguinchor,Wave,Transfert,Android,17021,0,0,Normal
5240,CUST_256,2025-06-24 08:30:00,Thiès,Wave,Paiement,Android,35992,0,0,Normal
5241,CUST_437,2025-06-26 09:15:00,Saint-Louis,Orange Money,Paiement,Android,15357,0,0,Normal
5242,CUST_120,2025-06-16 19:51:00,Kaolack,Carte Bancaire,Paiement,iPhone,20567,0,0,Normal
5243,CUST_356,2025-03-20 14:56:00,Ziguinchor,Wave,Paiement,Android,500,0,0,Normal
5244,CUST_879,2025-02-05 12:06:00,Dakar,Orange Money,Paiement,Android,42834,0,0,Normal
5245,CUST_616,2025-06-30 12:14:00,Thiès,Orange Money,Retrait,iPhone,10157,0,0,Normal
5246,CUST_104,2025-06-06 09:06:00,Dakar,Free Money,Paiement,iPhone,19508,0,0,Normal
5247,CUST_995,2025-06-13 09:07:00,Kaolack,Carte Bancaire,Retrait,iPhone,7939,0,0,Normal
5248,CUST_668,2025-02-27 02:11:00,Kaolack,Wave,Transfert,Android,34862,25,0,Normal
5249,CUST_562,2025-01-26 22:00:00,Ziguinchor,Orange Money,Transfert,Android,9704,0,0,Normal
5250,CUST_148,2025-04-09 14:59:00,Ziguinchor,Free Money,Paiement,Android,12562,0,0,Normal
5251,CUST_202,2025-01-13 16:59:00,Saint-Louis,Orange Money,Transfert,iPhone,18113,0,0,Normal
5252,CUST_931,2025-05-30 19:43:00,Dakar,Orange Money,Retrait,iPhone,17558,0,0,Normal
5253,CUST_232,2025-06-25 13:09:00,Saint-Louis,Orange Money,Retrait,Android,9135,0,0,Normal
5254,CUST_56,2025-01-24 11:29:00,Kaolack,Wave,Transfert,Android,29854,0,0,Normal
5255,CUST_179,2025-06-27 13:52:00,Dakar,Wave,Paiement,iPhone,19801,0,0,Normal
5256,CUST_837,2025-03-24 15:36:00,Ziguinchor,Wave,Retrait,iPhone,56834,0,0,Normal
5257,CUST_687,2025-03-12 16:41:00,Ziguinchor,Free Money,Retrait,Android,59864,0,0,Normal
5258,CUST_894,2025-02-01 12:46:00,Ziguinchor,Wave,Paiement,iPhone,37375,0,0,Normal
5259,CUST_604,2025-06-23 08:30:00,Kaolack,Free Money,Transfert,iPhone,25133,0,0,Normal
5260,CUST_286,2025-05-22 19:13:00,Thiès,Carte Bancaire,Transfert,Android,38214,0,0,Normal
5261,CUST_740,2025-01-24 07:35:00,Dakar,Carte Bancaire,Paiement,Android,4117,0,0,Normal
5262,CUST_977,2025-02-05 07:01:00,Thiès,Carte Bancaire,Paiement,iPhone,14015,0,0,Normal
5263,CUST_596,2025-04-11 11:43:00,Ziguinchor,Wave,Paiement,iPhone,13610,0,0,Normal
5264,CUST_982,2025-03-20 09:12:00,Saint-Louis,Orange Money,Paiement,Android,54158,0,0,Normal
5265,CUST_188,2025-03-24 13:50:00,Thiès,Wave,Retrait,iPhone,52367,0,0,Normal
5266,CUST_11,2025-03-22 10:03:00,Dakar,Wave,Transfert,iPhone,5511,0,0,Normal
5267,CUST_91,2025-06-17 13:06:00,Saint-Louis,Carte Bancaire,Retrait,iPhone,25983,0,0,Normal
5268,CUST_91,2025-04-03 06:38:00,Saint-Louis,Wave,Paiement,Android,25861,0,0,Normal
5269,CUST_134,2025-06-25 11:35:00,Ziguinchor,Carte Bancaire,Retrait,Android,60710,35,1,Comportement suspect
5270,CUST_478,2025-05-17 02:52:00,Dakar,Free Money,Transfert,iPhone,38120,25,0,Normal
5271,CUST_879,2025-01-16 10:27:00,Dakar,Orange Money,Retrait,Android,41777,0,0,Normal
5272,CUST_750,2025-03-12 23:28:00,Ziguinchor,Free Money,Retrait,Android,25056,0,0,Normal
5273,CUST_519,2025-02-18 19:02:00,Kaolack,Orange Money,Transfert,Android,16083,0,0,Normal
5274,CUST_247,2025-02-24 12:52:00,Kaolack,Orange Money,Paiement,Android,6836,0,0,Normal
5275,CUST_901,2025-04-04 12:40:00,Dakar,Carte Bancaire,Paiement,Android,4906,0,0,Normal
5276,CUST_884,2025-03-20 17:07:00,Kaolack,Orange Money,Retrait,iPhone,7654,0,0,Normal
5277,CUST_324,2025-01-10 10:50:00,Dakar,Wave,Paiement,iPhone,51972,0,0,Normal
5278,CUST_736,2025-06-12 06:01:00,Dakar,Wave,Transfert,iPhone,7843,0,0,Normal
5279,CUST_838,2025-05-28 17:33:00,Thiès,Orange Money,Paiement,iPhone,40604,0,0,Normal
5280,CUST_407,2025-01-14 15:15:00,Kaolack,Free Money,Paiement,Android,59013,0,0,Normal
5281,CUST_374,2025-04-30 14:27:00,Ziguinchor,Carte Bancaire,Transfert,iPhone,2156,0,0,Normal
5282,CUST_673,2025-05-25 14:08:00,Dakar,Orange Money,Paiement,iPhone,16716,0,0,Normal
5283,CUST_673,2025-01-09 12:33:00,Dakar,Orange Money,Paiement,iPhone,30091,0,0,Normal
5284,CUST_192,2025-06-20 16:07:00,Kaolack,Wave,Paiement,Android,49220,0,0,Normal
5285,CUST_762,2025-05-29 15:53:00,Kaolack,Free Money,Transfert,Android,24024,0,0,Normal
5286,CUST_788,2025-06-26 12:44:00,Saint-Louis,Wave,Paiement,Android,18149,0,0,Normal
5287,CUST_1,2025-03-20 07:40:00,Dakar,Free Money,Transfert,Android,22471,0,0,Normal
5288,CUST_111,2025-06-21 18:52:00,Thiès,Carte Bancaire,Transfert,Android,21833,0,0,Normal
5289,CUST_558,2025-03-31 06:16:00,Ziguinchor,Carte Bancaire,Paiement,iPhone,8688,0,0,Normal
5290,CUST_839,2025-04-25 13:53:00,Kaolack,Carte Bancaire,Retrait,iPhone,42191,0,0,Normal
5291,CUST_346,2025-05-24 17:39:00,Thiès,Free Money,Retrait,Android,3195,0,0,Normal
5292,CUST_664,2025-01-12 13:26:00,Ziguinchor,Wave,Paiement,iPhone,47952,0,0,Normal
5293,CUST_839,2025-05-02 18:57:00,Kaolack,Orange Money,Transfert,Android,43011,0,0,Normal
5294,CUST_914,2025-05-29 15:08:00,Thiès,Orange Money,Retrait,iPhone,13923,0,0,Normal
5295,CUST_616,2025-03-12 14:39:00,Thiès,Orange Money,Retrait,Android,8327,0,0,Normal
5296,CUST_328,2025-02-01 09:21:00,Thiès,Free Money,Retrait,iPhone,60112,0,0,Normal
5297,CUST_176,2025-06-09 11:14:00,Saint-Louis,Wave,Retrait,Android,4142,0,0,Normal
5298,CUST_883,2025-06-12 09:02:00,Kaolack,Wave,Retrait,iPhone,44607,0,0,Normal
5299,CUST_157,2025-03-12 14:12:00,Dakar,Wave,Transfert,Android,9505,0,0,Normal
5300,CUST_281,2025-05-28 18:25:00,Thiès,Carte Bancaire,Paiement,Android,34350,0,0,Normal
5301,CUST_476,2025-03-07 05:06:00,Ziguinchor,Free Money,Transfert,iPhone,27174,0,0,Normal
5302,CUST_960,2025-06-18 13:44:00,Ziguinchor,Free Money,Transfert,iPhone,20015,0,0,Normal
5303,CUST_836,2025-04-25 09:25:00,Kaolack,Free Money,Transfert,iPhone,17168,0,0,Normal
5304,CUST_592,2025-05-22 10:13:00,Kaolack,Carte Bancaire,Transfert,iPhone,13250,0,0,Normal
5305,CUST_431,2025-04-03 21:08:00,Saint-Louis,Wave,Paiement,iPhone,13217,0,0,Normal
5306,CUST_587,2025-02-18 12:41:00,Thiès,Orange Money,Paiement,iPhone,18063,0,0,Normal
5307,CUST_813,2025-03-08 09:09:00,Dakar,Orange Money,Retrait,iPhone,4225,0,0,Normal
5308,CUST_117,2025-04-25 07:54:00,Dakar,Orange Money,Transfert,Android,11755,0,0,Normal
5309,CUST_535,2025-04-23 14:47:00,Ziguinchor,Free Money,Retrait,Android,8231,0,0,Normal
5310,CUST_606,2025-04-12 21:14:00,Ziguinchor,Orange Money,Retrait,iPhone,35319,0,0,Normal
5311,CUST_1000,2025-02-04 14:07:00,Dakar,Carte Bancaire,Retrait,Android,37948,0,0,Normal
5312,CUST_273,2025-02-17 09:25:00,Saint-Louis,Free Money,Transfert,Android,34286,0,0,Normal
5313,CUST_676,2025-02-14 14:41:00,Saint-Louis,Wave,Retrait,Android,19966,0,0,Normal
5314,CUST_408,2025-04-03 16:16:00,Dakar,Orange Money,Retrait,Android,11601,0,0,Normal
5315,CUST_715,2025-01-26 09:43:00,Dakar,Wave,Paiement,Android,54790,0,0,Normal
5316,CUST_878,2025-02-24 15:33:00,Thiès,Wave,Retrait,Android,45978,0,0,Normal
5317,CUST_119,2025-02-19 13:07:00,Ziguinchor,Wave,Retrait,iPhone,55083,0,0,Normal
5318,CUST_649,2025-06-21 12:18:00,Saint-Louis,Free Money,Paiement,Android,24204,0,0,Normal
5319,CUST_282,2025-04-10 05:21:00,Saint-Louis,Orange Money,Transfert,Android,28850,0,0,Normal
5320,CUST_932,2025-05-15 13:00:00,Ziguinchor,Free Money,Paiement,iPhone,38234,0,0,Normal
5321,CUST_175,2025-05-08 01:34:00,Kaolack,Orange Money,Retrait,Android,21045,25,0,Normal
5322,CUST_641,2025-03-17 07:00:00,Kaolack,Free Money,Paiement,Android,28953,0,0,Normal
5323,CUST_162,2025-02-08 16:52:00,Ziguinchor,Wave,Retrait,Android,29136,0,0,Normal
5324,CUST_267,2025-04-14 13:26:00,Thiès,Wave,Transfert,iPhone,30797,0,0,Normal
5325,CUST_332,2025-06-10 14:57:00,Ziguinchor,Orange Money,Paiement,Android,13755,0,0,Normal
5326,CUST_657,2025-05-27 10:52:00,Thiès,Wave,Paiement,Android,8832,0,0,Normal
5327,CUST_375,2025-05-02 13:05:00,Kaolack,Free Money,Paiement,iPhone,45129,0,0,Normal
5328,CUST_369,2025-05-23 12:49:00,Ziguinchor,Wave,Retrait,iPhone,20849,0,0,Normal
5329,CUST_624,2025-03-01 15:19:00,Kaolack,Wave,Retrait,iPhone,54234,0,0,Normal
5330,CUST_145,2025-02-11 16:43:00,Dakar,Wave,Transfert,iPhone,24117,0,0,Normal
5331,CUST_640,2025-02-19 13:20:00,Dakar,Free Money,Paiement,iPhone,50126,0,0,Normal
5332,CUST_973,2025-01-13 10:42:00,Thiès,Carte Bancaire,Paiement,iPhone,2270,0,0,Normal
5333,CUST_776,2025-06-12 19:57:00,Kaolack,Carte Bancaire,Retrait,iPhone,11644,0,0,Normal
5334,CUST_169,2025-06-08 20:36:00,Thiès,Free Money,Paiement,iPhone,36924,0,0,Normal
5335,CUST_141,2025-01-24 10:54:00,Thiès,Free Money,Transfert,iPhone,36487,0,0,Normal
5336,CUST_832,2025-02-19 14:46:00,Ziguinchor,Orange Money,Paiement,iPhone,500,0,0,Normal
5337,CUST_320,2025-01-23 14:09:00,Kaolack,Free Money,Paiement,iPhone,7602,0,0,Normal
5338,CUST_242,2025-04-07 07:49:00,Kaolack,Free Money,Paiement,Android,13766,35,1,Comportement suspect
5339,CUST_505,2025-04-27 08:17:00,Ziguinchor,Wave,Paiement,iPhone,73017,0,0,Normal
5340,CUST_281,2025-03-10 15:11:00,Thiès,Orange Money,Transfert,iPhone,24856,0,0,Normal
5341,CUST_431,2025-01-10 16:35:00,Saint-Louis,Carte Bancaire,Retrait,iPhone,11271,0,0,Normal
5342,CUST_790,2025-03-07 15:50:00,Ziguinchor,Free Money,Retrait,Android,16534,0,0,Normal
5343,CUST_850,2025-01-01 10:51:00,Dakar,Orange Money,Retrait,iPhone,14340,0,0,Normal
5344,CUST_772,2025-01-23 11:03:00,Thiès,Wave,Paiement,iPhone,14026,0,0,Normal
5345,CUST_142,2025-06-04 00:06:00,Thiès,Free Money,Paiement,Android,9776,0,0,Normal
5346,CUST_738,2025-04-07 16:08:00,Ziguinchor,Free Money,Paiement,iPhone,37937,0,0,Normal
5347,CUST_90,2025-04-05 16:47:00,Ziguinchor,Orange Money,Retrait,iPhone,17895,0,0,Normal
5348,CUST_572,2025-01-19 13:30:00,Thiès,Wave,Paiement,Android,20034,0,0,Normal
5349,CUST_198,2025-04-12 08:22:00,Dakar,Carte Bancaire,Paiement,Android,3279,0,0,Normal
5350,CUST_770,2025-04-02 06:39:00,Dakar,Carte Bancaire,Paiement,iPhone,23642,0,0,Normal
5351,CUST_714,2025-05-15 08:34:00,Ziguinchor,Orange Money,Transfert,Android,27471,0,0,Normal
5352,CUST_923,2025-06-23 11:59:00,Kaolack,Carte Bancaire,Transfert,Android,1968,0,0,Normal
5353,CUST_802,2025-05-04 20:39:00,Kaolack,Wave,Retrait,iPhone,40442,0,0,Normal
5354,CUST_717,2025-01-30 15:06:00,Thiès,Orange Money,Paiement,Android,58529,0,0,Normal
5355,CUST_590,2025-06-25 13:06:00,Kaolack,Orange Money,Paiement,Android,9997,0,0,Normal
5356,CUST_457,2025-05-31 18:13:00,Kaolack,Carte Bancaire,Retrait,iPhone,22851,0,0,Normal
5357,CUST_367,2025-03-13 09:20:00,Saint-Louis,Carte Bancaire,Paiement,iPhone,7706,0,0,Normal
5358,CUST_790,2025-04-09 03:11:00,Ziguinchor,Wave,Retrait,Android,12529,25,0,Normal
5359,CUST_449,2025-05-18 18:07:00,Thiès,Orange Money,Transfert,iPhone,6652,0,0,Normal
5360,CUST_954,2025-02-12 11:31:00,Ziguinchor,Carte Bancaire,Retrait,Android,31133,0,0,Normal
5361,CUST_471,2025-02-16 15:24:00,Kaolack,Wave,Transfert,iPhone,500,0,0,Normal
5362,CUST_641,2025-01-22 08:31:00,Kaolack,Free Money,Transfert,iPhone,46703,0,0,Normal
5363,CUST_228,2025-05-08 13:13:00,Saint-Louis,Free Money,Transfert,Android,57165,0,0,Normal
5364,CUST_963,2025-05-07 20:52:00,Ziguinchor,Wave,Retrait,Android,45010,0,0,Normal
5365,CUST_570,2025-06-25 11:26:00,Saint-Louis,Wave,Retrait,Android,8035,0,0,Normal
5366,CUST_291,2025-01-10 11:40:00,Ziguinchor,Orange Money,Transfert,iPhone,17428,0,0,Normal
5367,CUST_167,2025-06-05 19:49:00,Saint-Louis,Carte Bancaire,Retrait,Android,46137,0,0,Normal
5368,CUST_928,2025-01-31 17:18:00,Ziguinchor,Free Money,Transfert,iPhone,28093,0,0,Normal
5369,CUST_330,2025-06-23 10:53:00,Ziguinchor,Wave,Paiement,iPhone,67248,0,0,Normal
5370,CUST_909,2025-04-04 18:38:00,Kaolack,Orange Money,Transfert,iPhone,18689,0,0,Normal
5371,CUST_137,2025-02-06 06:39:00,Thiès,Wave,Paiement,Android,19265,0,0,Normal
5372,CUST_32,2025-04-02 17:02:00,Thiès,Carte Bancaire,Retrait,Android,3766,0,0,Normal
5373,CUST_938,2025-06-04 12:16:00,Kaolack,Carte Bancaire,Transfert,iPhone,7507,0,0,Normal
5374,CUST_416,2025-02-17 11:02:00,Thiès,Orange Money,Paiement,Android,33320,0,0,Normal
5375,CUST_931,2025-06-06 21:21:00,Dakar,Orange Money,Paiement,Android,18420,0,0,Normal
5376,CUST_41,2025-03-30 07:33:00,Saint-Louis,Free Money,Retrait,iPhone,25222,0,0,Normal
5377,CUST_151,2025-01-03 15:30:00,Saint-Louis,Orange Money,Paiement,Android,16207,0,0,Normal
5378,CUST_740,2025-01-30 11:57:00,Dakar,Wave,Transfert,iPhone,5701,0,0,Normal
5379,CUST_985,2025-02-25 12:55:00,Ziguinchor,Wave,Paiement,Android,1724,0,0,Normal
5380,CUST_204,2025-03-05 21:59:00,Thiès,Wave,Transfert,Android,13758,0,0,Normal
5381,CUST_426,2025-01-15 09:23:00,Kaolack,Carte Bancaire,Transfert,Android,47614,0,0,Normal
5382,CUST_340,2025-02-07 10:41:00,Kaolack,Free Money,Retrait,iPhone,52540,0,0,Normal
5383,CUST_447,2025-06-16 05:58:00,Dakar,Free Money,Retrait,iPhone,23327,0,0,Normal
5384,CUST_847,2025-05-13 10:34:00,Dakar,Orange Money,Transfert,Android,24973,0,0,Normal
5385,CUST_132,2025-05-22 11:20:00,Saint-Louis,Wave,Transfert,iPhone,41549,0,0,Normal
5386,CUST_965,2025-01-24 15:42:00,Thiès,Orange Money,Paiement,Android,15499,0,0,Normal
5387,CUST_460,2025-05-29 15:33:00,Dakar,Orange Money,Paiement,iPhone,11952,0,0,Normal
5388,CUST_935,2025-04-07 00:06:00,Thiès,Carte Bancaire,Retrait,Android,72459,0,0,Normal
5389,CUST_173,2025-06-03 04:58:00,Saint-Louis,Orange Money,Retrait,iPhone,20172,25,0,Normal
5390,CUST_15,2025-05-18 12:16:00,Saint-Louis,Free Money,Paiement,Android,27173,0,0,Normal
5391,CUST_305,2025-06-29 13:39:00,Kaolack,Wave,Transfert,iPhone,9912,0,0,Normal
5392,CUST_947,2025-06-22 08:28:00,Dakar,Free Money,Transfert,iPhone,60386,0,0,Normal
5393,CUST_108,2025-02-27 23:14:00,Dakar,Orange Money,Paiement,iPhone,28100,0,0,Normal
5394,CUST_406,2025-03-09 16:04:00,Kaolack,Orange Money,Paiement,iPhone,18077,0,0,Normal
5395,CUST_212,2025-04-09 21:47:00,Saint-Louis,Wave,Paiement,Android,16993,0,0,Normal
5396,CUST_843,2025-03-03 04:30:00,Saint-Louis,Carte Bancaire,Paiement,iPhone,87706,25,0,Normal
5397,CUST_761,2025-05-28 10:33:00,Thiès,Carte Bancaire,Retrait,Android,53589,0,0,Normal
5398,CUST_532,2025-01-10 10:42:00,Saint-Louis,Carte Bancaire,Transfert,Android,93765,0,0,Normal
5399,CUST_385,2025-06-08 11:41:00,Ziguinchor,Carte Bancaire,Transfert,iPhone,26669,0,0,Normal
5400,CUST_125,2025-04-08 09:01:00,Kaolack,Free Money,Paiement,Android,40767,0,0,Normal
5401,CUST_647,2025-02-14 08:04:00,Dakar,Carte Bancaire,Transfert,Android,13893,0,0,Normal
5402,CUST_316,2025-03-10 08:58:00,Saint-Louis,Free Money,Paiement,iPhone,61252,0,0,Normal
5403,CUST_686,2025-06-03 03:23:00,Kaolack,Free Money,Paiement,Android,3441,25,0,Normal
5404,CUST_488,2025-01-03 22:21:00,Saint-Louis,Wave,Paiement,iPhone,77451,0,0,Normal
5405,CUST_542,2025-05-13 10:18:00,Kaolack,Wave,Transfert,iPhone,52633,0,0,Normal
5406,CUST_658,2025-04-18 11:58:00,Kaolack,Wave,Paiement,iPhone,26559,0,0,Normal
5407,CUST_761,2025-06-11 15:02:00,Thiès,Wave,Paiement,iPhone,8202,0,0,Normal
5408,CUST_677,2025-03-10 03:34:00,Thiès,Free Money,Paiement,iPhone,53573,25,0,Normal
5409,CUST_459,2025-02-17 07:08:00,Ziguinchor,Carte Bancaire,Transfert,iPhone,57132,0,0,Normal
5410,CUST_71,2025-04-01 12:59:00,Ziguinchor,Free Money,Transfert,Android,500,0,0,Normal
5411,CUST_518,2025-06-23 07:35:00,Thiès,Orange Money,Retrait,iPhone,38461,30,0,Normal
5412,CUST_251,2025-05-27 07:50:00,Ziguinchor,Orange Money,Retrait,iPhone,500,0,0,Normal
5413,CUST_285,2025-05-16 13:47:00,Thiès,Wave,Retrait,iPhone,14271,0,0,Normal
5414,CUST_631,2025-03-13 12:56:00,Thiès,Wave,Paiement,Android,7826,0,0,Normal
5415,CUST_480,2025-01-12 12:10:00,Ziguinchor,Wave,Retrait,Android,11248,0,0,Normal
5416,CUST_964,2025-06-18 16:50:00,Saint-Louis,Wave,Retrait,iPhone,20718,0,0,Normal
5417,CUST_305,2025-02-08 13:31:00,Kaolack,Wave,Transfert,iPhone,33427,0,0,Normal
5418,CUST_566,2025-05-01 17:05:00,Saint-Louis,Free Money,Retrait,iPhone,32749,0,0,Normal
5419,CUST_39,2025-05-04 18:54:00,Kaolack,Wave,Paiement,Android,500,0,0,Normal
5420,CUST_103,2025-05-06 09:14:00,Thiès,Wave,Paiement,Android,19826,0,0,Normal
5421,CUST_694,2025-03-25 14:15:00,Thiès,Wave,Transfert,iPhone,14718,0,0,Normal
5422,CUST_676,2025-05-12 16:40:00,Saint-Louis,Carte Bancaire,Transfert,Android,23709,0,0,Normal
5423,CUST_244,2025-01-01 19:59:00,Saint-Louis,Free Money,Transfert,iPhone,33072,0,0,Normal
5424,CUST_46,2025-04-14 17:11:00,Thiès,Free Money,Retrait,iPhone,15858,0,0,Normal
5425,CUST_902,2025-03-08 09:29:00,Thiès,Free Money,Retrait,iPhone,13693,0,0,Normal
5426,CUST_815,2025-04-13 13:52:00,Kaolack,Free Money,Retrait,iPhone,12061,0,0,Normal
5427,CUST_824,2025-01-14 23:39:00,Kaolack,Orange Money,Transfert,iPhone,43808,0,0,Normal
5428,CUST_459,2025-03-15 17:08:00,Ziguinchor,Wave,Transfert,iPhone,24723,0,0,Normal
5429,CUST_502,2025-02-04 06:54:00,Kaolack,Free Money,Retrait,Android,24375,0,0,Normal
5430,CUST_534,2025-01-01 08:56:00,Kaolack,Free Money,Paiement,iPhone,55037,0,0,Normal
5431,CUST_143,2025-03-12 09:53:00,Ziguinchor,Orange Money,Transfert,iPhone,20903,0,0,Normal
5432,CUST_956,2025-01-22 14:54:00,Saint-Louis,Orange Money,Paiement,iPhone,32945,0,0,Normal
5433,CUST_884,2025-05-27 08:28:00,Kaolack,Orange Money,Retrait,Android,9050,0,0,Normal
5434,CUST_871,2025-05-24 09:43:00,Ziguinchor,Orange Money,Transfert,iPhone,72466,0,0,Normal
5435,CUST_839,2025-01-02 20:24:00,Kaolack,Orange Money,Transfert,Android,33643,0,0,Normal
5436,CUST_624,2025-06-08 21:13:00,Kaolack,Carte Bancaire,Retrait,iPhone,105070,0,0,Normal
5437,CUST_217,2025-06-14 19:02:00,Kaolack,Orange Money,Transfert,iPhone,4443,0,0,Normal
5438,CUST_503,2025-01-08 15:31:00,Dakar,Wave,Paiement,iPhone,69918,0,0,Normal
5439,CUST_580,2025-04-14 12:30:00,Saint-Louis,Orange Money,Retrait,iPhone,1664,0,0,Normal
5440,CUST_714,2025-06-12 17:40:00,Ziguinchor,Orange Money,Paiement,iPhone,39867,0,0,Normal
5441,CUST_10,2025-03-02 16:02:00,Ziguinchor,Wave,Retrait,Android,62327,0,0,Normal
5442,CUST_107,2025-05-14 22:15:00,Dakar,Orange Money,Transfert,Android,20811,0,0,Normal
5443,CUST_433,2025-02-06 13:52:00,Ziguinchor,Orange Money,Paiement,iPhone,19984,0,0,Normal
5444,CUST_449,2025-02-16 16:32:00,Thiès,Orange Money,Paiement,iPhone,32144,0,0,Normal
5445,CUST_126,2025-04-22 18:45:00,Kaolack,Free Money,Retrait,iPhone,59330,0,0,Normal
5446,CUST_626,2025-03-16 12:44:00,Thiès,Wave,Retrait,iPhone,12665,0,0,Normal
5447,CUST_583,2025-05-07 15:23:00,Saint-Louis,Free Money,Retrait,iPhone,500,0,0,Normal
5448,CUST_385,2025-02-02 13:46:00,Ziguinchor,Free Money,Paiement,iPhone,38972,0,0,Normal
5449,CUST_689,2025-03-16 06:09:00,Thiès,Orange Money,Paiement,Android,14373,0,0,Normal
5450,CUST_151,2025-06-08 00:20:00,Saint-Louis,Wave,Paiement,Android,13159,0,0,Normal
5451,CUST_875,2025-01-23 19:08:00,Ziguinchor,Orange Money,Paiement,iPhone,36395,0,0,Normal
5452,CUST_755,2025-04-28 15:11:00,Saint-Louis,Carte Bancaire,Transfert,Android,54229,0,0,Normal
5453,CUST_869,2025-03-01 09:14:00,Kaolack,Wave,Transfert,Android,19745,0,0,Normal
5454,CUST_169,2025-04-23 18:59:00,Thiès,Free Money,Retrait,Android,55889,0,0,Normal
5455,CUST_595,2025-05-06 14:50:00,Saint-Louis,Carte Bancaire,Transfert,iPhone,55486,0,0,Normal
5456,CUST_134,2025-05-09 10:46:00,Kaolack,Orange Money,Transfert,Android,71468,0,0,Normal
5457,CUST_86,2025-01-20 11:30:00,Dakar,Carte Bancaire,Transfert,iPhone,18699,0,0,Normal
5458,CUST_118,2025-05-25 10:24:00,Thiès,Wave,Paiement,iPhone,23538,30,0,Normal
5459,CUST_895,2025-06-09 09:58:00,Kaolack,Orange Money,Transfert,Android,13837,0,0,Normal
5460,CUST_122,2025-03-14 14:56:00,Ziguinchor,Orange Money,Retrait,iPhone,25501,0,0,Normal
5461,CUST_59,2025-06-25 15:09:00,Thiès,Wave,Transfert,Android,29572,0,0,Normal
5462,CUST_473,2025-05-11 06:06:00,Ziguinchor,Free Money,Paiement,iPhone,24790,0,0,Normal
5463,CUST_926,2025-02-01 06:06:00,Thiès,Free Money,Transfert,Android,44055,0,0,Normal
5464,CUST_344,2025-05-19 07:23:00,Ziguinchor,Free Money,Retrait,Android,73129,0,0,Normal
5465,CUST_84,2025-06-15 08:17:00,Thiès,Orange Money,Retrait,Android,14181,0,0,Normal
5466,CUST_420,2025-02-07 12:36:00,Ziguinchor,Wave,Transfert,iPhone,24743,0,0,Normal
5467,CUST_682,2025-05-11 11:52:00,Saint-Louis,Free Money,Retrait,iPhone,37073,0,0,Normal
5468,CUST_710,2025-04-25 15:04:00,Dakar,Wave,Transfert,iPhone,28051,0,0,Normal
5469,CUST_781,2025-03-25 04:04:00,Ziguinchor,Carte Bancaire,Transfert,iPhone,56429,25,0,Normal
5470,CUST_928,2025-06-20 08:07:00,Ziguinchor,Orange Money,Transfert,Android,53065,30,0,Normal
5471,CUST_938,2025-03-23 14:56:00,Kaolack,Free Money,Paiement,Android,22038,0,0,Normal
5472,CUST_659,2025-06-16 17:04:00,Ziguinchor,Carte Bancaire,Transfert,Android,8228,0,0,Normal
5473,CUST_209,2025-06-11 11:00:00,Saint-Louis,Wave,Transfert,iPhone,500,30,0,Normal
5474,CUST_203,2025-04-05 05:33:00,Ziguinchor,Orange Money,Retrait,iPhone,2094,0,0,Normal
5475,CUST_211,2025-01-30 11:03:00,Saint-Louis,Free Money,Transfert,iPhone,27889,0,0,Normal
5476,CUST_251,2025-01-09 09:21:00,Ziguinchor,Free Money,Transfert,Android,10921,30,0,Normal
5477,CUST_364,2025-05-16 10:23:00,Thiès,Carte Bancaire,Retrait,Android,6125,0,0,Normal
5478,CUST_695,2025-03-21 14:47:00,Thiès,Carte Bancaire,Retrait,iPhone,33899,0,0,Normal
5479,CUST_730,2025-04-11 15:42:00,Saint-Louis,Wave,Retrait,Android,31904,0,0,Normal
5480,CUST_336,2025-01-23 12:22:00,Ziguinchor,Free Money,Paiement,Android,47964,0,0,Normal
5481,CUST_140,2025-05-11 07:09:00,Ziguinchor,Carte Bancaire,Transfert,Android,77463,0,0,Normal
5482,CUST_304,2025-01-18 11:07:00,Ziguinchor,Orange Money,Transfert,iPhone,53621,0,0,Normal
5483,CUST_193,2025-03-01 11:51:00,Thiès,Wave,Transfert,iPhone,38056,0,0,Normal
5484,CUST_606,2025-05-07 14:07:00,Ziguinchor,Wave,Paiement,iPhone,29763,0,0,Normal
5485,CUST_6,2025-06-13 12:17:00,Thiès,Carte Bancaire,Paiement,Android,33736,0,0,Normal
5486,CUST_242,2025-02-27 12:50:00,Thiès,Carte Bancaire,Paiement,Android,15167,0,0,Normal
5487,CUST_151,2025-04-24 15:20:00,Saint-Louis,Orange Money,Retrait,Android,30050,0,0,Normal
5488,CUST_421,2025-05-01 09:50:00,Dakar,Orange Money,Retrait,Android,5650,0,0,Normal
5489,CUST_292,2025-04-30 13:16:00,Saint-Louis,Free Money,Retrait,Android,19430,0,0,Normal
5490,CUST_659,2025-05-12 09:20:00,Ziguinchor,Free Money,Transfert,iPhone,8700,0,0,Normal
5491,CUST_200,2025-02-22 07:32:00,Ziguinchor,Carte Bancaire,Paiement,iPhone,15006,0,0,Normal
5492,CUST_869,2025-02-17 20:24:00,Kaolack,Wave,Paiement,Android,22041,0,0,Normal
5493,CUST_984,2025-02-25 06:40:00,Thiès,Free Money,Retrait,iPhone,23295,0,0,Normal
5494,CUST_480,2025-05-04 13:47:00,Ziguinchor,Carte Bancaire,Transfert,Android,18482,0,0,Normal
5495,CUST_767,2025-02-10 20:34:00,Kaolack,Wave,Retrait,Android,45991,0,0,Normal
5496,CUST_808,2025-02-24 15:40:00,Dakar,Orange Money,Paiement,iPhone,9980,0,0,Normal
5497,CUST_692,2025-02-20 13:14:00,Ziguinchor,Carte Bancaire,Transfert,iPhone,11153,0,0,Normal
5498,CUST_652,2025-01-07 18:19:00,Thiès,Wave,Paiement,iPhone,16248,0,0,Normal
5499,CUST_840,2025-03-02 09:41:00,Kaolack,Orange Money,Transfert,iPhone,8730,0,0,Normal
5500,CUST_757,2025-06-03 02:19:00,Thiès,Carte Bancaire,Retrait,Android,41762,25,0,Normal
5501,CUST_183,2025-01-26 07:54:00,Thiès,Carte Bancaire,Retrait,Android,39913,0,0,Normal
5502,CUST_53,2025-04-20 16:21:00,Ziguinchor,Wave,Retrait,iPhone,14217,0,0,Normal
5503,CUST_389,2025-05-03 17:28:00,Thiès,Orange Money,Retrait,Android,46660,35,1,Comportement suspect
5504,CUST_977,2025-05-07 15:56:00,Thiès,Carte Bancaire,Transfert,Android,5559,0,0,Normal
5505,CUST_983,2025-05-22 14:49:00,Kaolack,Free Money,Paiement,Android,12194,0,0,Normal
5506,CUST_711,2025-03-07 12:04:00,Ziguinchor,Carte Bancaire,Transfert,Android,24866,0,0,Normal
5507,CUST_793,2025-06-15 16:45:00,Kaolack,Carte Bancaire,Transfert,Android,38230,0,0,Normal
5508,CUST_271,2025-04-15 11:03:00,Dakar,Wave,Retrait,iPhone,33219,0,0,Normal
5509,CUST_815,2025-03-10 10:35:00,Kaolack,Carte Bancaire,Transfert,iPhone,15209,0,0,Normal
5510,CUST_667,2025-01-17 10:18:00,Saint-Louis,Wave,Paiement,Android,42388,0,0,Normal
5511,CUST_196,2025-01-21 08:49:00,Saint-Louis,Free Money,Transfert,iPhone,13037,0,0,Normal
5512,CUST_857,2025-06-16 11:45:00,Kaolack,Orange Money,Transfert,iPhone,40157,0,0,Normal
5513,CUST_391,2025-01-16 09:42:00,Kaolack,Orange Money,Transfert,iPhone,13593,0,0,Normal
5514,CUST_45,2025-05-10 09:37:00,Saint-Louis,Carte Bancaire,Transfert,Android,500,0,0,Normal
5515,CUST_86,2025-03-23 15:16:00,Dakar,Wave,Retrait,Android,3338,0,0,Normal
5516,CUST_256,2025-03-28 12:28:00,Thiès,Carte Bancaire,Transfert,iPhone,35650,0,0,Normal
5517,CUST_89,2025-05-11 07:38:00,Ziguinchor,Wave,Retrait,iPhone,24598,0,0,Normal
5518,CUST_997,2025-03-15 09:03:00,Kaolack,Orange Money,Retrait,iPhone,13183,0,0,Normal
5519,CUST_85,2025-03-05 11:33:00,Dakar,Free Money,Transfert,Android,3374,0,0,Normal
5520,CUST_490,2025-04-21 12:54:00,Saint-Louis,Free Money,Retrait,iPhone,36192,0,0,Normal
5521,CUST_210,2025-06-30 08:03:00,Dakar,Wave,Transfert,iPhone,36901,0,0,Normal
5522,CUST_633,2025-05-18 12:40:00,Saint-Louis,Wave,Transfert,iPhone,8628,0,0,Normal
5523,CUST_506,2025-04-08 09:34:00,Kaolack,Orange Money,Retrait,iPhone,28233,0,0,Normal
5524,CUST_504,2025-03-29 12:44:00,Saint-Louis,Orange Money,Paiement,Android,60056,0,0,Normal
5525,CUST_704,2025-03-17 13:31:00,Dakar,Carte Bancaire,Retrait,iPhone,24196,0,0,Normal
5526,CUST_688,2025-05-16 09:38:00,Thiès,Wave,Retrait,Android,21075,0,0,Normal
5527,CUST_851,2025-02-25 23:55:00,Ziguinchor,Orange Money,Retrait,iPhone,57181,0,0,Normal
5528,CUST_626,2025-04-26 15:10:00,Thiès,Orange Money,Transfert,iPhone,2057,0,0,Normal
5529,CUST_967,2025-05-17 01:47:00,Ziguinchor,Carte Bancaire,Paiement,iPhone,500,25,0,Normal
5530,CUST_713,2025-02-27 11:33:00,Thiès,Carte Bancaire,Transfert,Android,16129,35,1,Comportement suspect
5531,CUST_665,2025-06-21 16:12:00,Kaolack,Orange Money,Paiement,Android,15863,0,0,Normal
5532,CUST_208,2025-03-09 08:18:00,Thiès,Wave,Retrait,Android,48551,0,0,Normal
5533,CUST_86,2025-04-02 13:12:00,Dakar,Carte Bancaire,Transfert,Android,17997,0,0,Normal
5534,CUST_712,2025-03-04 14:50:00,Thiès,Free Money,Transfert,Android,63744,0,0,Normal
5535,CUST_94,2025-01-31 23:52:00,Ziguinchor,Orange Money,Paiement,iPhone,65559,0,0,Normal
5536,CUST_572,2025-03-03 17:17:00,Thiès,Free Money,Transfert,iPhone,14196,0,0,Normal
5537,CUST_677,2025-01-22 17:14:00,Thiès,Orange Money,Retrait,iPhone,19859,0,0,Normal
5538,CUST_498,2025-02-13 08:32:00,Saint-Louis,Orange Money,Retrait,Android,18787,0,0,Normal
5539,CUST_254,2025-06-22 08:28:00,Saint-Louis,Orange Money,Transfert,Android,30637,0,0,Normal
5540,CUST_650,2025-04-24 12:33:00,Ziguinchor,Carte Bancaire,Transfert,Android,17469,0,0,Normal
5541,CUST_377,2025-06-21 15:17:00,Kaolack,Free Money,Paiement,Android,15248,0,0,Normal
5542,CUST_323,2025-05-30 13:05:00,Kaolack,Carte Bancaire,Transfert,Android,3791,0,0,Normal
5543,CUST_7,2025-06-15 11:08:00,Ziguinchor,Wave,Paiement,Android,51647,0,0,Normal
5544,CUST_574,2025-04-18 22:10:00,Saint-Louis,Carte Bancaire,Retrait,iPhone,27545,0,0,Normal
5545,CUST_715,2025-01-02 14:29:00,Dakar,Wave,Retrait,iPhone,31746,0,0,Normal
5546,CUST_610,2025-01-04 18:53:00,Saint-Louis,Wave,Paiement,iPhone,8866,0,0,Normal
5547,CUST_899,2025-03-07 09:42:00,Dakar,Carte Bancaire,Transfert,Android,20028,0,0,Normal
5548,CUST_290,2025-03-06 02:32:00,Kaolack,Wave,Paiement,Android,39673,25,0,Normal
5549,CUST_410,2025-02-02 11:13:00,Dakar,Orange Money,Transfert,iPhone,20549,35,1,Comportement suspect
5550,CUST_507,2025-03-08 13:13:00,Thiès,Wave,Retrait,Android,65125,0,0,Normal
5551,CUST_621,2025-03-21 12:22:00,Thiès,Wave,Transfert,Android,47626,0,0,Normal
5552,CUST_334,2025-03-07 12:32:00,Kaolack,Free Money,Paiement,Android,48888,0,0,Normal
5553,CUST_166,2025-01-13 15:20:00,Thiès,Wave,Transfert,Android,26888,0,0,Normal
5554,CUST_566,2025-04-03 17:58:00,Saint-Louis,Orange Money,Transfert,iPhone,67051,0,0,Normal
5555,CUST_944,2025-02-22 11:12:00,Kaolack,Orange Money,Transfert,iPhone,29531,0,0,Normal
5556,CUST_393,2025-01-22 08:08:00,Saint-Louis,Orange Money,Retrait,Android,11335,0,0,Normal
5557,CUST_892,2025-06-04 07:40:00,Thiès,Wave,Paiement,Android,7479,0,0,Normal
5558,CUST_470,2025-06-22 15:21:00,Thiès,Wave,Transfert,iPhone,16963,0,0,Normal
5559,CUST_424,2025-02-12 00:21:00,Ziguinchor,Free Money,Retrait,iPhone,18691,0,0,Normal
5560,CUST_55,2025-03-14 09:42:00,Dakar,Wave,Retrait,Android,1898,0,0,Normal
5561,CUST_823,2025-04-04 15:45:00,Dakar,Free Money,Retrait,iPhone,17239,0,0,Normal
5562,CUST_789,2025-02-11 04:25:00,Kaolack,Carte Bancaire,Retrait,iPhone,57705,25,0,Normal
5563,CUST_93,2025-02-21 16:21:00,Saint-Louis,Free Money,Paiement,iPhone,14067,0,0,Normal
5564,CUST_964,2025-01-08 22:05:00,Saint-Louis,Wave,Transfert,iPhone,5133,0,0,Normal
5565,CUST_890,2025-06-08 06:52:00,Thiès,Wave,Transfert,iPhone,34510,0,0,Normal
5566,CUST_912,2025-05-16 09:37:00,Dakar,Orange Money,Retrait,iPhone,16081,0,0,Normal
5567,CUST_534,2025-03-13 17:55:00,Kaolack,Carte Bancaire,Transfert,iPhone,31406,0,0,Normal
5568,CUST_720,2025-04-17 09:28:00,Ziguinchor,Orange Money,Paiement,iPhone,8836,0,0,Normal
5569,CUST_150,2025-02-15 11:32:00,Dakar,Orange Money,Transfert,Android,46268,0,0,Normal
5570,CUST_244,2025-01-26 14:16:00,Saint-Louis,Carte Bancaire,Retrait,iPhone,38962,0,0,Normal
5571,CUST_895,2025-03-12 05:54:00,Kaolack,Orange Money,Transfert,iPhone,15348,0,0,Normal
5572,CUST_307,2025-05-15 17:27:00,Thiès,Orange Money,Transfert,Android,8766,0,0,Normal
5573,CUST_561,2025-01-25 09:08:00,Kaolack,Free Money,Transfert,Android,10029,0,0,Normal
5574,CUST_389,2025-05-28 13:12:00,Dakar,Free Money,Retrait,iPhone,23291,0,0,Normal
5575,CUST_245,2025-04-28 12:23:00,Kaolack,Wave,Paiement,iPhone,36069,0,0,Normal
5576,CUST_670,2025-02-26 12:39:00,Saint-Louis,Free Money,Paiement,Android,67057,35,1,Comportement suspect
5577,CUST_483,2025-04-25 10:43:00,Ziguinchor,Free Money,Transfert,Android,43974,0,0,Normal
5578,CUST_57,2025-02-03 16:05:00,Ziguinchor,Wave,Transfert,iPhone,62541,0,0,Normal
5579,CUST_233,2025-02-06 16:28:00,Saint-Louis,Carte Bancaire,Retrait,iPhone,28444,0,0,Normal
5580,CUST_154,2025-05-20 12:15:00,Kaolack,Orange Money,Retrait,iPhone,11300,0,0,Normal
5581,CUST_133,2025-03-05 07:58:00,Kaolack,Free Money,Retrait,Android,62202,0,0,Normal
5582,CUST_444,2025-02-23 08:29:00,Saint-Louis,Free Money,Retrait,Android,37255,0,0,Normal
5583,CUST_793,2025-06-05 14:39:00,Kaolack,Free Money,Paiement,Android,15115,0,0,Normal
5584,CUST_922,2025-01-15 17:14:00,Saint-Louis,Orange Money,Paiement,iPhone,64783,0,0,Normal
5585,CUST_387,2025-03-12 18:42:00,Thiès,Orange Money,Paiement,iPhone,68464,0,0,Normal
5586,CUST_773,2025-06-08 14:04:00,Ziguinchor,Orange Money,Transfert,iPhone,9044,35,1,Comportement suspect
5587,CUST_773,2025-05-20 08:18:00,Saint-Louis,Free Money,Retrait,Android,25803,0,0,Normal
5588,CUST_753,2025-01-11 08:28:00,Saint-Louis,Orange Money,Retrait,iPhone,37267,0,0,Normal
5589,CUST_753,2025-01-02 19:43:00,Saint-Louis,Wave,Retrait,iPhone,19038,0,0,Normal
5590,CUST_188,2025-02-24 01:03:00,Thiès,Wave,Retrait,iPhone,17006,25,0,Normal
5591,CUST_752,2025-05-01 21:06:00,Saint-Louis,Orange Money,Paiement,iPhone,11424,0,0,Normal
5592,CUST_897,2025-03-31 02:07:00,Thiès,Free Money,Paiement,Android,44187,25,0,Normal
5593,CUST_836,2025-06-13 16:04:00,Kaolack,Free Money,Paiement,Android,15580,0,0,Normal
5594,CUST_808,2025-04-29 09:48:00,Dakar,Orange Money,Paiement,iPhone,27055,0,0,Normal
5595,CUST_332,2025-03-12 16:34:00,Ziguinchor,Free Money,Transfert,iPhone,23118,0,0,Normal
5596,CUST_486,2025-02-06 09:23:00,Thiès,Orange Money,Transfert,iPhone,122479,0,0,Normal
5597,CUST_616,2025-01-29 07:34:00,Thiès,Orange Money,Retrait,iPhone,4789,0,0,Normal
5598,CUST_478,2025-03-11 09:16:00,Dakar,Free Money,Paiement,Android,52753,0,0,Normal
5599,CUST_534,2025-01-27 05:25:00,Kaolack,Orange Money,Retrait,iPhone,51878,0,0,Normal
5600,CUST_410,2025-03-20 03:27:00,Saint-Louis,Wave,Transfert,iPhone,88659,25,0,Normal
5601,CUST_230,2025-04-26 12:20:00,Thiès,Orange Money,Transfert,Android,11057,0,0,Normal
5602,CUST_975,2025-05-29 09:18:00,Saint-Louis,Carte Bancaire,Retrait,Android,8778,0,0,Normal
5603,CUST_778,2025-06-27 07:18:00,Dakar,Carte Bancaire,Retrait,iPhone,26134,0,0,Normal
5604,CUST_778,2025-06-22 13:12:00,Dakar,Orange Money,Retrait,Android,21477,0,0,Normal
5605,CUST_875,2025-04-10 19:53:00,Ziguinchor,Free Money,Transfert,iPhone,38359,0,0,Normal
5606,CUST_469,2025-01-25 04:56:00,Dakar,Free Money,Retrait,Android,3667,25,0,Normal
5607,CUST_635,2025-04-13 08:28:00,Ziguinchor,Carte Bancaire,Retrait,Android,31854,0,0,Normal
5608,CUST_552,2025-03-21 20:11:00,Kaolack,Carte Bancaire,Retrait,iPhone,8229,0,0,Normal
5609,CUST_119,2025-02-07 13:11:00,Dakar,Free Money,Paiement,iPhone,50472,35,1,Comportement suspect
5610,CUST_767,2025-03-25 06:37:00,Kaolack,Wave,Transfert,iPhone,1019,0,0,Normal
5611,CUST_982,2025-03-20 12:46:00,Saint-Louis,Wave,Paiement,iPhone,40877,0,0,Normal
5612,CUST_316,2025-05-23 12:59:00,Saint-Louis,Orange Money,Paiement,iPhone,37862,0,0,Normal
5613,CUST_796,2025-05-09 09:44:00,Dakar,Free Money,Retrait,Android,26933,0,0,Normal
5614,CUST_805,2025-04-28 11:24:00,Saint-Louis,Carte Bancaire,Paiement,iPhone,4649,0,0,Normal
5615,CUST_352,2025-06-30 10:19:00,Ziguinchor,Free Money,Transfert,iPhone,3393,0,0,Normal
5616,CUST_464,2025-06-11 14:51:00,Ziguinchor,Wave,Paiement,iPhone,19383,0,0,Normal
5617,CUST_161,2025-01-25 12:32:00,Saint-Louis,Carte Bancaire,Paiement,Android,16717,0,0,Normal
5618,CUST_259,2025-04-04 12:53:00,Ziguinchor,Wave,Retrait,iPhone,19099,0,0,Normal
5619,CUST_555,2025-06-04 12:42:00,Saint-Louis,Orange Money,Paiement,iPhone,16969,0,0,Normal
5620,CUST_702,2025-03-02 07:53:00,Ziguinchor,Carte Bancaire,Retrait,Android,8334,0,0,Normal
5621,CUST_474,2025-03-05 16:06:00,Dakar,Orange Money,Transfert,iPhone,500,0,0,Normal
5622,CUST_348,2025-04-11 12:50:00,Saint-Louis,Carte Bancaire,Transfert,Android,66101,0,0,Normal
5623,CUST_82,2025-05-02 11:21:00,Ziguinchor,Wave,Retrait,iPhone,48784,0,0,Normal
5624,CUST_485,2025-02-03 18:19:00,Kaolack,Free Money,Transfert,iPhone,45969,0,0,Normal
5625,CUST_753,2025-06-12 15:30:00,Saint-Louis,Free Money,Retrait,iPhone,14110,0,0,Normal
5626,CUST_144,2025-01-06 14:12:00,Kaolack,Free Money,Retrait,Android,18815,0,0,Normal
5627,CUST_896,2025-03-18 14:40:00,Kaolack,Carte Bancaire,Transfert,Android,10045,0,0,Normal
5628,CUST_604,2025-04-27 12:40:00,Kaolack,Wave,Retrait,iPhone,29198,0,0,Normal
5629,CUST_918,2025-05-18 11:55:00,Saint-Louis,Orange Money,Transfert,Android,23372,0,0,Normal
5630,CUST_913,2025-01-28 12:46:00,Kaolack,Free Money,Transfert,iPhone,3219,0,0,Normal
5631,CUST_699,2025-03-31 07:58:00,Dakar,Wave,Paiement,Android,23080,0,0,Normal
5632,CUST_772,2025-06-13 13:00:00,Thiès,Wave,Transfert,iPhone,31154,0,0,Normal
5633,CUST_602,2025-05-29 23:32:00,Dakar,Wave,Transfert,Android,30278,0,0,Normal
5634,CUST_935,2025-02-05 05:43:00,Thiès,Orange Money,Paiement,Android,17777,0,0,Normal
5635,CUST_454,2025-06-17 12:19:00,Dakar,Free Money,Retrait,iPhone,11727,0,0,Normal
5636,CUST_766,2025-04-02 06:25:00,Thiès,Carte Bancaire,Transfert,Android,8150,0,0,Normal
5637,CUST_184,2025-05-12 09:24:00,Saint-Louis,Wave,Paiement,iPhone,8660,0,0,Normal
5638,CUST_581,2025-05-15 14:21:00,Dakar,Carte Bancaire,Paiement,iPhone,33240,0,0,Normal
5639,CUST_653,2025-03-09 11:55:00,Ziguinchor,Orange Money,Retrait,iPhone,4088,0,0,Normal
5640,CUST_135,2025-02-16 16:26:00,Dakar,Carte Bancaire,Paiement,Android,4152,0,0,Normal
5641,CUST_539,2025-06-12 16:58:00,Ziguinchor,Wave,Paiement,Android,18263,0,0,Normal
5642,CUST_435,2025-05-29 11:59:00,Saint-Louis,Free Money,Paiement,iPhone,7977,0,0,Normal
5643,CUST_252,2025-04-18 17:33:00,Thiès,Orange Money,Paiement,iPhone,500,0,0,Normal
5644,CUST_353,2025-02-02 17:12:00,Ziguinchor,Carte Bancaire,Retrait,Android,28501,0,0,Normal
5645,CUST_212,2025-04-27 09:00:00,Saint-Louis,Wave,Paiement,iPhone,20384,0,0,Normal
5646,CUST_347,2025-02-25 22:44:00,Thiès,Free Money,Paiement,iPhone,5251,0,0,Normal
5647,CUST_636,2025-04-17 10:15:00,Kaolack,Free Money,Transfert,iPhone,37125,0,0,Normal
5648,CUST_728,2025-05-10 02:25:00,Thiès,Carte Bancaire,Paiement,iPhone,21718,25,0,Normal
5649,CUST_98,2025-04-29 15:04:00,Kaolack,Orange Money,Transfert,Android,26661,0,0,Normal
5650,CUST_142,2025-04-05 21:59:00,Thiès,Carte Bancaire,Retrait,Android,17156,0,0,Normal
5651,CUST_349,2025-01-07 10:47:00,Saint-Louis,Carte Bancaire,Transfert,Android,11239,0,0,Normal
5652,CUST_606,2025-05-03 16:26:00,Ziguinchor,Orange Money,Retrait,Android,41678,0,0,Normal
5653,CUST_514,2025-01-07 11:30:00,Saint-Louis,Carte Bancaire,Paiement,Android,34192,0,0,Normal
5654,CUST_720,2025-03-12 11:03:00,Ziguinchor,Wave,Retrait,iPhone,8504,0,0,Normal
5655,CUST_1000,2025-02-16 16:10:00,Dakar,Orange Money,Paiement,Android,39454,0,0,Normal
5656,CUST_505,2025-06-12 20:10:00,Ziguinchor,Carte Bancaire,Retrait,iPhone,29313,0,0,Normal
5657,CUST_101,2025-05-21 05:00:00,Ziguinchor,Free Money,Paiement,Android,10906,0,0,Normal
5658,CUST_811,2025-04-26 15:26:00,Dakar,Carte Bancaire,Transfert,iPhone,38483,0,0,Normal
5659,CUST_230,2025-04-06 17:33:00,Thiès,Wave,Retrait,Android,12687,0,0,Normal
5660,CUST_417,2025-02-09 15:36:00,Thiès,Orange Money,Transfert,Android,42196,0,0,Normal
5661,CUST_612,2025-05-05 13:50:00,Ziguinchor,Carte Bancaire,Transfert,Android,9748,0,0,Normal
5662,CUST_359,2025-05-12 14:57:00,Saint-Louis,Free Money,Paiement,iPhone,22347,0,0,Normal
5663,CUST_325,2025-06-27 15:11:00,Ziguinchor,Free Money,Paiement,iPhone,66131,0,0,Normal
5664,CUST_638,2025-03-15 21:09:00,Saint-Louis,Orange Money,Paiement,Android,17920,0,0,Normal
5665,CUST_200,2025-04-05 13:55:00,Ziguinchor,Free Money,Retrait,Android,500,0,0,Normal
5666,CUST_658,2025-02-23 18:35:00,Kaolack,Wave,Paiement,iPhone,22150,0,0,Normal
5667,CUST_84,2025-06-03 06:30:00,Thiès,Wave,Transfert,iPhone,12492,0,0,Normal
5668,CUST_563,2025-01-23 20:25:00,Ziguinchor,Free Money,Retrait,iPhone,37875,35,1,Comportement suspect
5669,CUST_926,2025-05-01 13:03:00,Thiès,Carte Bancaire,Retrait,Android,93232,0,0,Normal
5670,CUST_322,2025-06-13 07:54:00,Dakar,Wave,Transfert,Android,24975,0,0,Normal
5671,CUST_978,2025-04-20 14:24:00,Kaolack,Free Money,Retrait,Android,24336,0,0,Normal
5672,CUST_127,2025-06-19 12:25:00,Dakar,Carte Bancaire,Retrait,Android,48354,0,0,Normal
5673,CUST_117,2025-06-01 21:52:00,Dakar,Wave,Paiement,Android,17700,0,0,Normal
5674,CUST_631,2025-04-19 16:29:00,Thiès,Wave,Retrait,Android,21168,0,0,Normal
5675,CUST_605,2025-06-06 12:31:00,Dakar,Carte Bancaire,Transfert,Android,5047,0,0,Normal
5676,CUST_311,2025-05-21 15:15:00,Dakar,Free Money,Transfert,Android,97023,0,0,Normal
5677,CUST_424,2025-04-29 11:15:00,Ziguinchor,Carte Bancaire,Transfert,Android,14719,0,0,Normal
5678,CUST_378,2025-03-20 12:27:00,Saint-Louis,Orange Money,Retrait,Android,4999,0,0,Normal
5679,CUST_157,2025-06-03 14:15:00,Dakar,Free Money,Transfert,iPhone,34840,0,0,Normal
5680,CUST_200,2025-03-28 17:18:00,Ziguinchor,Carte Bancaire,Transfert,Android,11939,0,0,Normal
5681,CUST_319,2025-02-17 10:24:00,Kaolack,Orange Money,Retrait,iPhone,33470,0,0,Normal
5682,CUST_199,2025-04-02 23:36:00,Saint-Louis,Wave,Transfert,Android,67376,0,0,Normal
5683,CUST_200,2025-06-12 16:41:00,Ziguinchor,Free Money,Retrait,Android,35474,0,0,Normal
5684,CUST_569,2025-01-01 16:07:00,Saint-Louis,Wave,Paiement,iPhone,30134,0,0,Normal
5685,CUST_714,2025-02-28 11:04:00,Ziguinchor,Orange Money,Paiement,iPhone,52793,0,0,Normal
5686,CUST_643,2025-01-02 19:26:00,Saint-Louis,Carte Bancaire,Paiement,Android,73464,0,0,Normal
5687,CUST_656,2025-03-29 10:04:00,Dakar,Orange Money,Transfert,Android,6703,0,0,Normal
5688,CUST_492,2025-04-20 08:39:00,Ziguinchor,Free Money,Paiement,Android,51964,0,0,Normal
5689,CUST_147,2025-01-13 12:31:00,Saint-Louis,Free Money,Transfert,Android,20241,0,0,Normal
5690,CUST_954,2025-06-29 10:18:00,Ziguinchor,Wave,Transfert,Android,37154,0,0,Normal
5691,CUST_212,2025-04-20 09:59:00,Saint-Louis,Orange Money,Transfert,iPhone,10498,0,0,Normal
5692,CUST_866,2025-06-24 10:08:00,Dakar,Orange Money,Transfert,Android,71947,0,0,Normal
5693,CUST_723,2025-05-19 16:17:00,Kaolack,Free Money,Transfert,Android,33876,0,0,Normal
5694,CUST_560,2025-06-20 11:03:00,Saint-Louis,Orange Money,Transfert,iPhone,7551,0,0,Normal
5695,CUST_870,2025-01-13 17:01:00,Ziguinchor,Wave,Retrait,iPhone,36178,0,0,Normal
5696,CUST_452,2025-01-17 00:08:00,Saint-Louis,Orange Money,Transfert,Android,58051,0,0,Normal
5697,CUST_546,2025-06-10 20:59:00,Saint-Louis,Orange Money,Paiement,iPhone,9002,0,0,Normal
5698,CUST_17,2025-02-02 19:02:00,Dakar,Wave,Paiement,iPhone,32813,0,0,Normal
5699,CUST_306,2025-06-02 12:43:00,Saint-Louis,Wave,Paiement,Android,8761,0,0,Normal
5700,CUST_71,2025-04-17 05:37:00,Ziguinchor,Free Money,Paiement,Android,19966,0,0,Normal
5701,CUST_336,2025-04-18 18:43:00,Thiès,Orange Money,Retrait,iPhone,25993,35,1,Comportement suspect
5702,CUST_623,2025-03-13 10:48:00,Dakar,Orange Money,Paiement,iPhone,5009,0,0,Normal
5703,CUST_816,2025-06-05 18:22:00,Ziguinchor,Orange Money,Retrait,iPhone,1455,0,0,Normal
5704,CUST_181,2025-03-15 12:08:00,Ziguinchor,Wave,Retrait,iPhone,30964,30,0,Normal
5705,CUST_935,2025-04-10 14:12:00,Thiès,Orange Money,Retrait,iPhone,89967,0,0,Normal
5706,CUST_464,2025-04-06 20:06:00,Ziguinchor,Carte Bancaire,Transfert,Android,28569,0,0,Normal
5707,CUST_6,2025-05-09 10:16:00,Thiès,Orange Money,Retrait,iPhone,29794,0,0,Normal
5708,CUST_545,2025-05-14 15:49:00,Ziguinchor,Free Money,Transfert,Android,46882,0,0,Normal
5709,CUST_546,2025-02-07 04:40:00,Saint-Louis,Wave,Paiement,iPhone,8302,25,0,Normal
5710,CUST_575,2025-02-04 07:56:00,Thiès,Wave,Transfert,Android,1485,0,0,Normal
5711,CUST_894,2025-03-31 12:35:00,Ziguinchor,Carte Bancaire,Retrait,iPhone,3151,0,0,Normal
5712,CUST_606,2025-05-19 13:12:00,Ziguinchor,Wave,Paiement,Android,29145,0,0,Normal
5713,CUST_723,2025-05-30 05:39:00,Kaolack,Wave,Paiement,iPhone,45666,0,0,Normal
5714,CUST_629,2025-01-25 10:02:00,Saint-Louis,Orange Money,Paiement,Android,35085,0,0,Normal
5715,CUST_805,2025-04-21 15:53:00,Saint-Louis,Orange Money,Retrait,iPhone,4128,0,0,Normal
5716,CUST_754,2025-04-12 18:53:00,Ziguinchor,Free Money,Transfert,Android,11830,0,0,Normal
5717,CUST_213,2025-04-01 17:07:00,Ziguinchor,Wave,Transfert,Android,15719,0,0,Normal
5718,CUST_46,2025-06-08 15:26:00,Thiès,Wave,Paiement,iPhone,29508,0,0,Normal
5719,CUST_486,2025-05-09 20:55:00,Thiès,Carte Bancaire,Retrait,iPhone,63810,0,0,Normal
5720,CUST_466,2025-03-26 10:57:00,Dakar,Wave,Retrait,iPhone,9289,0,0,Normal
5721,CUST_808,2025-06-11 10:19:00,Dakar,Wave,Paiement,Android,8205,0,0,Normal
5722,CUST_1,2025-04-23 04:02:00,Dakar,Wave,Paiement,Android,44799,25,0,Normal
5723,CUST_181,2025-01-24 15:13:00,Ziguinchor,Wave,Retrait,iPhone,27517,0,0,Normal
5724,CUST_667,2025-02-08 08:58:00,Saint-Louis,Carte Bancaire,Retrait,Android,37015,0,0,Normal
5725,CUST_753,2025-04-16 14:58:00,Saint-Louis,Wave,Retrait,Android,17780,0,0,Normal
5726,CUST_225,2025-05-10 13:33:00,Saint-Louis,Carte Bancaire,Retrait,iPhone,60001,0,0,Normal
5727,CUST_607,2025-03-28 13:45:00,Thiès,Wave,Paiement,Android,17744,0,0,Normal
5728,CUST_263,2025-05-29 05:11:00,Dakar,Wave,Transfert,iPhone,43475,0,0,Normal
5729,CUST_119,2025-03-17 11:05:00,Ziguinchor,Free Money,Retrait,Android,9178,0,0,Normal
5730,CUST_279,2025-01-11 14:07:00,Saint-Louis,Carte Bancaire,Retrait,Android,9886,0,0,Normal
5731,CUST_636,2025-01-16 23:52:00,Kaolack,Free Money,Paiement,iPhone,28303,0,0,Normal
5732,CUST_488,2025-03-05 14:07:00,Saint-Louis,Free Money,Paiement,Android,44276,0,0,Normal
5733,CUST_164,2025-06-04 11:23:00,Dakar,Carte Bancaire,Transfert,iPhone,36128,0,0,Normal
5734,CUST_904,2025-06-05 12:45:00,Ziguinchor,Carte Bancaire,Paiement,Android,10915,0,0,Normal
5735,CUST_478,2025-04-13 14:19:00,Dakar,Wave,Transfert,iPhone,13610,0,0,Normal
5736,CUST_761,2025-01-24 15:23:00,Thiès,Wave,Paiement,Android,4551,0,0,Normal
5737,CUST_768,2025-01-24 18:28:00,Saint-Louis,Carte Bancaire,Transfert,Android,12619,0,0,Normal
5738,CUST_22,2025-06-09 21:21:00,Dakar,Wave,Transfert,iPhone,36282,0,0,Normal
5739,CUST_240,2025-06-28 12:40:00,Kaolack,Free Money,Transfert,Android,24329,0,0,Normal
5740,CUST_845,2025-04-06 21:29:00,Kaolack,Carte Bancaire,Paiement,iPhone,16712,0,0,Normal
5741,CUST_698,2025-02-01 18:08:00,Ziguinchor,Free Money,Paiement,Android,29221,0,0,Normal
5742,CUST_779,2025-06-13 10:09:00,Thiès,Carte Bancaire,Retrait,iPhone,36495,0,0,Normal
5743,CUST_573,2025-03-05 08:42:00,Kaolack,Wave,Retrait,Android,41259,35,1,Comportement suspect
5744,CUST_485,2025-02-28 19:42:00,Kaolack,Wave,Paiement,iPhone,28095,0,0,Normal
5745,CUST_4,2025-05-31 17:18:00,Kaolack,Wave,Retrait,Android,547,0,0,Normal
5746,CUST_349,2025-01-04 14:55:00,Saint-Louis,Orange Money,Transfert,iPhone,10605,0,0,Normal
5747,CUST_845,2025-01-02 17:57:00,Kaolack,Free Money,Transfert,Android,30878,0,0,Normal
5748,CUST_260,2025-04-25 10:07:00,Ziguinchor,Wave,Transfert,iPhone,35113,35,1,Comportement suspect
5749,CUST_966,2025-05-17 17:24:00,Dakar,Free Money,Retrait,iPhone,28743,0,0,Normal
5750,CUST_187,2025-03-12 14:08:00,Dakar,Wave,Retrait,Android,4542,0,0,Normal
5751,CUST_278,2025-05-01 16:30:00,Dakar,Free Money,Retrait,Android,49729,0,0,Normal
5752,CUST_727,2025-06-29 01:43:00,Saint-Louis,Wave,Paiement,iPhone,55865,25,0,Normal
5753,CUST_948,2025-03-08 13:56:00,Ziguinchor,Wave,Transfert,Android,7766,0,0,Normal
5754,CUST_728,2025-05-08 08:50:00,Thiès,Wave,Transfert,Android,21779,0,0,Normal
5755,CUST_876,2025-02-13 11:06:00,Kaolack,Free Money,Paiement,iPhone,65959,0,0,Normal
5756,CUST_735,2025-06-21 07:17:00,Saint-Louis,Orange Money,Paiement,Android,35644,0,0,Normal
5757,CUST_461,2025-01-08 16:21:00,Ziguinchor,Carte Bancaire,Retrait,Android,72850,0,0,Normal
5758,CUST_882,2025-01-28 14:53:00,Thiès,Free Money,Retrait,Android,500,0,0,Normal
5759,CUST_816,2025-06-09 15:04:00,Ziguinchor,Free Money,Transfert,iPhone,7422,0,0,Normal
5760,CUST_508,2025-01-05 18:35:00,Dakar,Carte Bancaire,Retrait,iPhone,57824,30,0,Normal
5761,CUST_759,2025-04-17 03:17:00,Kaolack,Carte Bancaire,Transfert,Android,43061,25,0,Normal
5762,CUST_342,2025-04-06 08:31:00,Ziguinchor,Wave,Retrait,Android,9935,0,0,Normal
5763,CUST_406,2025-06-25 11:46:00,Kaolack,Orange Money,Paiement,iPhone,24155,0,0,Normal
5764,CUST_235,2025-03-23 17:46:00,Thiès,Carte Bancaire,Transfert,Android,58668,0,0,Normal
5765,CUST_72,2025-05-14 08:25:00,Dakar,Orange Money,Retrait,iPhone,6152,0,0,Normal
5766,CUST_448,2025-03-21 10:13:00,Ziguinchor,Carte Bancaire,Retrait,iPhone,49720,0,0,Normal
5767,CUST_706,2025-06-20 09:07:00,Dakar,Wave,Retrait,Android,10609,0,0,Normal
5768,CUST_624,2025-02-16 12:07:00,Kaolack,Carte Bancaire,Paiement,iPhone,30417,0,0,Normal
5769,CUST_406,2025-01-29 13:17:00,Kaolack,Free Money,Paiement,iPhone,12459,0,0,Normal
5770,CUST_971,2025-01-04 09:02:00,Dakar,Wave,Transfert,Android,39766,0,0,Normal
5771,CUST_147,2025-05-10 22:31:00,Saint-Louis,Wave,Retrait,Android,4083,0,0,Normal
5772,CUST_479,2025-05-20 16:30:00,Dakar,Orange Money,Retrait,Android,6932,0,0,Normal
5773,CUST_784,2025-03-03 02:18:00,Saint-Louis,Carte Bancaire,Transfert,iPhone,24487,25,0,Normal
5774,CUST_185,2025-06-03 12:30:00,Saint-Louis,Carte Bancaire,Paiement,iPhone,11520,0,0,Normal
5775,CUST_593,2025-05-31 10:07:00,Ziguinchor,Wave,Retrait,iPhone,27992,0,0,Normal
5776,CUST_310,2025-01-10 08:25:00,Kaolack,Orange Money,Paiement,iPhone,27730,0,0,Normal
5777,CUST_851,2025-03-11 07:03:00,Ziguinchor,Free Money,Transfert,Android,84436,0,0,Normal
5778,CUST_865,2025-06-03 08:46:00,Ziguinchor,Free Money,Paiement,Android,9950,0,0,Normal
5779,CUST_754,2025-05-13 11:37:00,Ziguinchor,Orange Money,Retrait,iPhone,7545,0,0,Normal
5780,CUST_658,2025-04-08 13:48:00,Kaolack,Wave,Transfert,iPhone,21178,0,0,Normal
5781,CUST_505,2025-05-05 07:13:00,Ziguinchor,Free Money,Paiement,Android,19716,0,0,Normal
5782,CUST_568,2025-06-02 10:21:00,Thiès,Orange Money,Transfert,iPhone,15468,0,0,Normal
5783,CUST_951,2025-01-17 05:54:00,Dakar,Carte Bancaire,Transfert,iPhone,19693,0,0,Normal
5784,CUST_441,2025-04-09 14:39:00,Ziguinchor,Free Money,Retrait,iPhone,2364,0,0,Normal
5785,CUST_699,2025-03-27 00:41:00,Dakar,Orange Money,Transfert,iPhone,21046,0,0,Normal
5786,CUST_894,2025-01-20 10:39:00,Ziguinchor,Carte Bancaire,Transfert,iPhone,41850,0,0,Normal
5787,CUST_220,2025-03-05 08:26:00,Saint-Louis,Free Money,Transfert,iPhone,55472,0,0,Normal
5788,CUST_570,2025-03-03 07:56:00,Saint-Louis,Wave,Transfert,iPhone,7121,0,0,Normal
5789,CUST_987,2025-05-27 11:13:00,Thiès,Wave,Transfert,iPhone,35260,0,0,Normal
5790,CUST_660,2025-01-18 13:52:00,Dakar,Free Money,Transfert,iPhone,11073,0,0,Normal
5791,CUST_574,2025-06-04 09:38:00,Saint-Louis,Wave,Retrait,Android,27835,0,0,Normal
5792,CUST_826,2025-01-09 12:13:00,Saint-Louis,Carte Bancaire,Retrait,Android,31681,0,0,Normal
5793,CUST_880,2025-03-21 08:12:00,Saint-Louis,Carte Bancaire,Retrait,Android,5457,0,0,Normal
5794,CUST_948,2025-06-22 14:29:00,Ziguinchor,Carte Bancaire,Transfert,iPhone,10794,0,0,Normal
5795,CUST_48,2025-01-05 15:30:00,Thiès,Orange Money,Retrait,iPhone,5288,0,0,Normal
5796,CUST_795,2025-05-26 14:11:00,Saint-Louis,Free Money,Paiement,Android,15570,0,0,Normal
5797,CUST_937,2025-01-20 08:36:00,Saint-Louis,Free Money,Paiement,iPhone,7902,0,0,Normal
5798,CUST_452,2025-04-24 09:44:00,Saint-Louis,Wave,Transfert,iPhone,41639,0,0,Normal
5799,CUST_829,2025-05-08 17:04:00,Ziguinchor,Wave,Transfert,Android,30158,0,0,Normal
5800,CUST_938,2025-04-04 23:34:00,Kaolack,Orange Money,Retrait,Android,20782,0,0,Normal
5801,CUST_596,2025-06-26 16:01:00,Ziguinchor,Carte Bancaire,Paiement,Android,7855,0,0,Normal
5802,CUST_587,2025-06-28 10:35:00,Thiès,Orange Money,Transfert,iPhone,25205,0,0,Normal
5803,CUST_408,2025-06-28 06:02:00,Dakar,Carte Bancaire,Retrait,iPhone,9712,0,0,Normal
5804,CUST_157,2025-05-21 10:57:00,Dakar,Free Money,Retrait,Android,23639,0,0,Normal
5805,CUST_611,2025-01-04 22:43:00,Kaolack,Carte Bancaire,Paiement,iPhone,51337,0,0,Normal
5806,CUST_344,2025-04-07 13:00:00,Ziguinchor,Orange Money,Transfert,Android,15407,0,0,Normal
5807,CUST_775,2025-06-18 19:10:00,Dakar,Orange Money,Retrait,Android,3842,0,0,Normal
5808,CUST_575,2025-05-29 10:00:00,Thiès,Carte Bancaire,Paiement,Android,500,0,0,Normal
5809,CUST_210,2025-06-23 15:45:00,Dakar,Free Money,Paiement,iPhone,56536,0,0,Normal
5810,CUST_847,2025-01-14 12:26:00,Dakar,Free Money,Retrait,Android,82387,0,0,Normal
5811,CUST_67,2025-06-24 11:11:00,Ziguinchor,Free Money,Retrait,Android,29288,35,1,Comportement suspect
5812,CUST_292,2025-06-11 14:11:00,Saint-Louis,Wave,Retrait,iPhone,61932,0,0,Normal
5813,CUST_306,2025-05-27 12:42:00,Saint-Louis,Carte Bancaire,Paiement,iPhone,29985,0,0,Normal
5814,CUST_2,2025-03-25 10:51:00,Kaolack,Orange Money,Transfert,Android,58000,0,0,Normal
5815,CUST_247,2025-06-01 18:12:00,Kaolack,Carte Bancaire,Transfert,Android,11414,0,0,Normal
5816,CUST_229,2025-04-19 11:24:00,Thiès,Free Money,Retrait,Android,13367,35,1,Comportement suspect
5817,CUST_16,2025-05-24 21:10:00,Saint-Louis,Wave,Transfert,iPhone,54193,0,0,Normal
5818,CUST_979,2025-06-23 12:53:00,Thiès,Carte Bancaire,Paiement,Android,44878,0,0,Normal
5819,CUST_243,2025-05-22 08:36:00,Kaolack,Wave,Transfert,iPhone,21422,0,0,Normal
5820,CUST_725,2025-04-11 09:11:00,Kaolack,Orange Money,Transfert,Android,20300,0,0,Normal
5821,CUST_506,2025-04-20 20:37:00,Kaolack,Free Money,Transfert,Android,21881,0,0,Normal
5822,CUST_498,2025-05-17 08:40:00,Saint-Louis,Wave,Transfert,iPhone,15337,0,0,Normal
5823,CUST_183,2025-03-06 15:21:00,Thiès,Orange Money,Retrait,iPhone,37309,0,0,Normal
5824,CUST_272,2025-02-24 17:43:00,Thiès,Wave,Transfert,Android,15247,0,0,Normal
5825,CUST_84,2025-06-26 11:27:00,Thiès,Free Money,Retrait,Android,14476,0,0,Normal
5826,CUST_266,2025-05-01 01:37:00,Saint-Louis,Free Money,Paiement,Android,14076,25,0,Normal
5827,CUST_31,2025-01-29 15:08:00,Kaolack,Orange Money,Transfert,Android,36171,0,0,Normal
5828,CUST_537,2025-02-25 01:48:00,Thiès,Wave,Transfert,iPhone,17684,25,0,Normal
5829,CUST_122,2025-01-17 12:24:00,Ziguinchor,Wave,Paiement,Android,31773,0,0,Normal
5830,CUST_213,2025-05-04 09:10:00,Ziguinchor,Free Money,Retrait,iPhone,37336,0,0,Normal
5831,CUST_651,2025-04-21 11:05:00,Dakar,Carte Bancaire,Transfert,iPhone,4308,0,0,Normal
5832,CUST_636,2025-02-08 11:39:00,Kaolack,Carte Bancaire,Retrait,iPhone,24013,0,0,Normal
5833,CUST_675,2025-06-04 11:32:00,Thiès,Orange Money,Paiement,iPhone,5344,30,0,Normal
5834,CUST_503,2025-02-16 16:35:00,Dakar,Free Money,Retrait,Android,14393,0,0,Normal
5835,CUST_718,2025-05-26 03:59:00,Ziguinchor,Carte Bancaire,Retrait,iPhone,4811,25,0,Normal
5836,CUST_182,2025-03-12 08:51:00,Thiès,Wave,Retrait,Android,31603,0,0,Normal
5837,CUST_503,2025-01-12 14:55:00,Dakar,Free Money,Transfert,iPhone,79240,0,0,Normal
5838,CUST_389,2025-05-11 16:05:00,Dakar,Carte Bancaire,Retrait,Android,12675,0,0,Normal
5839,CUST_98,2025-06-09 09:59:00,Thiès,Orange Money,Retrait,iPhone,40466,35,1,Comportement suspect
5840,CUST_265,2025-06-20 06:08:00,Kaolack,Wave,Transfert,iPhone,38465,0,0,Normal
5841,CUST_291,2025-03-08 08:54:00,Ziguinchor,Wave,Retrait,Android,27863,0,0,Normal
5842,CUST_138,2025-01-16 13:24:00,Ziguinchor,Carte Bancaire,Paiement,Android,19211,0,0,Normal
5843,CUST_843,2025-04-16 15:29:00,Saint-Louis,Free Money,Transfert,iPhone,35916,0,0,Normal
5844,CUST_751,2025-04-17 12:11:00,Ziguinchor,Carte Bancaire,Transfert,iPhone,7795,0,0,Normal
5845,CUST_219,2025-02-27 07:10:00,Kaolack,Orange Money,Retrait,iPhone,28260,0,0,Normal
5846,CUST_720,2025-01-24 11:27:00,Ziguinchor,Free Money,Transfert,iPhone,1926,0,0,Normal
5847,CUST_868,2025-05-16 15:09:00,Saint-Louis,Orange Money,Transfert,Android,50492,0,0,Normal
5848,CUST_579,2025-02-23 16:39:00,Ziguinchor,Free Money,Paiement,iPhone,27485,0,0,Normal
5849,CUST_422,2025-01-27 23:07:00,Saint-Louis,Carte Bancaire,Paiement,Android,20942,35,1,Comportement suspect
5850,CUST_198,2025-06-04 15:56:00,Dakar,Carte Bancaire,Paiement,iPhone,3149,0,0,Normal
5851,CUST_704,2025-01-01 17:55:00,Dakar,Free Money,Retrait,iPhone,21649,0,0,Normal
5852,CUST_23,2025-04-24 22:38:00,Ziguinchor,Orange Money,Transfert,Android,6992,0,0,Normal
5853,CUST_833,2025-06-16 14:50:00,Saint-Louis,Free Money,Retrait,Android,61166,0,0,Normal
5854,CUST_156,2025-06-18 07:36:00,Dakar,Orange Money,Retrait,iPhone,26564,0,0,Normal
5855,CUST_694,2025-01-25 13:27:00,Thiès,Carte Bancaire,Retrait,iPhone,6607,0,0,Normal
5856,CUST_667,2025-02-22 09:53:00,Saint-Louis,Carte Bancaire,Retrait,Android,17586,0,0,Normal
5857,CUST_519,2025-06-14 01:12:00,Kaolack,Orange Money,Transfert,Android,25746,25,0,Normal
5858,CUST_962,2025-05-30 14:15:00,Thiès,Free Money,Retrait,iPhone,43901,0,0,Normal
5859,CUST_868,2025-05-24 16:55:00,Thiès,Orange Money,Retrait,Android,72466,35,1,Comportement suspect
5860,CUST_96,2025-06-16 19:25:00,Saint-Louis,Carte Bancaire,Transfert,iPhone,35400,0,0,Normal
5861,CUST_525,2025-04-26 13:18:00,Kaolack,Orange Money,Paiement,iPhone,20722,0,0,Normal
5862,CUST_404,2025-05-29 08:41:00,Dakar,Orange Money,Paiement,Android,82122,0,0,Normal
5863,CUST_669,2025-02-13 13:25:00,Kaolack,Free Money,Transfert,Android,16837,0,0,Normal
5864,CUST_110,2025-06-05 09:10:00,Thiès,Free Money,Transfert,Android,7882,0,0,Normal
5865,CUST_751,2025-04-17 12:16:00,Ziguinchor,Wave,Paiement,Android,2850,0,0,Normal
5866,CUST_957,2025-03-26 17:37:00,Dakar,Wave,Paiement,Android,62254,0,0,Normal
5867,CUST_688,2025-01-24 09:38:00,Thiès,Wave,Paiement,Android,500,0,0,Normal
5868,CUST_289,2025-06-09 08:12:00,Ziguinchor,Free Money,Transfert,iPhone,25964,0,0,Normal
5869,CUST_900,2025-02-24 13:32:00,Kaolack,Orange Money,Retrait,Android,39899,0,0,Normal
5870,CUST_294,2025-03-06 13:33:00,Thiès,Carte Bancaire,Transfert,iPhone,41016,0,0,Normal
5871,CUST_768,2025-02-20 13:42:00,Saint-Louis,Carte Bancaire,Paiement,Android,12165,0,0,Normal
5872,CUST_515,2025-06-05 01:37:00,Kaolack,Wave,Paiement,iPhone,9645,25,0,Normal
5873,CUST_505,2025-04-10 16:23:00,Ziguinchor,Wave,Paiement,Android,40747,0,0,Normal
5874,CUST_238,2025-03-08 16:38:00,Saint-Louis,Wave,Retrait,iPhone,52483,0,0,Normal
5875,CUST_11,2025-06-03 11:47:00,Dakar,Orange Money,Transfert,iPhone,23547,0,0,Normal
5876,CUST_114,2025-02-19 16:52:00,Thiès,Orange Money,Paiement,iPhone,18518,0,0,Normal
5877,CUST_907,2025-04-05 16:14:00,Ziguinchor,Orange Money,Paiement,Android,21799,0,0,Normal
5878,CUST_760,2025-01-29 09:33:00,Saint-Louis,Wave,Transfert,Android,2981,0,0,Normal
5879,CUST_772,2025-04-16 10:17:00,Thiès,Carte Bancaire,Paiement,Android,21653,0,0,Normal
5880,CUST_756,2025-06-30 01:43:00,Ziguinchor,Free Money,Transfert,iPhone,27002,25,0,Normal
5881,CUST_869,2025-04-21 11:12:00,Kaolack,Wave,Retrait,Android,30558,0,0,Normal
5882,CUST_900,2025-02-18 08:06:00,Kaolack,Free Money,Retrait,iPhone,34710,0,0,Normal
5883,CUST_180,2025-01-22 21:57:00,Dakar,Free Money,Paiement,iPhone,34306,0,0,Normal
5884,CUST_976,2025-04-27 13:08:00,Dakar,Carte Bancaire,Paiement,Android,8067,0,0,Normal
5885,CUST_562,2025-05-29 08:24:00,Saint-Louis,Carte Bancaire,Paiement,iPhone,17569,35,1,Comportement suspect
5886,CUST_298,2025-06-30 16:05:00,Saint-Louis,Free Money,Transfert,Android,19408,0,0,Normal
5887,CUST_313,2025-02-24 16:16:00,Thiès,Orange Money,Paiement,Android,17308,0,0,Normal
5888,CUST_838,2025-06-01 20:25:00,Thiès,Carte Bancaire,Paiement,Android,26086,0,0,Normal
5889,CUST_670,2025-05-12 13:51:00,Kaolack,Carte Bancaire,Retrait,iPhone,11204,0,0,Normal
5890,CUST_111,2025-02-12 19:40:00,Thiès,Free Money,Retrait,iPhone,9403,0,0,Normal
5891,CUST_605,2025-03-27 17:01:00,Dakar,Wave,Paiement,Android,17200,0,0,Normal
5892,CUST_553,2025-04-03 12:09:00,Thiès,Free Money,Retrait,Android,12654,0,0,Normal
5893,CUST_787,2025-05-08 15:27:00,Ziguinchor,Wave,Paiement,iPhone,16871,0,0,Normal
5894,CUST_139,2025-06-27 13:17:00,Kaolack,Free Money,Paiement,iPhone,54717,0,0,Normal
5895,CUST_357,2025-06-10 17:27:00,Dakar,Free Money,Paiement,iPhone,52228,0,0,Normal
5896,CUST_398,2025-04-30 05:30:00,Dakar,Wave,Transfert,Android,13081,0,0,Normal
5897,CUST_622,2025-03-18 16:50:00,Kaolack,Wave,Retrait,iPhone,31517,0,0,Normal
5898,CUST_340,2025-01-26 07:16:00,Kaolack,Free Money,Transfert,Android,37708,0,0,Normal
5899,CUST_185,2025-01-28 07:13:00,Saint-Louis,Carte Bancaire,Retrait,Android,7896,0,0,Normal
5900,CUST_34,2025-06-15 09:26:00,Thiès,Free Money,Paiement,Android,4378,0,0,Normal
5901,CUST_776,2025-01-28 12:25:00,Kaolack,Carte Bancaire,Transfert,Android,7957,0,0,Normal
5902,CUST_721,2025-01-01 17:24:00,Kaolack,Carte Bancaire,Transfert,Android,500,0,0,Normal
5903,CUST_524,2025-06-16 11:36:00,Ziguinchor,Orange Money,Retrait,iPhone,2126,0,0,Normal
5904,CUST_236,2025-04-24 14:48:00,Ziguinchor,Orange Money,Retrait,Android,29077,0,0,Normal
5905,CUST_388,2025-01-16 08:09:00,Kaolack,Wave,Paiement,iPhone,12515,0,0,Normal
5906,CUST_165,2025-02-21 12:29:00,Kaolack,Carte Bancaire,Paiement,iPhone,25144,0,0,Normal
5907,CUST_32,2025-03-03 13:20:00,Thiès,Carte Bancaire,Transfert,Android,64891,0,0,Normal
5908,CUST_380,2025-05-03 08:05:00,Thiès,Free Money,Transfert,Android,82827,0,0,Normal
5909,CUST_549,2025-04-12 12:14:00,Ziguinchor,Wave,Transfert,Android,25947,0,0,Normal
5910,CUST_310,2025-04-21 10:33:00,Kaolack,Carte Bancaire,Paiement,iPhone,24870,0,0,Normal
5911,CUST_446,2025-01-06 15:17:00,Thiès,Wave,Retrait,Android,6311,0,0,Normal
5912,CUST_122,2025-05-16 10:43:00,Ziguinchor,Free Money,Transfert,Android,35690,0,0,Normal
5913,CUST_89,2025-02-12 05:34:00,Ziguinchor,Orange Money,Transfert,Android,15109,0,0,Normal
5914,CUST_519,2025-02-27 10:34:00,Kaolack,Orange Money,Paiement,iPhone,500,0,0,Normal
5915,CUST_194,2025-05-20 10:59:00,Thiès,Orange Money,Transfert,iPhone,11674,0,0,Normal
5916,CUST_890,2025-03-22 16:34:00,Thiès,Orange Money,Paiement,iPhone,26171,0,0,Normal
5917,CUST_236,2025-01-16 18:02:00,Ziguinchor,Orange Money,Paiement,iPhone,34842,0,0,Normal
5918,CUST_505,2025-06-14 12:51:00,Ziguinchor,Wave,Transfert,iPhone,29254,0,0,Normal
5919,CUST_38,2025-04-09 07:11:00,Ziguinchor,Carte Bancaire,Transfert,iPhone,68633,0,0,Normal
5920,CUST_362,2025-05-02 06:13:00,Saint-Louis,Carte Bancaire,Retrait,iPhone,54805,0,0,Normal
5921,CUST_455,2025-06-15 08:32:00,Thiès,Orange Money,Paiement,Android,4247,0,0,Normal
5922,CUST_734,2025-06-12 18:48:00,Dakar,Carte Bancaire,Transfert,Android,26784,0,0,Normal
5923,CUST_283,2025-01-13 19:29:00,Kaolack,Carte Bancaire,Transfert,iPhone,8879,0,0,Normal
5924,CUST_570,2025-01-13 08:33:00,Saint-Louis,Orange Money,Paiement,Android,1535,0,0,Normal
5925,CUST_629,2025-05-02 17:38:00,Saint-Louis,Wave,Paiement,Android,57673,0,0,Normal
5926,CUST_622,2025-06-09 11:52:00,Kaolack,Free Money,Retrait,Android,26853,0,0,Normal
5927,CUST_871,2025-06-22 00:58:00,Ziguinchor,Orange Money,Transfert,Android,38607,0,0,Normal
5928,CUST_76,2025-04-06 07:05:00,Ziguinchor,Orange Money,Paiement,iPhone,7881,0,0,Normal
5929,CUST_568,2025-01-01 12:07:00,Thiès,Wave,Transfert,iPhone,54579,0,0,Normal
5930,CUST_160,2025-03-16 17:27:00,Saint-Louis,Carte Bancaire,Retrait,iPhone,62551,35,1,Comportement suspect
5931,CUST_132,2025-02-03 08:42:00,Saint-Louis,Orange Money,Paiement,Android,88065,0,0,Normal
5932,CUST_562,2025-06-26 11:50:00,Ziguinchor,Wave,Paiement,Android,7262,0,0,Normal
5933,CUST_41,2025-02-18 13:25:00,Saint-Louis,Free Money,Retrait,iPhone,4829,0,0,Normal
5934,CUST_674,2025-06-03 14:49:00,Thiès,Free Money,Transfert,Android,14480,0,0,Normal
5935,CUST_609,2025-05-21 18:53:00,Kaolack,Wave,Paiement,Android,32766,0,0,Normal
5936,CUST_163,2025-01-05 14:29:00,Dakar,Orange Money,Transfert,iPhone,22857,0,0,Normal
5937,CUST_716,2025-04-24 17:45:00,Kaolack,Carte Bancaire,Transfert,Android,44353,0,0,Normal
5938,CUST_356,2025-04-25 01:05:00,Ziguinchor,Orange Money,Retrait,iPhone,11956,25,0,Normal
5939,CUST_514,2025-05-20 10:29:00,Saint-Louis,Free Money,Retrait,iPhone,52846,0,0,Normal
5940,CUST_778,2025-02-26 06:09:00,Dakar,Wave,Transfert,Android,46920,0,0,Normal
5941,CUST_562,2025-04-28 15:07:00,Ziguinchor,Wave,Retrait,Android,8238,0,0,Normal
5942,CUST_452,2025-05-13 15:50:00,Saint-Louis,Orange Money,Transfert,iPhone,48739,0,0,Normal
5943,CUST_735,2025-01-04 10:48:00,Saint-Louis,Orange Money,Retrait,Android,26889,0,0,Normal
5944,CUST_599,2025-01-09 06:18:00,Thiès,Orange Money,Paiement,iPhone,41823,0,0,Normal
5945,CUST_659,2025-06-02 15:37:00,Ziguinchor,Carte Bancaire,Retrait,Android,4663,0,0,Normal
5946,CUST_936,2025-03-09 16:05:00,Kaolack,Orange Money,Transfert,iPhone,15989,0,0,Normal
5947,CUST_962,2025-01-21 20:21:00,Thiès,Free Money,Transfert,Android,53068,0,0,Normal
5948,CUST_868,2025-03-31 17:48:00,Saint-Louis,Carte Bancaire,Paiement,iPhone,36398,0,0,Normal
5949,CUST_723,2025-03-07 21:10:00,Kaolack,Wave,Paiement,iPhone,37172,0,0,Normal
5950,CUST_696,2025-06-04 08:46:00,Thiès,Orange Money,Retrait,Android,6976,0,0,Normal
5951,CUST_199,2025-01-03 21:50:00,Saint-Louis,Free Money,Transfert,Android,36532,0,0,Normal
5952,CUST_535,2025-04-29 13:41:00,Ziguinchor,Wave,Paiement,iPhone,7549,0,0,Normal
5953,CUST_894,2025-04-07 09:04:00,Ziguinchor,Wave,Transfert,Android,28973,0,0,Normal
5954,CUST_172,2025-05-08 15:49:00,Thiès,Wave,Paiement,Android,25723,0,0,Normal
5955,CUST_858,2025-05-15 19:57:00,Thiès,Wave,Retrait,iPhone,65054,0,0,Normal
5956,CUST_583,2025-02-26 15:04:00,Saint-Louis,Orange Money,Retrait,Android,18509,0,0,Normal
5957,CUST_709,2025-04-13 06:50:00,Ziguinchor,Free Money,Transfert,Android,47280,0,0,Normal
5958,CUST_594,2025-04-18 06:02:00,Saint-Louis,Wave,Transfert,Android,60714,0,0,Normal
5959,CUST_495,2025-05-22 13:53:00,Saint-Louis,Orange Money,Paiement,iPhone,20621,0,0,Normal
5960,CUST_411,2025-01-12 15:48:00,Saint-Louis,Orange Money,Transfert,Android,44539,0,0,Normal
5961,CUST_576,2025-05-08 06:08:00,Kaolack,Carte Bancaire,Retrait,Android,37424,0,0,Normal
5962,CUST_777,2025-04-12 11:28:00,Kaolack,Free Money,Paiement,Android,5650,0,0,Normal
5963,CUST_154,2025-03-12 13:54:00,Kaolack,Orange Money,Transfert,iPhone,17301,0,0,Normal
5964,CUST_131,2025-04-17 08:58:00,Kaolack,Carte Bancaire,Retrait,iPhone,13493,0,0,Normal
5965,CUST_123,2025-06-19 09:47:00,Ziguinchor,Orange Money,Transfert,iPhone,22889,35,1,Comportement suspect
5966,CUST_593,2025-04-17 01:49:00,Ziguinchor,Orange Money,Paiement,Android,9604,25,0,Normal
5967,CUST_70,2025-06-06 20:03:00,Saint-Louis,Carte Bancaire,Transfert,Android,53142,0,0,Normal
5968,CUST_821,2025-06-24 09:57:00,Saint-Louis,Free Money,Transfert,iPhone,16006,0,0,Normal
5969,CUST_928,2025-06-27 05:39:00,Ziguinchor,Free Money,Transfert,iPhone,59996,30,0,Normal
5970,CUST_749,2025-03-22 18:13:00,Thiès,Orange Money,Retrait,Android,19302,0,0,Normal
5971,CUST_278,2025-03-31 07:21:00,Dakar,Wave,Retrait,Android,13158,0,0,Normal
5972,CUST_197,2025-04-08 13:38:00,Thiès,Wave,Retrait,Android,27976,0,0,Normal
5973,CUST_308,2025-04-23 13:06:00,Dakar,Wave,Paiement,iPhone,19362,0,0,Normal
5974,CUST_354,2025-06-26 18:36:00,Saint-Louis,Free Money,Paiement,Android,7457,0,0,Normal
5975,CUST_722,2025-02-17 03:38:00,Dakar,Carte Bancaire,Retrait,Android,31008,25,0,Normal
5976,CUST_184,2025-05-08 15:20:00,Saint-Louis,Orange Money,Paiement,iPhone,10684,0,0,Normal
5977,CUST_176,2025-04-14 12:37:00,Saint-Louis,Wave,Retrait,Android,3594,0,0,Normal
5978,CUST_290,2025-04-06 10:56:00,Kaolack,Free Money,Transfert,iPhone,63898,0,0,Normal
5979,CUST_959,2025-01-23 10:45:00,Kaolack,Carte Bancaire,Transfert,iPhone,27376,35,1,Comportement suspect
5980,CUST_510,2025-05-02 21:04:00,Kaolack,Orange Money,Transfert,Android,17563,0,0,Normal
5981,CUST_530,2025-05-05 09:07:00,Dakar,Free Money,Transfert,iPhone,52237,0,0,Normal
5982,CUST_449,2025-02-14 12:29:00,Thiès,Carte Bancaire,Transfert,Android,9010,0,0,Normal
5983,CUST_624,2025-05-15 17:24:00,Kaolack,Orange Money,Retrait,Android,39147,0,0,Normal
5984,CUST_458,2025-05-21 13:04:00,Dakar,Orange Money,Retrait,iPhone,48998,0,0,Normal
5985,CUST_905,2025-04-29 06:23:00,Thiès,Carte Bancaire,Paiement,iPhone,500,0,0,Normal
5986,CUST_992,2025-04-06 22:55:00,Saint-Louis,Orange Money,Transfert,Android,44775,0,0,Normal
5987,CUST_66,2025-03-19 10:45:00,Kaolack,Orange Money,Transfert,Android,18495,0,0,Normal
5988,CUST_677,2025-05-11 06:09:00,Thiès,Wave,Transfert,Android,45310,0,0,Normal
5989,CUST_30,2025-05-20 08:41:00,Kaolack,Orange Money,Retrait,iPhone,91360,0,0,Normal
5990,CUST_730,2025-04-11 17:43:00,Saint-Louis,Orange Money,Transfert,Android,15352,0,0,Normal
5991,CUST_130,2025-01-19 09:58:00,Dakar,Wave,Paiement,iPhone,40773,0,0,Normal
5992,CUST_202,2025-06-22 15:39:00,Saint-Louis,Free Money,Retrait,iPhone,19712,0,0,Normal
5993,CUST_404,2025-01-01 15:22:00,Thiès,Carte Bancaire,Retrait,iPhone,55196,35,1,Comportement suspect
5994,CUST_263,2025-01-18 10:06:00,Dakar,Wave,Paiement,iPhone,39917,0,0,Normal
5995,CUST_251,2025-02-03 13:12:00,Ziguinchor,Carte Bancaire,Transfert,iPhone,14040,0,0,Normal
5996,CUST_204,2025-01-11 10:16:00,Thiès,Orange Money,Retrait,iPhone,15720,0,0,Normal
5997,CUST_899,2025-02-02 22:33:00,Dakar,Carte Bancaire,Paiement,Android,69902,0,0,Normal
5998,CUST_570,2025-06-25 14:41:00,Saint-Louis,Wave,Transfert,iPhone,8761,0,0,Normal
5999,CUST_270,2025-05-17 18:13:00,Ziguinchor,Carte Bancaire,Transfert,iPhone,8653,35,1,Comportement suspect
6000,CUST_701,2025-05-16 15:50:00,Thiès,Free Money,Retrait,Android,6831,0,0,Normal
6001,CUST_351,2025-02-13 14:46:00,Kaolack,Orange Money,Paiement,iPhone,19380,0,0,Normal
6002,CUST_454,2025-03-30 10:06:00,Dakar,Orange Money,Retrait,Android,6947,0,0,Normal
6003,CUST_194,2025-06-04 14:01:00,Thiès,Orange Money,Retrait,Android,4635,0,0,Normal
6004,CUST_41,2025-04-18 11:03:00,Saint-Louis,Free Money,Retrait,iPhone,15809,0,0,Normal
6005,CUST_522,2025-02-27 09:10:00,Dakar,Carte Bancaire,Transfert,Android,500,0,0,Normal
6006,CUST_923,2025-01-06 06:16:00,Kaolack,Orange Money,Transfert,iPhone,2639,0,0,Normal
6007,CUST_349,2025-01-09 18:56:00,Saint-Louis,Carte Bancaire,Retrait,iPhone,6030,0,0,Normal
6008,CUST_541,2025-05-02 15:48:00,Ziguinchor,Carte Bancaire,Retrait,Android,33759,0,0,Normal
6009,CUST_478,2025-02-20 14:51:00,Dakar,Wave,Paiement,iPhone,41148,0,0,Normal
6010,CUST_431,2025-05-22 11:23:00,Saint-Louis,Wave,Paiement,iPhone,32353,0,0,Normal
6011,CUST_139,2025-03-11 17:39:00,Kaolack,Carte Bancaire,Retrait,iPhone,53611,0,0,Normal
6012,CUST_400,2025-02-03 07:10:00,Ziguinchor,Orange Money,Paiement,Android,30491,0,0,Normal
6013,CUST_184,2025-05-17 07:12:00,Saint-Louis,Free Money,Retrait,iPhone,6734,0,0,Normal
6014,CUST_767,2025-03-30 10:12:00,Kaolack,Free Money,Retrait,Android,38284,0,0,Normal
6015,CUST_453,2025-03-12 14:55:00,Dakar,Carte Bancaire,Paiement,iPhone,49513,0,0,Normal
6016,CUST_633,2025-04-04 10:34:00,Saint-Louis,Carte Bancaire,Retrait,iPhone,14786,0,0,Normal
6017,CUST_118,2025-06-03 10:53:00,Thiès,Wave,Retrait,Android,22200,0,0,Normal
6018,CUST_533,2025-01-14 08:31:00,Dakar,Wave,Transfert,iPhone,24069,0,0,Normal
6019,CUST_511,2025-02-02 13:21:00,Thiès,Orange Money,Paiement,Android,21127,0,0,Normal
6020,CUST_483,2025-01-15 14:46:00,Ziguinchor,Carte Bancaire,Retrait,iPhone,34747,0,0,Normal
6021,CUST_461,2025-04-18 08:55:00,Ziguinchor,Free Money,Retrait,iPhone,68395,0,0,Normal
6022,CUST_642,2025-03-18 09:07:00,Kaolack,Carte Bancaire,Retrait,Android,4316,0,0,Normal
6023,CUST_965,2025-01-24 10:23:00,Thiès,Carte Bancaire,Transfert,Android,69927,0,0,Normal
6024,CUST_7,2025-06-30 19:32:00,Ziguinchor,Wave,Transfert,iPhone,61204,0,0,Normal
6025,CUST_1000,2025-05-17 05:34:00,Dakar,Wave,Transfert,Android,36146,0,0,Normal
6026,CUST_673,2025-06-24 14:35:00,Dakar,Carte Bancaire,Transfert,Android,42631,0,0,Normal
6027,CUST_596,2025-01-02 12:28:00,Ziguinchor,Free Money,Paiement,Android,24632,0,0,Normal
6028,CUST_213,2025-06-10 17:57:00,Ziguinchor,Orange Money,Transfert,Android,50732,0,0,Normal
6029,CUST_771,2025-06-11 12:56:00,Thiès,Orange Money,Retrait,iPhone,36628,0,0,Normal
6030,CUST_311,2025-03-02 11:40:00,Dakar,Carte Bancaire,Transfert,iPhone,45921,0,0,Normal
6031,CUST_670,2025-03-14 09:48:00,Saint-Louis,Free Money,Retrait,Android,500,35,1,Comportement suspect
6032,CUST_538,2025-06-22 10:25:00,Saint-Louis,Orange Money,Paiement,iPhone,11577,0,0,Normal
6033,CUST_802,2025-03-05 11:59:00,Kaolack,Free Money,Paiement,iPhone,12005,0,0,Normal
6034,CUST_401,2025-01-21 11:07:00,Thiès,Carte Bancaire,Transfert,Android,41148,0,0,Normal
6035,CUST_36,2025-04-01 21:45:00,Ziguinchor,Carte Bancaire,Paiement,iPhone,52375,0,0,Normal
6036,CUST_165,2025-03-31 19:22:00,Kaolack,Orange Money,Retrait,iPhone,68150,0,0,Normal
6037,CUST_97,2025-03-08 13:02:00,Kaolack,Wave,Retrait,iPhone,41854,30,0,Normal
6038,CUST_174,2025-05-22 17:55:00,Kaolack,Free Money,Transfert,Android,20124,0,0,Normal
6039,CUST_271,2025-03-21 12:09:00,Dakar,Wave,Retrait,Android,48008,0,0,Normal
6040,CUST_397,2025-06-12 14:38:00,Kaolack,Carte Bancaire,Retrait,Android,15502,0,0,Normal
6041,CUST_293,2025-06-22 12:15:00,Thiès,Free Money,Retrait,Android,43704,0,0,Normal
6042,CUST_570,2025-06-28 11:29:00,Saint-Louis,Orange Money,Retrait,Android,2763,0,0,Normal
6043,CUST_944,2025-05-25 09:31:00,Kaolack,Carte Bancaire,Retrait,Android,24012,0,0,Normal
6044,CUST_742,2025-06-08 23:10:00,Ziguinchor,Orange Money,Transfert,Android,17668,0,0,Normal
6045,CUST_39,2025-01-07 16:56:00,Kaolack,Orange Money,Transfert,Android,36739,0,0,Normal
6046,CUST_875,2025-01-05 08:59:00,Ziguinchor,Wave,Transfert,iPhone,19179,0,0,Normal
6047,CUST_391,2025-02-16 14:40:00,Kaolack,Free Money,Transfert,Android,3636,0,0,Normal
6048,CUST_402,2025-02-15 09:33:00,Ziguinchor,Carte Bancaire,Retrait,Android,4269,0,0,Normal
6049,CUST_294,2025-06-06 06:12:00,Thiès,Orange Money,Retrait,Android,25504,0,0,Normal
6050,CUST_528,2025-01-25 18:20:00,Dakar,Wave,Paiement,Android,29101,0,0,Normal
6051,CUST_519,2025-06-11 09:55:00,Kaolack,Orange Money,Paiement,iPhone,6912,30,0,Normal
6052,CUST_429,2025-01-28 07:01:00,Ziguinchor,Wave,Paiement,iPhone,17573,0,0,Normal
6053,CUST_551,2025-06-23 07:36:00,Kaolack,Free Money,Transfert,Android,10188,0,0,Normal
6054,CUST_551,2025-02-26 07:18:00,Kaolack,Orange Money,Paiement,Android,11023,0,0,Normal
6055,CUST_750,2025-01-22 12:01:00,Ziguinchor,Orange Money,Transfert,Android,41922,0,0,Normal
6056,CUST_72,2025-03-12 06:22:00,Dakar,Free Money,Paiement,iPhone,3173,0,0,Normal
6057,CUST_586,2025-03-16 16:16:00,Saint-Louis,Orange Money,Retrait,Android,29995,0,0,Normal
6058,CUST_389,2025-02-19 10:34:00,Dakar,Wave,Transfert,Android,6642,0,0,Normal
6059,CUST_982,2025-02-19 16:17:00,Saint-Louis,Wave,Retrait,Android,23311,0,0,Normal
6060,CUST_761,2025-01-02 10:22:00,Thiès,Wave,Paiement,Android,35394,0,0,Normal
6061,CUST_997,2025-01-30 10:17:00,Kaolack,Free Money,Transfert,iPhone,14359,0,0,Normal
6062,CUST_641,2025-03-11 11:11:00,Kaolack,Carte Bancaire,Paiement,Android,20575,0,0,Normal
6063,CUST_741,2025-06-07 17:16:00,Kaolack,Wave,Transfert,Android,12769,0,0,Normal
6064,CUST_896,2025-05-16 18:51:00,Kaolack,Orange Money,Paiement,iPhone,6192,0,0,Normal
6065,CUST_721,2025-04-05 10:25:00,Kaolack,Carte Bancaire,Retrait,iPhone,3909,0,0,Normal
6066,CUST_319,2025-04-06 08:37:00,Kaolack,Free Money,Transfert,iPhone,24133,0,0,Normal
6067,CUST_178,2025-02-09 19:07:00,Kaolack,Carte Bancaire,Retrait,iPhone,40315,0,0,Normal
6068,CUST_134,2025-05-27 12:11:00,Kaolack,Free Money,Retrait,iPhone,71114,0,0,Normal
6069,CUST_397,2025-05-18 21:28:00,Kaolack,Free Money,Transfert,Android,33963,0,0,Normal
6070,CUST_777,2025-06-21 13:12:00,Kaolack,Wave,Transfert,Android,5446,0,0,Normal
6071,CUST_71,2025-04-26 10:43:00,Ziguinchor,Free Money,Retrait,iPhone,20304,0,0,Normal
6072,CUST_454,2025-01-05 04:54:00,Dakar,Orange Money,Retrait,Android,14222,25,0,Normal
6073,CUST_397,2025-04-06 13:09:00,Kaolack,Orange Money,Paiement,iPhone,23351,0,0,Normal
6074,CUST_63,2025-05-16 19:06:00,Kaolack,Free Money,Paiement,iPhone,500,0,0,Normal
6075,CUST_413,2025-05-24 16:17:00,Kaolack,Wave,Transfert,Android,500,0,0,Normal
6076,CUST_475,2025-03-07 09:05:00,Kaolack,Carte Bancaire,Retrait,Android,31711,0,0,Normal
6077,CUST_460,2025-06-05 17:59:00,Ziguinchor,Orange Money,Paiement,Android,12109,35,1,Comportement suspect
6078,CUST_982,2025-02-09 13:23:00,Saint-Louis,Carte Bancaire,Paiement,iPhone,29173,0,0,Normal
6079,CUST_224,2025-01-30 08:31:00,Dakar,Free Money,Paiement,Android,25991,0,0,Normal
6080,CUST_592,2025-04-20 18:22:00,Kaolack,Carte Bancaire,Transfert,Android,13196,0,0,Normal
6081,CUST_217,2025-06-27 14:21:00,Kaolack,Orange Money,Paiement,iPhone,2000,0,0,Normal
6082,CUST_111,2025-02-03 14:46:00,Thiès,Wave,Transfert,Android,20765,0,0,Normal
6083,CUST_225,2025-05-11 15:06:00,Saint-Louis,Carte Bancaire,Retrait,Android,79177,0,0,Normal
6084,CUST_630,2025-02-17 21:57:00,Saint-Louis,Carte Bancaire,Retrait,iPhone,16291,0,0,Normal
6085,CUST_108,2025-06-06 11:52:00,Dakar,Carte Bancaire,Transfert,iPhone,16797,0,0,Normal
6086,CUST_252,2025-05-31 02:08:00,Thiès,Free Money,Retrait,iPhone,29842,25,0,Normal
6087,CUST_216,2025-01-20 10:28:00,Dakar,Orange Money,Retrait,iPhone,14348,0,0,Normal
6088,CUST_741,2025-06-11 09:25:00,Kaolack,Free Money,Paiement,iPhone,17731,0,0,Normal
6089,CUST_794,2025-02-27 14:00:00,Saint-Louis,Carte Bancaire,Paiement,iPhone,22580,0,0,Normal
6090,CUST_959,2025-06-24 07:54:00,Ziguinchor,Wave,Retrait,iPhone,36625,0,0,Normal
6091,CUST_536,2025-03-22 09:03:00,Ziguinchor,Orange Money,Transfert,iPhone,39212,0,0,Normal
6092,CUST_601,2025-03-09 18:55:00,Thiès,Free Money,Retrait,iPhone,3042,0,0,Normal
6093,CUST_242,2025-05-08 15:49:00,Thiès,Wave,Transfert,Android,6341,0,0,Normal
6094,CUST_897,2025-02-03 19:29:00,Thiès,Wave,Retrait,Android,53958,0,0,Normal
6095,CUST_29,2025-02-12 10:28:00,Saint-Louis,Orange Money,Retrait,iPhone,26589,0,0,Normal
6096,CUST_586,2025-03-25 16:35:00,Saint-Louis,Free Money,Transfert,Android,12921,0,0,Normal
6097,CUST_783,2025-05-08 14:08:00,Thiès,Free Money,Transfert,iPhone,11561,0,0,Normal
6098,CUST_713,2025-03-08 14:08:00,Kaolack,Carte Bancaire,Paiement,iPhone,500,0,0,Normal
6099,CUST_660,2025-06-20 09:19:00,Dakar,Wave,Transfert,Android,17627,30,0,Normal
6100,CUST_741,2025-04-08 13:43:00,Kaolack,Orange Money,Paiement,Android,25275,0,0,Normal
6101,CUST_624,2025-02-08 15:42:00,Kaolack,Free Money,Retrait,Android,56026,0,0,Normal
6102,CUST_672,2025-04-09 12:28:00,Kaolack,Free Money,Retrait,iPhone,21606,0,0,Normal
6103,CUST_895,2025-02-22 10:31:00,Kaolack,Carte Bancaire,Transfert,iPhone,10822,0,0,Normal
6104,CUST_553,2025-04-22 12:35:00,Thiès,Orange Money,Paiement,iPhone,3331,0,0,Normal
6105,CUST_811,2025-05-27 15:08:00,Dakar,Free Money,Transfert,Android,31969,0,0,Normal
6106,CUST_809,2025-02-02 17:53:00,Thiès,Free Money,Paiement,Android,3863,0,0,Normal
6107,CUST_261,2025-03-27 20:58:00,Kaolack,Wave,Transfert,Android,24309,0,0,Normal
6108,CUST_460,2025-02-14 21:15:00,Dakar,Orange Money,Paiement,Android,4527,0,0,Normal
6109,CUST_454,2025-02-22 08:09:00,Dakar,Carte Bancaire,Retrait,Android,18783,0,0,Normal
6110,CUST_1,2025-03-24 13:59:00,Ziguinchor,Free Money,Paiement,iPhone,10517,35,1,Comportement suspect
6111,CUST_341,2025-03-19 20:27:00,Saint-Louis,Orange Money,Retrait,iPhone,4374,0,0,Normal
6112,CUST_142,2025-03-25 14:49:00,Thiès,Wave,Retrait,Android,39137,0,0,Normal
6113,CUST_157,2025-06-10 17:40:00,Dakar,Free Money,Transfert,iPhone,37108,0,0,Normal
6114,CUST_588,2025-06-27 18:29:00,Ziguinchor,Carte Bancaire,Retrait,Android,20476,0,0,Normal
6115,CUST_449,2025-01-29 10:02:00,Thiès,Wave,Transfert,Android,19221,0,0,Normal
6116,CUST_236,2025-02-18 15:51:00,Ziguinchor,Wave,Retrait,iPhone,41650,0,0,Normal
6117,CUST_748,2025-02-20 06:42:00,Kaolack,Free Money,Retrait,Android,40635,0,0,Normal
6118,CUST_974,2025-03-16 09:08:00,Dakar,Free Money,Transfert,Android,24511,0,0,Normal
6119,CUST_647,2025-01-17 11:26:00,Dakar,Carte Bancaire,Paiement,Android,7644,0,0,Normal
6120,CUST_858,2025-06-01 06:05:00,Thiès,Carte Bancaire,Retrait,iPhone,38357,0,0,Normal
6121,CUST_583,2025-02-01 14:43:00,Saint-Louis,Free Money,Transfert,Android,40498,0,0,Normal
6122,CUST_326,2025-06-11 08:17:00,Dakar,Wave,Transfert,iPhone,26617,0,0,Normal
6123,CUST_257,2025-06-27 11:55:00,Saint-Louis,Wave,Retrait,Android,6174,0,0,Normal
6124,CUST_764,2025-05-03 10:37:00,Dakar,Orange Money,Transfert,Android,23321,0,0,Normal
6125,CUST_402,2025-05-13 17:59:00,Ziguinchor,Free Money,Transfert,Android,19865,0,0,Normal
6126,CUST_833,2025-04-04 13:06:00,Saint-Louis,Wave,Transfert,Android,58012,0,0,Normal
6127,CUST_187,2025-02-15 15:34:00,Dakar,Free Money,Transfert,Android,20410,0,0,Normal
6128,CUST_313,2025-01-11 15:37:00,Thiès,Free Money,Retrait,Android,29523,0,0,Normal
6129,CUST_998,2025-06-21 12:22:00,Ziguinchor,Orange Money,Retrait,iPhone,52857,35,1,Comportement suspect
6130,CUST_74,2025-05-12 09:15:00,Ziguinchor,Carte Bancaire,Paiement,iPhone,500,0,0,Normal
6131,CUST_370,2025-05-12 08:53:00,Kaolack,Carte Bancaire,Paiement,Android,39179,0,0,Normal
6132,CUST_823,2025-02-08 18:20:00,Dakar,Carte Bancaire,Retrait,Android,8663,0,0,Normal
6133,CUST_949,2025-03-02 14:06:00,Thiès,Carte Bancaire,Paiement,iPhone,25951,0,0,Normal
6134,CUST_439,2025-02-27 14:54:00,Saint-Louis,Free Money,Retrait,Android,16129,0,0,Normal
6135,CUST_183,2025-03-27 16:19:00,Thiès,Orange Money,Retrait,iPhone,25772,0,0,Normal
6136,CUST_536,2025-02-23 15:40:00,Ziguinchor,Carte Bancaire,Retrait,Android,25249,0,0,Normal
6137,CUST_317,2025-05-09 12:15:00,Saint-Louis,Carte Bancaire,Transfert,iPhone,500,0,0,Normal
6138,CUST_485,2025-06-21 10:45:00,Kaolack,Carte Bancaire,Transfert,Android,19486,0,0,Normal
6139,CUST_341,2025-06-16 13:21:00,Saint-Louis,Carte Bancaire,Transfert,iPhone,4950,0,0,Normal
6140,CUST_534,2025-06-06 18:46:00,Kaolack,Carte Bancaire,Retrait,iPhone,21885,0,0,Normal
6141,CUST_477,2025-04-26 06:26:00,Thiès,Carte Bancaire,Paiement,iPhone,20856,0,0,Normal
6142,CUST_23,2025-06-01 18:30:00,Ziguinchor,Orange Money,Paiement,iPhone,17383,0,0,Normal
6143,CUST_546,2025-03-06 11:40:00,Saint-Louis,Wave,Retrait,iPhone,8692,0,0,Normal
6144,CUST_951,2025-05-01 16:08:00,Dakar,Orange Money,Retrait,Android,17306,0,0,Normal
6145,CUST_810,2025-04-22 13:54:00,Kaolack,Free Money,Retrait,iPhone,36958,0,0,Normal
6146,CUST_523,2025-03-28 13:42:00,Kaolack,Carte Bancaire,Paiement,iPhone,47105,0,0,Normal
6147,CUST_965,2025-06-19 05:27:00,Thiès,Orange Money,Retrait,Android,33286,0,0,Normal
6148,CUST_77,2025-03-19 10:37:00,Thiès,Orange Money,Paiement,iPhone,6240,0,0,Normal
6149,CUST_32,2025-01-07 10:23:00,Thiès,Orange Money,Paiement,iPhone,32514,0,0,Normal
6150,CUST_700,2025-04-14 13:48:00,Saint-Louis,Wave,Retrait,Android,23487,0,0,Normal
6151,CUST_23,2025-05-12 14:46:00,Ziguinchor,Wave,Retrait,iPhone,10972,0,0,Normal
6152,CUST_804,2025-06-12 06:19:00,Thiès,Carte Bancaire,Transfert,iPhone,7041,0,0,Normal
6153,CUST_132,2025-03-05 19:03:00,Saint-Louis,Free Money,Retrait,iPhone,14863,0,0,Normal
6154,CUST_49,2025-01-27 06:38:00,Kaolack,Wave,Retrait,iPhone,2016,0,0,Normal
6155,CUST_334,2025-04-16 08:09:00,Kaolack,Carte Bancaire,Retrait,Android,12347,0,0,Normal
6156,CUST_932,2025-01-12 17:00:00,Ziguinchor,Orange Money,Transfert,Android,37366,0,0,Normal
6157,CUST_679,2025-03-16 13:15:00,Saint-Louis,Wave,Transfert,Android,4506,0,0,Normal
6158,CUST_444,2025-01-05 02:02:00,Saint-Louis,Orange Money,Transfert,iPhone,25656,25,0,Normal
6159,CUST_98,2025-05-05 04:23:00,Kaolack,Free Money,Paiement,Android,20528,25,0,Normal
6160,CUST_926,2025-01-30 16:07:00,Thiès,Wave,Transfert,iPhone,47337,0,0,Normal
6161,CUST_712,2025-01-02 14:13:00,Thiès,Wave,Retrait,iPhone,63347,0,0,Normal
6162,CUST_181,2025-03-11 05:30:00,Ziguinchor,Carte Bancaire,Paiement,iPhone,26364,0,0,Normal
6163,CUST_158,2025-02-18 13:28:00,Dakar,Orange Money,Retrait,iPhone,500,0,0,Normal
6164,CUST_952,2025-04-01 21:09:00,Kaolack,Free Money,Paiement,Android,500,0,0,Normal
6165,CUST_827,2025-06-14 15:34:00,Kaolack,Free Money,Transfert,Android,5020,0,0,Normal
6166,CUST_647,2025-01-14 15:26:00,Dakar,Wave,Retrait,Android,12567,0,0,Normal
6167,CUST_262,2025-06-13 12:18:00,Ziguinchor,Orange Money,Paiement,Android,39650,0,0,Normal
6168,CUST_883,2025-02-15 18:08:00,Kaolack,Wave,Paiement,iPhone,25674,0,0,Normal
6169,CUST_202,2025-02-06 12:42:00,Saint-Louis,Free Money,Transfert,iPhone,22956,0,0,Normal
6170,CUST_744,2025-04-08 10:09:00,Saint-Louis,Orange Money,Paiement,Android,31057,0,0,Normal
6171,CUST_325,2025-04-03 11:10:00,Ziguinchor,Free Money,Transfert,Android,50956,0,0,Normal
6172,CUST_788,2025-01-15 11:30:00,Saint-Louis,Free Money,Retrait,iPhone,23096,0,0,Normal
6173,CUST_141,2025-02-13 10:17:00,Thiès,Carte Bancaire,Paiement,Android,26054,0,0,Normal
6174,CUST_629,2025-06-22 14:43:00,Saint-Louis,Free Money,Retrait,iPhone,37941,0,0,Normal
6175,CUST_537,2025-01-12 08:08:00,Thiès,Wave,Paiement,iPhone,5495,30,0,Normal
6176,CUST_707,2025-02-25 13:46:00,Dakar,Free Money,Transfert,iPhone,26866,0,0,Normal
6177,CUST_284,2025-04-14 12:23:00,Saint-Louis,Wave,Transfert,Android,728,30,0,Normal
6178,CUST_633,2025-03-12 12:23:00,Saint-Louis,Wave,Retrait,Android,22020,0,0,Normal
6179,CUST_160,2025-06-01 05:12:00,Dakar,Free Money,Transfert,Android,500,0,0,Normal
6180,CUST_126,2025-06-21 15:51:00,Kaolack,Free Money,Transfert,Android,6375,0,0,Normal
6181,CUST_844,2025-06-29 07:36:00,Saint-Louis,Wave,Retrait,Android,27076,30,0,Normal
6182,CUST_694,2025-02-21 21:43:00,Thiès,Wave,Retrait,Android,21253,0,0,Normal
6183,CUST_301,2025-02-23 13:27:00,Saint-Louis,Wave,Paiement,Android,24510,0,0,Normal
6184,CUST_344,2025-05-05 15:15:00,Ziguinchor,Free Money,Retrait,Android,71449,0,0,Normal
6185,CUST_631,2025-01-08 13:05:00,Thiès,Free Money,Retrait,Android,35527,0,0,Normal
6186,CUST_735,2025-06-10 16:41:00,Saint-Louis,Wave,Retrait,iPhone,21456,0,0,Normal
6187,CUST_600,2025-03-22 03:05:00,Saint-Louis,Orange Money,Paiement,iPhone,13769,25,0,Normal
6188,CUST_785,2025-03-18 18:29:00,Saint-Louis,Wave,Paiement,Android,27772,0,0,Normal
6189,CUST_394,2025-03-24 15:53:00,Dakar,Orange Money,Paiement,Android,10545,0,0,Normal
6190,CUST_308,2025-01-23 12:23:00,Dakar,Carte Bancaire,Transfert,Android,72299,0,0,Normal
6191,CUST_792,2025-05-07 15:15:00,Kaolack,Carte Bancaire,Paiement,Android,32831,0,0,Normal
6192,CUST_752,2025-05-31 13:13:00,Saint-Louis,Free Money,Retrait,Android,23028,0,0,Normal
6193,CUST_186,2025-05-02 11:14:00,Kaolack,Carte Bancaire,Retrait,iPhone,23614,0,0,Normal
6194,CUST_961,2025-06-15 19:00:00,Ziguinchor,Orange Money,Paiement,Android,16543,0,0,Normal
6195,CUST_155,2025-03-24 14:50:00,Saint-Louis,Orange Money,Retrait,iPhone,19840,0,0,Normal
6196,CUST_564,2025-03-16 18:01:00,Saint-Louis,Carte Bancaire,Paiement,iPhone,5681,0,0,Normal
6197,CUST_940,2025-04-06 17:46:00,Kaolack,Wave,Paiement,iPhone,22708,0,0,Normal
6198,CUST_427,2025-06-01 13:53:00,Kaolack,Wave,Transfert,iPhone,21434,0,0,Normal
6199,CUST_846,2025-02-11 14:17:00,Ziguinchor,Free Money,Paiement,iPhone,33115,0,0,Normal
6200,CUST_501,2025-06-25 13:02:00,Dakar,Orange Money,Transfert,Android,10937,35,1,Comportement suspect
6201,CUST_878,2025-01-30 17:22:00,Thiès,Free Money,Retrait,iPhone,43927,0,0,Normal
6202,CUST_971,2025-03-01 13:29:00,Dakar,Wave,Paiement,iPhone,25360,0,0,Normal
6203,CUST_854,2025-01-13 13:34:00,Saint-Louis,Free Money,Retrait,Android,500,0,0,Normal
6204,CUST_814,2025-05-26 12:09:00,Kaolack,Orange Money,Paiement,Android,37097,0,0,Normal
6205,CUST_863,2025-04-09 14:56:00,Dakar,Free Money,Transfert,Android,11064,0,0,Normal
6206,CUST_851,2025-04-22 03:20:00,Ziguinchor,Carte Bancaire,Paiement,Android,61357,25,0,Normal
6207,CUST_900,2025-02-18 06:24:00,Kaolack,Carte Bancaire,Transfert,Android,71234,0,0,Normal
6208,CUST_591,2025-05-14 21:36:00,Thiès,Carte Bancaire,Retrait,Android,7919,0,0,Normal
6209,CUST_960,2025-06-22 07:27:00,Ziguinchor,Wave,Paiement,iPhone,15244,0,0,Normal
6210,CUST_245,2025-05-19 04:27:00,Kaolack,Free Money,Retrait,Android,19460,25,0,Normal
6211,CUST_530,2025-04-01 15:53:00,Dakar,Wave,Retrait,Android,42048,0,0,Normal
6212,CUST_575,2025-06-30 15:51:00,Thiès,Wave,Transfert,Android,8793,0,0,Normal
6213,CUST_383,2025-02-05 15:08:00,Dakar,Free Money,Paiement,iPhone,1578,0,0,Normal
6214,CUST_564,2025-02-21 06:43:00,Saint-Louis,Carte Bancaire,Transfert,Android,64958,0,0,Normal
6215,CUST_150,2025-06-30 14:21:00,Dakar,Orange Money,Paiement,iPhone,31858,0,0,Normal
6216,CUST_196,2025-02-05 18:40:00,Saint-Louis,Free Money,Retrait,iPhone,15524,0,0,Normal
6217,CUST_618,2025-01-04 18:16:00,Ziguinchor,Orange Money,Retrait,Android,5777,0,0,Normal
6218,CUST_875,2025-01-11 15:48:00,Ziguinchor,Carte Bancaire,Retrait,Android,25813,0,0,Normal
6219,CUST_574,2025-01-19 11:27:00,Saint-Louis,Free Money,Paiement,iPhone,29909,0,0,Normal
6220,CUST_428,2025-03-16 08:39:00,Dakar,Free Money,Paiement,iPhone,70340,0,0,Normal
6221,CUST_719,2025-05-20 10:41:00,Dakar,Carte Bancaire,Transfert,iPhone,20686,0,0,Normal
6222,CUST_530,2025-02-21 11:55:00,Dakar,Free Money,Paiement,Android,4980,0,0,Normal
6223,CUST_440,2025-02-23 16:25:00,Dakar,Free Money,Transfert,Android,3783,0,0,Normal
6224,CUST_850,2025-02-08 05:50:00,Dakar,Wave,Retrait,Android,7853,0,0,Normal
6225,CUST_587,2025-05-25 16:40:00,Thiès,Wave,Paiement,Android,34929,0,0,Normal
6226,CUST_596,2025-06-03 12:20:00,Dakar,Orange Money,Retrait,Android,11557,35,1,Comportement suspect
6227,CUST_688,2025-06-18 21:48:00,Thiès,Free Money,Retrait,Android,41585,0,0,Normal
6228,CUST_110,2025-05-15 12:53:00,Thiès,Orange Money,Transfert,Android,33161,0,0,Normal
6229,CUST_825,2025-06-26 15:29:00,Dakar,Carte Bancaire,Transfert,iPhone,10492,0,0,Normal
6230,CUST_1,2025-06-02 16:45:00,Dakar,Orange Money,Retrait,iPhone,39931,0,0,Normal
6231,CUST_505,2025-02-04 14:37:00,Ziguinchor,Carte Bancaire,Retrait,Android,33755,0,0,Normal
6232,CUST_324,2025-01-03 09:43:00,Dakar,Wave,Paiement,Android,22287,0,0,Normal
6233,CUST_15,2025-01-18 16:26:00,Saint-Louis,Orange Money,Retrait,Android,24067,0,0,Normal
6234,CUST_417,2025-05-30 12:30:00,Thiès,Free Money,Transfert,Android,91677,0,0,Normal
6235,CUST_855,2025-02-03 12:59:00,Dakar,Orange Money,Retrait,Android,8103,0,0,Normal
6236,CUST_126,2025-02-06 16:08:00,Kaolack,Carte Bancaire,Paiement,Android,6155,0,0,Normal
6237,CUST_784,2025-04-13 14:53:00,Saint-Louis,Orange Money,Transfert,Android,11023,0,0,Normal
6238,CUST_316,2025-03-26 12:47:00,Saint-Louis,Free Money,Transfert,Android,52078,0,0,Normal
6239,CUST_131,2025-05-26 21:32:00,Kaolack,Carte Bancaire,Transfert,iPhone,23331,0,0,Normal
6240,CUST_541,2025-01-05 14:06:00,Ziguinchor,Carte Bancaire,Paiement,iPhone,46266,0,0,Normal
6241,CUST_159,2025-06-26 15:22:00,Kaolack,Wave,Paiement,Android,11629,0,0,Normal
6242,CUST_573,2025-04-09 01:17:00,Dakar,Carte Bancaire,Transfert,iPhone,50323,25,0,Normal
6243,CUST_933,2025-01-07 13:52:00,Dakar,Free Money,Retrait,iPhone,29469,0,0,Normal
6244,CUST_175,2025-03-12 10:31:00,Kaolack,Wave,Retrait,Android,9731,0,0,Normal
6245,CUST_360,2025-06-04 07:43:00,Kaolack,Wave,Paiement,iPhone,6941,0,0,Normal
6246,CUST_984,2025-03-12 15:19:00,Thiès,Carte Bancaire,Retrait,Android,19851,0,0,Normal
6247,CUST_534,2025-04-14 11:45:00,Kaolack,Carte Bancaire,Paiement,Android,43147,0,0,Normal
6248,CUST_214,2025-02-07 08:51:00,Saint-Louis,Free Money,Paiement,Android,71545,0,0,Normal
6249,CUST_770,2025-02-08 00:58:00,Dakar,Orange Money,Retrait,iPhone,500,0,0,Normal
6250,CUST_127,2025-01-17 12:47:00,Dakar,Free Money,Retrait,Android,53300,0,0,Normal
6251,CUST_960,2025-03-30 15:15:00,Ziguinchor,Carte Bancaire,Retrait,Android,21293,0,0,Normal
6252,CUST_135,2025-06-06 15:17:00,Dakar,Carte Bancaire,Paiement,iPhone,2249,0,0,Normal
6253,CUST_505,2025-02-24 17:07:00,Ziguinchor,Wave,Transfert,Android,64619,0,0,Normal
6254,CUST_40,2025-04-07 06:37:00,Ziguinchor,Free Money,Transfert,iPhone,20912,0,0,Normal
6255,CUST_90,2025-01-19 15:46:00,Ziguinchor,Orange Money,Transfert,iPhone,60733,0,0,Normal
6256,CUST_830,2025-02-08 07:33:00,Saint-Louis,Wave,Retrait,iPhone,60687,30,0,Normal
6257,CUST_768,2025-03-03 17:17:00,Saint-Louis,Orange Money,Paiement,Android,17500,0,0,Normal
6258,CUST_155,2025-03-04 16:27:00,Saint-Louis,Wave,Paiement,Android,14901,0,0,Normal
6259,CUST_272,2025-03-28 08:55:00,Thiès,Orange Money,Transfert,Android,3877,0,0,Normal
6260,CUST_200,2025-05-22 17:34:00,Ziguinchor,Carte Bancaire,Retrait,Android,34749,0,0,Normal
6261,CUST_312,2025-03-07 09:05:00,Dakar,Free Money,Transfert,iPhone,30166,0,0,Normal
6262,CUST_208,2025-03-20 10:35:00,Thiès,Free Money,Retrait,iPhone,11250,0,0,Normal
6263,CUST_742,2025-03-10 14:57:00,Ziguinchor,Wave,Paiement,Android,9320,0,0,Normal
6264,CUST_293,2025-01-05 06:29:00,Thiès,Orange Money,Retrait,iPhone,38667,0,0,Normal
6265,CUST_468,2025-04-17 17:32:00,Thiès,Wave,Retrait,Android,19104,0,0,Normal
6266,CUST_346,2025-02-07 13:21:00,Thiès,Carte Bancaire,Paiement,iPhone,4732,0,0,Normal
6267,CUST_324,2025-04-12 05:49:00,Dakar,Wave,Paiement,Android,22049,0,0,Normal
6268,CUST_655,2025-03-01 17:33:00,Thiès,Wave,Transfert,iPhone,8968,30,0,Normal
6269,CUST_170,2025-02-04 07:18:00,Saint-Louis,Free Money,Paiement,iPhone,5522,0,0,Normal
6270,CUST_457,2025-05-18 01:14:00,Kaolack,Wave,Retrait,iPhone,23273,25,0,Normal
6271,CUST_488,2025-02-03 22:32:00,Saint-Louis,Carte Bancaire,Transfert,iPhone,17033,0,0,Normal
6272,CUST_864,2025-02-16 09:06:00,Kaolack,Free Money,Paiement,Android,15793,0,0,Normal
6273,CUST_119,2025-05-10 14:15:00,Ziguinchor,Carte Bancaire,Retrait,iPhone,26339,0,0,Normal
6274,CUST_938,2025-01-16 08:03:00,Kaolack,Free Money,Transfert,Android,13472,0,0,Normal
6275,CUST_32,2025-05-30 14:48:00,Thiès,Orange Money,Transfert,Android,44634,0,0,Normal
6276,CUST_859,2025-05-17 16:41:00,Ziguinchor,Wave,Paiement,Android,52508,0,0,Normal
6277,CUST_996,2025-06-11 13:03:00,Ziguinchor,Orange Money,Transfert,iPhone,56475,0,0,Normal
6278,CUST_664,2025-02-26 09:44:00,Ziguinchor,Free Money,Paiement,iPhone,23066,0,0,Normal
6279,CUST_177,2025-06-12 12:28:00,Kaolack,Free Money,Transfert,iPhone,8539,0,0,Normal
6280,CUST_904,2025-02-25 14:29:00,Ziguinchor,Orange Money,Transfert,Android,20859,0,0,Normal
6281,CUST_777,2025-01-05 10:26:00,Kaolack,Free Money,Retrait,iPhone,500,0,0,Normal
6282,CUST_749,2025-06-07 09:05:00,Thiès,Wave,Paiement,Android,11159,0,0,Normal
6283,CUST_514,2025-04-10 17:48:00,Saint-Louis,Wave,Transfert,iPhone,43459,0,0,Normal
6284,CUST_759,2025-04-09 09:30:00,Kaolack,Orange Money,Paiement,iPhone,28640,0,0,Normal
6285,CUST_744,2025-06-08 12:11:00,Saint-Louis,Carte Bancaire,Transfert,Android,50990,0,0,Normal
6286,CUST_758,2025-01-25 10:49:00,Dakar,Carte Bancaire,Transfert,Android,25902,0,0,Normal
6287,CUST_417,2025-01-16 06:44:00,Thiès,Free Money,Transfert,Android,24125,0,0,Normal
6288,CUST_649,2025-03-27 14:49:00,Saint-Louis,Free Money,Paiement,Android,27500,0,0,Normal
6289,CUST_20,2025-06-09 09:48:00,Kaolack,Free Money,Retrait,iPhone,33671,0,0,Normal
6290,CUST_690,2025-05-30 17:44:00,Kaolack,Carte Bancaire,Paiement,Android,9077,30,0,Normal
6291,CUST_291,2025-03-10 08:24:00,Ziguinchor,Carte Bancaire,Retrait,iPhone,32071,0,0,Normal
6292,CUST_413,2025-04-23 10:42:00,Kaolack,Wave,Transfert,Android,4693,0,0,Normal
6293,CUST_262,2025-05-20 06:12:00,Ziguinchor,Free Money,Paiement,Android,53808,0,0,Normal
6294,CUST_243,2025-04-29 13:07:00,Kaolack,Carte Bancaire,Paiement,Android,24860,0,0,Normal
6295,CUST_202,2025-06-18 08:35:00,Saint-Louis,Carte Bancaire,Retrait,iPhone,14922,0,0,Normal
6296,CUST_495,2025-04-15 16:04:00,Saint-Louis,Carte Bancaire,Paiement,Android,22040,0,0,Normal
6297,CUST_450,2025-03-23 12:09:00,Kaolack,Wave,Paiement,Android,11062,0,0,Normal
6298,CUST_927,2025-03-07 12:14:00,Ziguinchor,Orange Money,Retrait,Android,8077,35,1,Comportement suspect
6299,CUST_601,2025-03-09 02:10:00,Thiès,Free Money,Transfert,Android,12282,25,0,Normal
6300,CUST_217,2025-01-17 16:39:00,Kaolack,Wave,Paiement,iPhone,3516,0,0,Normal
6301,CUST_606,2025-01-04 06:15:00,Ziguinchor,Wave,Transfert,iPhone,25788,0,0,Normal
6302,CUST_397,2025-01-24 10:35:00,Kaolack,Orange Money,Transfert,iPhone,29927,0,0,Normal
6303,CUST_821,2025-01-11 14:32:00,Saint-Louis,Orange Money,Paiement,iPhone,3356,0,0,Normal
6304,CUST_229,2025-01-06 13:54:00,Dakar,Wave,Transfert,iPhone,3088,0,0,Normal
6305,CUST_556,2025-04-15 12:37:00,Thiès,Orange Money,Transfert,iPhone,60040,0,0,Normal
6306,CUST_993,2025-01-21 08:43:00,Thiès,Wave,Retrait,iPhone,62725,0,0,Normal
6307,CUST_878,2025-01-16 07:09:00,Thiès,Wave,Retrait,iPhone,37211,0,0,Normal
6308,CUST_533,2025-03-07 15:30:00,Dakar,Orange Money,Transfert,iPhone,20169,0,0,Normal
6309,CUST_209,2025-03-04 14:19:00,Saint-Louis,Orange Money,Paiement,Android,17551,0,0,Normal
6310,CUST_410,2025-04-10 12:53:00,Saint-Louis,Free Money,Transfert,iPhone,54464,0,0,Normal
6311,CUST_171,2025-05-07 16:59:00,Kaolack,Orange Money,Retrait,iPhone,17795,0,0,Normal
6312,CUST_90,2025-04-03 13:48:00,Ziguinchor,Free Money,Retrait,Android,89406,0,0,Normal
6313,CUST_640,2025-02-02 11:10:00,Dakar,Carte Bancaire,Transfert,Android,25092,0,0,Normal
6314,CUST_383,2025-06-07 11:22:00,Dakar,Free Money,Paiement,iPhone,7761,0,0,Normal
6315,CUST_18,2025-04-17 15:02:00,Dakar,Carte Bancaire,Retrait,Android,1894,0,0,Normal
6316,CUST_448,2025-03-08 09:18:00,Ziguinchor,Free Money,Paiement,iPhone,57117,0,0,Normal
6317,CUST_761,2025-02-20 15:10:00,Thiès,Free Money,Paiement,Android,65507,0,0,Normal
6318,CUST_829,2025-01-29 12:55:00,Ziguinchor,Wave,Paiement,Android,21636,0,0,Normal
6319,CUST_348,2025-05-19 10:41:00,Saint-Louis,Carte Bancaire,Retrait,iPhone,73206,0,0,Normal
6320,CUST_450,2025-05-12 17:22:00,Kaolack,Orange Money,Retrait,iPhone,9910,0,0,Normal
6321,CUST_28,2025-05-31 16:58:00,Kaolack,Wave,Transfert,iPhone,8292,35,1,Comportement suspect
6322,CUST_59,2025-06-22 09:31:00,Thiès,Orange Money,Paiement,iPhone,36384,0,0,Normal
6323,CUST_138,2025-01-29 09:39:00,Ziguinchor,Orange Money,Transfert,iPhone,19011,0,0,Normal
6324,CUST_606,2025-06-15 12:42:00,Ziguinchor,Free Money,Retrait,Android,38639,0,0,Normal
6325,CUST_943,2025-02-08 16:23:00,Saint-Louis,Wave,Paiement,iPhone,4035,0,0,Normal
6326,CUST_328,2025-01-11 14:45:00,Thiès,Free Money,Transfert,Android,15579,0,0,Normal
6327,CUST_745,2025-04-03 12:55:00,Kaolack,Orange Money,Paiement,iPhone,47634,0,0,Normal
6328,CUST_900,2025-05-17 16:24:00,Kaolack,Orange Money,Transfert,iPhone,19675,0,0,Normal
6329,CUST_124,2025-01-13 11:25:00,Dakar,Orange Money,Transfert,iPhone,57097,0,0,Normal
6330,CUST_215,2025-04-25 04:46:00,Dakar,Free Money,Transfert,Android,16916,25,0,Normal
6331,CUST_437,2025-04-27 00:36:00,Saint-Louis,Carte Bancaire,Paiement,iPhone,500,0,0,Normal
6332,CUST_637,2025-02-12 06:52:00,Kaolack,Orange Money,Retrait,Android,39194,0,0,Normal
6333,CUST_753,2025-04-26 09:00:00,Saint-Louis,Carte Bancaire,Transfert,iPhone,19138,0,0,Normal
6334,CUST_91,2025-03-03 13:25:00,Saint-Louis,Orange Money,Retrait,iPhone,15418,0,0,Normal
6335,CUST_935,2025-04-21 15:56:00,Thiès,Free Money,Paiement,iPhone,101621,0,0,Normal
6336,CUST_196,2025-03-07 16:15:00,Saint-Louis,Carte Bancaire,Retrait,iPhone,15144,0,0,Normal
6337,CUST_761,2025-02-01 18:11:00,Thiès,Wave,Retrait,Android,37699,0,0,Normal
6338,CUST_968,2025-05-14 10:14:00,Saint-Louis,Free Money,Retrait,iPhone,31845,0,0,Normal
6339,CUST_233,2025-06-22 16:39:00,Ziguinchor,Orange Money,Transfert,iPhone,14939,35,1,Comportement suspect
6340,CUST_846,2025-06-08 13:12:00,Ziguinchor,Orange Money,Transfert,iPhone,32641,0,0,Normal
6341,CUST_944,2025-04-22 05:46:00,Kaolack,Wave,Paiement,Android,5358,0,0,Normal
6342,CUST_499,2025-06-06 12:26:00,Thiès,Wave,Transfert,iPhone,7984,0,0,Normal
6343,CUST_114,2025-06-24 16:20:00,Thiès,Free Money,Transfert,Android,12674,0,0,Normal
6344,CUST_914,2025-03-16 11:02:00,Thiès,Orange Money,Paiement,Android,500,0,0,Normal
6345,CUST_410,2025-02-02 18:55:00,Saint-Louis,Free Money,Paiement,Android,58670,0,0,Normal
6346,CUST_613,2025-01-10 21:18:00,Saint-Louis,Carte Bancaire,Retrait,Android,13608,0,0,Normal
6347,CUST_735,2025-06-24 13:29:00,Saint-Louis,Carte Bancaire,Paiement,iPhone,13234,0,0,Normal
6348,CUST_317,2025-04-20 10:00:00,Saint-Louis,Wave,Transfert,iPhone,49429,0,0,Normal
6349,CUST_887,2025-06-20 11:59:00,Thiès,Orange Money,Transfert,Android,12891,0,0,Normal
6350,CUST_100,2025-03-01 03:42:00,Dakar,Carte Bancaire,Paiement,Android,43355,25,0,Normal
6351,CUST_217,2025-02-27 13:18:00,Kaolack,Free Money,Transfert,iPhone,2438,0,0,Normal
6352,CUST_703,2025-02-03 18:11:00,Saint-Louis,Carte Bancaire,Retrait,Android,8136,0,0,Normal
6353,CUST_838,2025-01-05 14:12:00,Thiès,Wave,Paiement,Android,46069,0,0,Normal
6354,CUST_627,2025-01-13 16:59:00,Dakar,Orange Money,Transfert,Android,20218,35,1,Comportement suspect
6355,CUST_927,2025-06-02 15:05:00,Dakar,Wave,Retrait,iPhone,9859,0,0,Normal
6356,CUST_969,2025-06-07 15:21:00,Ziguinchor,Carte Bancaire,Paiement,Android,11014,0,0,Normal
6357,CUST_897,2025-06-15 09:54:00,Thiès,Orange Money,Retrait,iPhone,21960,0,0,Normal
6358,CUST_545,2025-06-03 17:42:00,Ziguinchor,Carte Bancaire,Paiement,iPhone,70897,0,0,Normal
6359,CUST_471,2025-01-08 11:18:00,Kaolack,Orange Money,Transfert,iPhone,59728,0,0,Normal
6360,CUST_572,2025-05-19 15:50:00,Thiès,Orange Money,Transfert,Android,19587,0,0,Normal
6361,CUST_363,2025-01-17 11:22:00,Thiès,Carte Bancaire,Transfert,Android,3050,0,0,Normal
6362,CUST_456,2025-04-05 10:00:00,Kaolack,Carte Bancaire,Transfert,iPhone,37916,0,0,Normal
6363,CUST_502,2025-02-09 08:39:00,Kaolack,Orange Money,Paiement,Android,6266,0,0,Normal
6364,CUST_656,2025-05-07 13:30:00,Dakar,Carte Bancaire,Transfert,Android,9174,0,0,Normal
6365,CUST_211,2025-01-04 15:25:00,Saint-Louis,Free Money,Paiement,iPhone,51608,0,0,Normal
6366,CUST_457,2025-05-10 14:46:00,Kaolack,Orange Money,Retrait,Android,43198,0,0,Normal
6367,CUST_619,2025-06-16 18:17:00,Dakar,Wave,Retrait,iPhone,22230,0,0,Normal
6368,CUST_782,2025-06-15 21:11:00,Dakar,Carte Bancaire,Paiement,Android,18825,0,0,Normal
6369,CUST_800,2025-06-10 10:50:00,Ziguinchor,Free Money,Transfert,iPhone,31951,0,0,Normal
6370,CUST_19,2025-02-03 03:50:00,Thiès,Wave,Retrait,iPhone,43892,25,0,Normal
6371,CUST_170,2025-03-12 15:32:00,Saint-Louis,Orange Money,Transfert,Android,7050,0,0,Normal
6372,CUST_672,2025-06-10 17:16:00,Kaolack,Wave,Retrait,iPhone,18115,30,0,Normal
6373,CUST_258,2025-04-27 08:50:00,Ziguinchor,Orange Money,Retrait,iPhone,54908,0,0,Normal
6374,CUST_348,2025-06-24 15:59:00,Saint-Louis,Orange Money,Retrait,Android,55729,0,0,Normal
6375,CUST_374,2025-02-12 11:41:00,Ziguinchor,Free Money,Paiement,Android,3006,0,0,Normal
6376,CUST_590,2025-03-22 12:40:00,Kaolack,Carte Bancaire,Retrait,iPhone,4398,0,0,Normal
6377,CUST_21,2025-05-27 08:54:00,Dakar,Free Money,Transfert,Android,23024,0,0,Normal
6378,CUST_207,2025-06-03 15:38:00,Kaolack,Orange Money,Paiement,iPhone,29473,0,0,Normal
6379,CUST_455,2025-06-18 09:55:00,Thiès,Free Money,Transfert,Android,7339,0,0,Normal
6380,CUST_32,2025-03-04 07:16:00,Thiès,Wave,Transfert,iPhone,46661,0,0,Normal
6381,CUST_141,2025-04-25 16:19:00,Thiès,Free Money,Transfert,iPhone,5532,0,0,Normal
6382,CUST_555,2025-01-02 17:38:00,Saint-Louis,Orange Money,Transfert,iPhone,29011,0,0,Normal
6383,CUST_751,2025-04-16 01:01:00,Ziguinchor,Orange Money,Transfert,iPhone,5283,25,0,Normal
6384,CUST_658,2025-02-19 02:49:00,Kaolack,Wave,Retrait,iPhone,17844,25,0,Normal
6385,CUST_532,2025-03-22 13:21:00,Saint-Louis,Carte Bancaire,Retrait,Android,84606,0,0,Normal
6386,CUST_64,2025-02-08 16:22:00,Dakar,Orange Money,Paiement,iPhone,19767,0,0,Normal
6387,CUST_418,2025-06-10 16:39:00,Thiès,Wave,Retrait,Android,44875,0,0,Normal
6388,CUST_898,2025-04-13 10:15:00,Kaolack,Free Money,Paiement,iPhone,47874,0,0,Normal
6389,CUST_621,2025-03-13 14:29:00,Thiès,Orange Money,Transfert,Android,46385,0,0,Normal
6390,CUST_314,2025-02-07 11:47:00,Ziguinchor,Orange Money,Transfert,Android,4175,0,0,Normal
6391,CUST_980,2025-03-16 16:16:00,Saint-Louis,Carte Bancaire,Transfert,iPhone,13058,0,0,Normal
6392,CUST_80,2025-02-26 08:32:00,Ziguinchor,Free Money,Paiement,iPhone,8902,0,0,Normal
6393,CUST_583,2025-04-19 05:13:00,Saint-Louis,Free Money,Transfert,Android,13495,0,0,Normal
6394,CUST_818,2025-03-23 12:41:00,Kaolack,Orange Money,Retrait,Android,20545,0,0,Normal
6395,CUST_454,2025-03-27 10:46:00,Dakar,Free Money,Retrait,iPhone,25411,0,0,Normal
6396,CUST_584,2025-02-28 17:48:00,Dakar,Carte Bancaire,Transfert,iPhone,40781,0,0,Normal
6397,CUST_324,2025-05-31 19:21:00,Dakar,Free Money,Retrait,iPhone,54119,0,0,Normal
6398,CUST_483,2025-06-04 07:59:00,Ziguinchor,Wave,Paiement,Android,40436,0,0,Normal
6399,CUST_67,2025-01-29 13:17:00,Thiès,Wave,Retrait,Android,29204,0,0,Normal
6400,CUST_362,2025-01-19 05:27:00,Saint-Louis,Free Money,Paiement,Android,30662,0,0,Normal
6401,CUST_99,2025-05-01 10:53:00,Dakar,Free Money,Retrait,Android,27150,0,0,Normal
6402,CUST_340,2025-02-25 05:45:00,Kaolack,Free Money,Transfert,iPhone,24295,0,0,Normal
6403,CUST_161,2025-06-13 07:04:00,Saint-Louis,Orange Money,Transfert,iPhone,3335,0,0,Normal
6404,CUST_903,2025-01-27 19:07:00,Ziguinchor,Carte Bancaire,Paiement,Android,15569,0,0,Normal
6405,CUST_436,2025-02-28 09:53:00,Thiès,Carte Bancaire,Retrait,iPhone,21193,30,0,Normal
6406,CUST_731,2025-04-11 16:55:00,Ziguinchor,Wave,Retrait,iPhone,36906,0,0,Normal
6407,CUST_879,2025-02-17 12:46:00,Dakar,Free Money,Paiement,iPhone,62220,0,0,Normal
6408,CUST_600,2025-01-28 14:10:00,Saint-Louis,Wave,Paiement,Android,7283,0,0,Normal
6409,CUST_46,2025-01-16 08:34:00,Thiès,Carte Bancaire,Transfert,iPhone,9212,0,0,Normal
6410,CUST_72,2025-03-06 12:00:00,Dakar,Orange Money,Paiement,Android,500,0,0,Normal
6411,CUST_593,2025-05-04 10:20:00,Ziguinchor,Free Money,Retrait,iPhone,15166,0,0,Normal
6412,CUST_440,2025-04-01 07:48:00,Dakar,Free Money,Transfert,Android,10118,0,0,Normal
6413,CUST_368,2025-01-25 06:17:00,Saint-Louis,Orange Money,Retrait,iPhone,13169,0,0,Normal
6414,CUST_346,2025-05-12 13:57:00,Thiès,Wave,Paiement,Android,4254,0,0,Normal
6415,CUST_211,2025-06-05 21:25:00,Saint-Louis,Wave,Transfert,Android,64887,30,0,Normal
6416,CUST_549,2025-03-06 08:06:00,Ziguinchor,Free Money,Paiement,iPhone,51633,0,0,Normal
6417,CUST_382,2025-06-09 11:02:00,Dakar,Wave,Retrait,iPhone,4146,0,0,Normal
6418,CUST_384,2025-05-10 07:01:00,Kaolack,Carte Bancaire,Transfert,Android,64133,0,0,Normal
6419,CUST_922,2025-05-22 16:53:00,Saint-Louis,Wave,Paiement,iPhone,51644,0,0,Normal
6420,CUST_770,2025-05-17 19:52:00,Dakar,Wave,Retrait,Android,500,0,0,Normal
6421,CUST_835,2025-03-16 11:19:00,Dakar,Orange Money,Transfert,iPhone,15920,0,0,Normal
6422,CUST_446,2025-01-08 11:58:00,Thiès,Carte Bancaire,Transfert,Android,1589,0,0,Normal
6423,CUST_477,2025-05-19 09:43:00,Thiès,Orange Money,Transfert,iPhone,4687,0,0,Normal
6424,CUST_591,2025-03-01 11:02:00,Thiès,Carte Bancaire,Transfert,iPhone,15394,0,0,Normal
6425,CUST_550,2025-06-28 13:03:00,Dakar,Carte Bancaire,Transfert,Android,9001,0,0,Normal
6426,CUST_187,2025-03-12 06:31:00,Dakar,Orange Money,Retrait,iPhone,33200,0,0,Normal
6427,CUST_478,2025-02-02 17:36:00,Dakar,Orange Money,Paiement,Android,29426,0,0,Normal
6428,CUST_190,2025-02-01 14:41:00,Dakar,Wave,Paiement,Android,13881,0,0,Normal
6429,CUST_832,2025-06-12 12:40:00,Ziguinchor,Orange Money,Retrait,iPhone,12799,0,0,Normal
6430,CUST_792,2025-06-27 14:08:00,Kaolack,Orange Money,Paiement,Android,16223,0,0,Normal
6431,CUST_835,2025-05-15 12:47:00,Dakar,Wave,Paiement,Android,53460,0,0,Normal
6432,CUST_507,2025-03-22 07:22:00,Ziguinchor,Orange Money,Transfert,Android,37612,35,1,Comportement suspect
6433,CUST_261,2025-06-28 06:46:00,Kaolack,Wave,Retrait,Android,26696,0,0,Normal
6434,CUST_627,2025-05-20 16:25:00,Kaolack,Wave,Paiement,Android,21307,0,0,Normal
6435,CUST_717,2025-04-15 22:54:00,Thiès,Orange Money,Transfert,iPhone,20005,0,0,Normal
6436,CUST_944,2025-06-16 16:37:00,Kaolack,Free Money,Transfert,Android,15390,0,0,Normal
6437,CUST_237,2025-06-20 17:07:00,Saint-Louis,Orange Money,Transfert,iPhone,18336,0,0,Normal
6438,CUST_875,2025-03-31 15:12:00,Ziguinchor,Carte Bancaire,Transfert,iPhone,13569,0,0,Normal
6439,CUST_889,2025-04-29 20:57:00,Thiès,Free Money,Retrait,Android,22446,0,0,Normal
6440,CUST_328,2025-03-10 10:26:00,Thiès,Wave,Paiement,Android,11096,0,0,Normal
6441,CUST_968,2025-01-26 10:59:00,Saint-Louis,Wave,Transfert,Android,33321,0,0,Normal
6442,CUST_981,2025-04-24 15:07:00,Thiès,Carte Bancaire,Paiement,iPhone,3710,0,0,Normal
6443,CUST_878,2025-01-17 13:42:00,Thiès,Orange Money,Paiement,Android,35115,0,0,Normal
6444,CUST_649,2025-06-22 01:36:00,Saint-Louis,Orange Money,Retrait,iPhone,13768,25,0,Normal
6445,CUST_940,2025-04-25 08:55:00,Kaolack,Orange Money,Retrait,iPhone,16109,0,0,Normal
6446,CUST_246,2025-03-14 14:42:00,Kaolack,Orange Money,Transfert,Android,34717,0,0,Normal
6447,CUST_897,2025-03-10 11:13:00,Thiès,Orange Money,Paiement,iPhone,38247,0,0,Normal
6448,CUST_445,2025-02-05 07:11:00,Saint-Louis,Orange Money,Retrait,Android,5916,0,0,Normal
6449,CUST_8,2025-02-09 13:56:00,Thiès,Orange Money,Retrait,Android,32911,0,0,Normal
6450,CUST_712,2025-04-28 17:31:00,Thiès,Wave,Retrait,Android,18942,0,0,Normal
6451,CUST_597,2025-02-18 15:23:00,Saint-Louis,Carte Bancaire,Retrait,iPhone,19757,0,0,Normal
6452,CUST_596,2025-04-22 14:07:00,Ziguinchor,Free Money,Transfert,iPhone,16107,0,0,Normal
6453,CUST_732,2025-03-10 06:07:00,Dakar,Carte Bancaire,Transfert,Android,11772,0,0,Normal
6454,CUST_417,2025-01-16 10:39:00,Thiès,Carte Bancaire,Paiement,Android,21396,0,0,Normal
6455,CUST_54,2025-03-19 05:08:00,Thiès,Wave,Transfert,Android,20394,30,0,Normal
6456,CUST_732,2025-04-20 16:26:00,Dakar,Carte Bancaire,Paiement,Android,14437,0,0,Normal
6457,CUST_952,2025-04-28 22:12:00,Kaolack,Orange Money,Transfert,Android,25562,0,0,Normal
6458,CUST_481,2025-04-14 10:41:00,Kaolack,Free Money,Retrait,iPhone,17238,0,0,Normal
6459,CUST_217,2025-04-29 13:49:00,Kaolack,Orange Money,Retrait,iPhone,3953,0,0,Normal
6460,CUST_221,2025-02-22 08:49:00,Kaolack,Orange Money,Retrait,iPhone,22250,0,0,Normal
6461,CUST_489,2025-03-26 12:52:00,Saint-Louis,Free Money,Retrait,Android,57690,0,0,Normal
6462,CUST_254,2025-03-20 13:28:00,Saint-Louis,Orange Money,Paiement,iPhone,21190,0,0,Normal
6463,CUST_218,2025-02-04 03:48:00,Ziguinchor,Free Money,Transfert,Android,10797,25,0,Normal
6464,CUST_241,2025-01-02 19:47:00,Thiès,Orange Money,Paiement,Android,43531,0,0,Normal
6465,CUST_630,2025-02-09 14:53:00,Saint-Louis,Free Money,Paiement,Android,36569,0,0,Normal
6466,CUST_312,2025-02-21 08:26:00,Dakar,Carte Bancaire,Transfert,Android,22150,0,0,Normal
6467,CUST_933,2025-04-04 16:38:00,Dakar,Wave,Transfert,iPhone,52944,0,0,Normal
6468,CUST_941,2025-04-17 13:18:00,Kaolack,Carte Bancaire,Transfert,iPhone,5741,35,1,Comportement suspect
6469,CUST_264,2025-01-24 10:13:00,Kaolack,Wave,Paiement,iPhone,30294,0,0,Normal
6470,CUST_599,2025-04-30 20:00:00,Thiès,Orange Money,Transfert,iPhone,37340,0,0,Normal
6471,CUST_893,2025-01-07 19:01:00,Saint-Louis,Free Money,Retrait,iPhone,64791,0,0,Normal
6472,CUST_930,2025-03-04 19:26:00,Saint-Louis,Wave,Transfert,iPhone,65897,0,0,Normal
6473,CUST_904,2025-03-17 11:48:00,Ziguinchor,Carte Bancaire,Transfert,Android,30905,0,0,Normal
6474,CUST_794,2025-06-13 03:34:00,Saint-Louis,Carte Bancaire,Retrait,Android,21753,25,0,Normal
6475,CUST_355,2025-06-20 11:57:00,Dakar,Wave,Transfert,Android,32605,0,0,Normal
6476,CUST_61,2025-04-11 13:34:00,Dakar,Carte Bancaire,Paiement,Android,21022,0,0,Normal
6477,CUST_154,2025-02-25 16:54:00,Kaolack,Carte Bancaire,Transfert,Android,11445,0,0,Normal
6478,CUST_448,2025-06-09 14:13:00,Saint-Louis,Carte Bancaire,Retrait,iPhone,19400,35,1,Comportement suspect
6479,CUST_500,2025-06-22 01:26:00,Dakar,Carte Bancaire,Paiement,iPhone,37268,25,0,Normal
6480,CUST_546,2025-06-22 12:38:00,Saint-Louis,Carte Bancaire,Paiement,iPhone,8423,0,0,Normal
6481,CUST_755,2025-04-06 12:58:00,Saint-Louis,Free Money,Transfert,Android,41384,0,0,Normal
6482,CUST_717,2025-02-19 09:43:00,Thiès,Orange Money,Transfert,Android,33125,0,0,Normal
6483,CUST_369,2025-05-18 17:07:00,Dakar,Orange Money,Retrait,Android,42903,35,1,Comportement suspect
6484,CUST_589,2025-05-18 13:21:00,Ziguinchor,Carte Bancaire,Retrait,iPhone,13515,0,0,Normal
6485,CUST_251,2025-01-10 10:19:00,Ziguinchor,Free Money,Retrait,iPhone,1732,0,0,Normal
6486,CUST_527,2025-02-25 12:07:00,Saint-Louis,Carte Bancaire,Retrait,Android,57661,0,0,Normal
6487,CUST_480,2025-05-10 20:23:00,Ziguinchor,Free Money,Retrait,Android,15398,0,0,Normal
6488,CUST_586,2025-02-08 15:33:00,Saint-Louis,Free Money,Paiement,Android,29334,0,0,Normal
6489,CUST_197,2025-05-12 14:49:00,Thiès,Carte Bancaire,Paiement,Android,1980,0,0,Normal
6490,CUST_753,2025-05-01 14:02:00,Saint-Louis,Carte Bancaire,Retrait,Android,27146,0,0,Normal
6491,CUST_17,2025-05-26 13:06:00,Dakar,Orange Money,Transfert,iPhone,31805,0,0,Normal
6492,CUST_823,2025-03-31 21:36:00,Dakar,Orange Money,Transfert,iPhone,7297,0,0,Normal
6493,CUST_324,2025-02-11 10:31:00,Dakar,Wave,Retrait,iPhone,61155,0,0,Normal
6494,CUST_127,2025-04-29 12:08:00,Dakar,Carte Bancaire,Retrait,iPhone,19383,0,0,Normal
6495,CUST_350,2025-02-18 15:55:00,Kaolack,Carte Bancaire,Retrait,Android,41378,0,0,Normal
6496,CUST_264,2025-05-18 09:33:00,Kaolack,Free Money,Retrait,iPhone,31407,0,0,Normal
6497,CUST_874,2025-05-26 12:28:00,Thiès,Carte Bancaire,Retrait,Android,21849,0,0,Normal
6498,CUST_365,2025-03-05 20:51:00,Saint-Louis,Wave,Transfert,iPhone,9723,0,0,Normal
6499,CUST_177,2025-03-11 01:23:00,Kaolack,Carte Bancaire,Paiement,iPhone,7500,25,0,Normal
6500,CUST_752,2025-04-30 17:03:00,Saint-Louis,Wave,Paiement,iPhone,25482,0,0,Normal
6501,CUST_893,2025-06-15 15:34:00,Saint-Louis,Wave,Transfert,Android,67690,0,0,Normal
6502,CUST_977,2025-01-30 11:17:00,Thiès,Orange Money,Retrait,Android,8038,0,0,Normal
6503,CUST_379,2025-04-24 17:26:00,Saint-Louis,Wave,Transfert,Android,17585,0,0,Normal
6504,CUST_584,2025-05-16 11:55:00,Dakar,Orange Money,Transfert,Android,39742,0,0,Normal
6505,CUST_30,2025-02-25 13:32:00,Kaolack,Free Money,Paiement,iPhone,32156,0,0,Normal
6506,CUST_702,2025-06-03 05:15:00,Ziguinchor,Orange Money,Paiement,Android,11190,0,0,Normal
6507,CUST_231,2025-05-24 06:36:00,Saint-Louis,Wave,Retrait,Android,23188,0,0,Normal
6508,CUST_586,2025-06-16 13:48:00,Saint-Louis,Free Money,Paiement,Android,20625,0,0,Normal
6509,CUST_322,2025-03-31 21:21:00,Thiès,Orange Money,Retrait,iPhone,45563,35,1,Comportement suspect
6510,CUST_229,2025-06-30 10:20:00,Dakar,Orange Money,Transfert,Android,19645,0,0,Normal
6511,CUST_604,2025-01-22 16:20:00,Kaolack,Wave,Transfert,iPhone,16522,0,0,Normal
6512,CUST_641,2025-05-11 17:35:00,Kaolack,Free Money,Paiement,iPhone,22536,0,0,Normal
6513,CUST_966,2025-05-20 06:20:00,Dakar,Carte Bancaire,Paiement,iPhone,500,0,0,Normal
6514,CUST_261,2025-05-28 18:05:00,Kaolack,Wave,Paiement,Android,9895,0,0,Normal
6515,CUST_495,2025-02-18 18:33:00,Saint-Louis,Carte Bancaire,Paiement,Android,28780,0,0,Normal
6516,CUST_280,2025-02-24 15:17:00,Thiès,Carte Bancaire,Retrait,iPhone,22945,0,0,Normal
6517,CUST_380,2025-03-16 13:50:00,Thiès,Orange Money,Retrait,Android,14025,0,0,Normal
6518,CUST_890,2025-04-07 16:45:00,Thiès,Free Money,Transfert,Android,33966,0,0,Normal
6519,CUST_273,2025-06-14 14:14:00,Saint-Louis,Orange Money,Transfert,iPhone,40440,0,0,Normal
6520,CUST_631,2025-04-04 17:25:00,Thiès,Free Money,Retrait,Android,24811,30,0,Normal
6521,CUST_955,2025-06-11 07:22:00,Saint-Louis,Wave,Transfert,Android,28394,0,0,Normal
6522,CUST_816,2025-06-20 09:17:00,Ziguinchor,Wave,Transfert,iPhone,2122,0,0,Normal
6523,CUST_760,2025-01-14 22:39:00,Saint-Louis,Orange Money,Transfert,Android,11905,0,0,Normal
6524,CUST_326,2025-01-28 18:15:00,Dakar,Free Money,Transfert,Android,29228,0,0,Normal
6525,CUST_118,2025-06-21 11:44:00,Thiès,Orange Money,Transfert,Android,42872,0,0,Normal
6526,CUST_911,2025-05-21 21:35:00,Ziguinchor,Carte Bancaire,Paiement,Android,62158,0,0,Normal
6527,CUST_303,2025-02-26 14:10:00,Ziguinchor,Free Money,Retrait,Android,58682,0,0,Normal
6528,CUST_244,2025-04-05 10:52:00,Saint-Louis,Wave,Retrait,Android,41471,0,0,Normal
6529,CUST_620,2025-06-24 20:32:00,Thiès,Wave,Transfert,iPhone,2003,0,0,Normal
6530,CUST_459,2025-03-13 08:11:00,Ziguinchor,Carte Bancaire,Retrait,Android,31932,0,0,Normal
6531,CUST_63,2025-06-06 15:25:00,Kaolack,Orange Money,Transfert,iPhone,38418,0,0,Normal
6532,CUST_603,2025-03-11 10:34:00,Saint-Louis,Free Money,Transfert,iPhone,7413,0,0,Normal
6533,CUST_489,2025-02-25 16:47:00,Saint-Louis,Wave,Retrait,Android,28162,0,0,Normal
6534,CUST_707,2025-04-16 07:08:00,Dakar,Free Money,Retrait,iPhone,36429,0,0,Normal
6535,CUST_207,2025-05-24 10:30:00,Kaolack,Carte Bancaire,Retrait,Android,13083,0,0,Normal
6536,CUST_360,2025-02-03 08:13:00,Kaolack,Carte Bancaire,Retrait,Android,8552,0,0,Normal
6537,CUST_508,2025-05-20 11:24:00,Dakar,Wave,Transfert,iPhone,39883,0,0,Normal
6538,CUST_697,2025-06-02 14:24:00,Thiès,Free Money,Paiement,iPhone,26217,0,0,Normal
6539,CUST_709,2025-01-01 12:54:00,Ziguinchor,Carte Bancaire,Paiement,Android,28151,0,0,Normal
6540,CUST_399,2025-04-06 10:06:00,Kaolack,Free Money,Retrait,Android,41535,0,0,Normal
6541,CUST_504,2025-05-06 18:52:00,Saint-Louis,Wave,Transfert,Android,72599,0,0,Normal
6542,CUST_289,2025-03-15 12:31:00,Ziguinchor,Carte Bancaire,Retrait,iPhone,35115,0,0,Normal
6543,CUST_41,2025-04-15 11:15:00,Saint-Louis,Free Money,Retrait,iPhone,22263,0,0,Normal
6544,CUST_943,2025-01-06 10:45:00,Saint-Louis,Carte Bancaire,Transfert,Android,29450,0,0,Normal
6545,CUST_553,2025-04-29 13:55:00,Thiès,Free Money,Paiement,iPhone,9231,0,0,Normal
6546,CUST_212,2025-04-27 14:55:00,Saint-Louis,Carte Bancaire,Paiement,Android,3662,0,0,Normal
6547,CUST_149,2025-02-20 09:55:00,Saint-Louis,Wave,Retrait,iPhone,29060,0,0,Normal
6548,CUST_364,2025-04-21 12:26:00,Thiès,Free Money,Paiement,iPhone,5855,0,0,Normal
6549,CUST_302,2025-03-20 16:19:00,Saint-Louis,Wave,Paiement,iPhone,38845,0,0,Normal
6550,CUST_779,2025-03-12 10:59:00,Thiès,Orange Money,Paiement,Android,9339,0,0,Normal
6551,CUST_1000,2025-04-17 08:00:00,Dakar,Free Money,Paiement,iPhone,32366,0,0,Normal
6552,CUST_361,2025-06-04 13:17:00,Dakar,Free Money,Paiement,Android,47189,0,0,Normal
6553,CUST_731,2025-05-02 15:02:00,Ziguinchor,Free Money,Retrait,Android,18339,0,0,Normal
6554,CUST_327,2025-03-29 08:44:00,Dakar,Free Money,Transfert,Android,8446,0,0,Normal
6555,CUST_303,2025-01-13 11:37:00,Ziguinchor,Carte Bancaire,Transfert,iPhone,33255,0,0,Normal
6556,CUST_66,2025-03-26 13:49:00,Kaolack,Wave,Retrait,iPhone,39088,0,0,Normal
6557,CUST_875,2025-03-02 00:37:00,Ziguinchor,Carte Bancaire,Retrait,iPhone,21584,0,0,Normal
6558,CUST_102,2025-05-27 10:28:00,Kaolack,Carte Bancaire,Transfert,Android,33271,0,0,Normal
6559,CUST_455,2025-05-08 13:51:00,Thiès,Free Money,Retrait,Android,2093,0,0,Normal
6560,CUST_274,2025-01-29 08:11:00,Dakar,Orange Money,Retrait,iPhone,58905,0,0,Normal
6561,CUST_350,2025-03-01 12:01:00,Kaolack,Carte Bancaire,Transfert,iPhone,13903,0,0,Normal
6562,CUST_230,2025-02-17 16:44:00,Thiès,Free Money,Paiement,iPhone,25567,0,0,Normal
6563,CUST_407,2025-05-25 21:51:00,Kaolack,Free Money,Paiement,Android,12593,0,0,Normal
6564,CUST_364,2025-01-08 08:21:00,Thiès,Wave,Transfert,Android,7118,0,0,Normal
6565,CUST_388,2025-02-13 13:21:00,Kaolack,Carte Bancaire,Transfert,iPhone,9255,0,0,Normal
6566,CUST_38,2025-05-22 14:00:00,Ziguinchor,Free Money,Retrait,iPhone,43163,0,0,Normal
6567,CUST_121,2025-03-14 14:56:00,Dakar,Orange Money,Transfert,iPhone,31112,0,0,Normal
6568,CUST_550,2025-02-03 09:07:00,Dakar,Carte Bancaire,Retrait,Android,5429,0,0,Normal
6569,CUST_473,2025-01-31 12:26:00,Ziguinchor,Wave,Retrait,Android,4755,0,0,Normal
6570,CUST_558,2025-01-18 16:55:00,Ziguinchor,Carte Bancaire,Retrait,iPhone,7254,0,0,Normal
6571,CUST_210,2025-05-10 09:05:00,Dakar,Orange Money,Transfert,iPhone,78657,0,0,Normal
6572,CUST_991,2025-03-11 06:56:00,Ziguinchor,Wave,Paiement,Android,10510,0,0,Normal
6573,CUST_708,2025-02-22 16:01:00,Kaolack,Wave,Retrait,iPhone,42651,0,0,Normal
6574,CUST_791,2025-06-15 07:57:00,Kaolack,Wave,Transfert,Android,34789,0,0,Normal
6575,CUST_161,2025-06-26 07:22:00,Saint-Louis,Free Money,Paiement,Android,23644,0,0,Normal
6576,CUST_928,2025-05-24 08:02:00,Ziguinchor,Carte Bancaire,Paiement,Android,36914,0,0,Normal
6577,CUST_322,2025-04-06 13:10:00,Dakar,Free Money,Paiement,iPhone,36121,0,0,Normal
6578,CUST_178,2025-04-08 11:00:00,Kaolack,Carte Bancaire,Transfert,iPhone,32880,0,0,Normal
6579,CUST_267,2025-06-09 10:56:00,Thiès,Orange Money,Paiement,Android,20649,0,0,Normal
6580,CUST_131,2025-01-19 11:08:00,Kaolack,Wave,Paiement,iPhone,33940,0,0,Normal
6581,CUST_82,2025-05-20 16:39:00,Ziguinchor,Free Money,Transfert,Android,73685,0,0,Normal
6582,CUST_425,2025-01-29 13:54:00,Ziguinchor,Free Money,Transfert,iPhone,10691,0,0,Normal
6583,CUST_262,2025-04-20 15:40:00,Ziguinchor,Orange Money,Paiement,iPhone,53887,0,0,Normal
6584,CUST_3,2025-02-10 12:50:00,Kaolack,Orange Money,Transfert,Android,27039,0,0,Normal
6585,CUST_202,2025-01-05 15:38:00,Saint-Louis,Carte Bancaire,Transfert,iPhone,11908,0,0,Normal
6586,CUST_374,2025-03-26 18:49:00,Ziguinchor,Orange Money,Paiement,Android,26790,0,0,Normal
6587,CUST_887,2025-02-28 13:26:00,Thiès,Orange Money,Paiement,Android,7970,0,0,Normal
6588,CUST_717,2025-06-27 22:39:00,Thiès,Carte Bancaire,Paiement,iPhone,30680,0,0,Normal
6589,CUST_960,2025-02-17 18:49:00,Ziguinchor,Orange Money,Paiement,Android,18218,0,0,Normal
6590,CUST_766,2025-02-27 10:58:00,Thiès,Orange Money,Paiement,iPhone,39279,0,0,Normal
6591,CUST_719,2025-06-06 13:14:00,Dakar,Wave,Transfert,Android,36063,0,0,Normal
6592,CUST_873,2025-06-06 06:35:00,Ziguinchor,Wave,Transfert,Android,89247,0,0,Normal
6593,CUST_241,2025-01-07 22:24:00,Thiès,Orange Money,Transfert,Android,16587,0,0,Normal
6594,CUST_421,2025-04-29 14:10:00,Dakar,Free Money,Paiement,Android,2623,0,0,Normal
6595,CUST_322,2025-02-20 03:54:00,Dakar,Wave,Retrait,iPhone,17614,25,0,Normal
6596,CUST_218,2025-03-31 10:33:00,Ziguinchor,Wave,Retrait,iPhone,500,0,0,Normal
6597,CUST_19,2025-04-17 11:03:00,Thiès,Orange Money,Retrait,iPhone,100948,0,0,Normal
6598,CUST_159,2025-05-02 12:57:00,Kaolack,Carte Bancaire,Paiement,Android,45754,0,0,Normal
6599,CUST_198,2025-03-30 19:22:00,Dakar,Carte Bancaire,Transfert,Android,3248,0,0,Normal
6600,CUST_531,2025-02-22 17:11:00,Thiès,Orange Money,Paiement,iPhone,19088,0,0,Normal
6601,CUST_629,2025-06-26 16:26:00,Saint-Louis,Carte Bancaire,Transfert,iPhone,22793,0,0,Normal
6602,CUST_658,2025-03-12 11:29:00,Kaolack,Wave,Paiement,Android,10136,0,0,Normal
6603,CUST_392,2025-05-13 12:34:00,Dakar,Wave,Paiement,iPhone,37425,0,0,Normal
6604,CUST_628,2025-02-19 04:12:00,Dakar,Orange Money,Transfert,Android,18516,25,0,Normal
6605,CUST_714,2025-03-29 02:39:00,Ziguinchor,Free Money,Transfert,Android,44939,25,0,Normal
6606,CUST_326,2025-06-22 08:58:00,Dakar,Free Money,Paiement,Android,44584,0,0,Normal
6607,CUST_422,2025-06-19 09:21:00,Thiès,Carte Bancaire,Paiement,iPhone,16590,0,0,Normal
6608,CUST_187,2025-06-18 13:33:00,Dakar,Wave,Paiement,iPhone,35768,0,0,Normal
6609,CUST_529,2025-04-11 19:33:00,Ziguinchor,Orange Money,Transfert,Android,11144,0,0,Normal
6610,CUST_319,2025-03-19 14:52:00,Kaolack,Carte Bancaire,Paiement,Android,17258,0,0,Normal
6611,CUST_814,2025-06-22 13:15:00,Kaolack,Free Money,Transfert,Android,15939,0,0,Normal
6612,CUST_536,2025-04-27 12:12:00,Ziguinchor,Free Money,Paiement,Android,63072,0,0,Normal
6613,CUST_834,2025-05-20 18:25:00,Ziguinchor,Orange Money,Paiement,iPhone,14095,0,0,Normal
6614,CUST_464,2025-03-01 19:48:00,Ziguinchor,Free Money,Retrait,iPhone,20805,0,0,Normal
6615,CUST_10,2025-01-16 16:24:00,Ziguinchor,Free Money,Retrait,iPhone,41811,0,0,Normal
6616,CUST_384,2025-03-14 00:06:00,Thiès,Wave,Transfert,iPhone,26013,35,1,Comportement suspect
6617,CUST_522,2025-03-12 07:32:00,Dakar,Orange Money,Transfert,Android,1522,0,0,Normal
6618,CUST_743,2025-03-26 07:34:00,Ziguinchor,Carte Bancaire,Retrait,Android,54191,0,0,Normal
6619,CUST_252,2025-06-27 16:43:00,Thiès,Wave,Paiement,iPhone,24915,0,0,Normal
6620,CUST_800,2025-05-05 10:59:00,Kaolack,Free Money,Transfert,Android,20105,35,1,Comportement suspect
6621,CUST_604,2025-06-17 09:24:00,Kaolack,Wave,Transfert,Android,50390,0,0,Normal
6622,CUST_406,2025-03-27 08:43:00,Kaolack,Carte Bancaire,Paiement,iPhone,8107,0,0,Normal
6623,CUST_317,2025-02-22 10:36:00,Saint-Louis,Wave,Retrait,Android,39220,0,0,Normal
6624,CUST_435,2025-02-10 21:30:00,Saint-Louis,Carte Bancaire,Retrait,iPhone,20880,0,0,Normal
6625,CUST_990,2025-01-13 14:39:00,Thiès,Free Money,Transfert,iPhone,9708,0,0,Normal
6626,CUST_525,2025-01-14 14:02:00,Kaolack,Free Money,Retrait,iPhone,6426,0,0,Normal
6627,CUST_579,2025-06-20 18:20:00,Ziguinchor,Free Money,Retrait,iPhone,12941,0,0,Normal
6628,CUST_464,2025-02-26 00:59:00,Ziguinchor,Orange Money,Paiement,Android,14934,0,0,Normal
6629,CUST_493,2025-03-20 14:01:00,Saint-Louis,Orange Money,Transfert,Android,43745,0,0,Normal
6630,CUST_813,2025-06-27 18:38:00,Dakar,Carte Bancaire,Transfert,iPhone,10368,0,0,Normal
6631,CUST_557,2025-04-08 11:59:00,Saint-Louis,Orange Money,Retrait,iPhone,500,35,1,Comportement suspect
6632,CUST_276,2025-03-15 01:26:00,Ziguinchor,Carte Bancaire,Retrait,Android,56949,25,0,Normal
6633,CUST_391,2025-05-01 14:42:00,Kaolack,Orange Money,Transfert,iPhone,13734,0,0,Normal
6634,CUST_334,2025-04-08 11:16:00,Kaolack,Carte Bancaire,Paiement,iPhone,26090,0,0,Normal
6635,CUST_241,2025-03-06 15:58:00,Thiès,Free Money,Transfert,iPhone,43032,0,0,Normal
6636,CUST_883,2025-04-15 13:50:00,Kaolack,Orange Money,Transfert,iPhone,68509,0,0,Normal
6637,CUST_641,2025-06-21 09:28:00,Dakar,Free Money,Retrait,iPhone,9315,35,1,Comportement suspect
6638,CUST_34,2025-02-10 08:35:00,Thiès,Carte Bancaire,Transfert,Android,11827,0,0,Normal
6639,CUST_662,2025-04-08 03:40:00,Ziguinchor,Wave,Transfert,Android,21121,25,0,Normal
6640,CUST_820,2025-01-16 01:46:00,Ziguinchor,Orange Money,Transfert,iPhone,17558,25,0,Normal
6641,CUST_901,2025-05-07 04:24:00,Dakar,Wave,Transfert,iPhone,14843,25,0,Normal
6642,CUST_675,2025-03-17 09:00:00,Thiès,Carte Bancaire,Paiement,iPhone,33386,0,0,Normal
6643,CUST_386,2025-03-11 09:06:00,Saint-Louis,Orange Money,Transfert,Android,44169,0,0,Normal
6644,CUST_975,2025-01-09 13:37:00,Saint-Louis,Wave,Retrait,iPhone,15803,0,0,Normal
6645,CUST_363,2025-01-31 07:39:00,Thiès,Free Money,Paiement,Android,32050,0,0,Normal
6646,CUST_501,2025-02-27 09:42:00,Saint-Louis,Orange Money,Transfert,Android,19154,0,0,Normal
6647,CUST_71,2025-06-02 05:46:00,Ziguinchor,Carte Bancaire,Transfert,Android,15391,0,0,Normal
6648,CUST_872,2025-04-07 12:50:00,Ziguinchor,Wave,Paiement,Android,34917,0,0,Normal
6649,CUST_167,2025-05-03 13:19:00,Saint-Louis,Orange Money,Transfert,iPhone,51939,0,0,Normal
6650,CUST_326,2025-03-09 15:05:00,Dakar,Wave,Transfert,iPhone,32039,0,0,Normal
6651,CUST_669,2025-02-28 16:11:00,Kaolack,Free Money,Transfert,Android,23852,0,0,Normal
6652,CUST_339,2025-04-18 13:41:00,Saint-Louis,Orange Money,Paiement,iPhone,9631,0,0,Normal
6653,CUST_493,2025-06-14 18:54:00,Saint-Louis,Orange Money,Retrait,Android,20240,0,0,Normal
6654,CUST_544,2025-03-15 11:27:00,Dakar,Carte Bancaire,Paiement,Android,21638,0,0,Normal
6655,CUST_190,2025-01-08 14:41:00,Dakar,Wave,Retrait,iPhone,500,0,0,Normal
6656,CUST_766,2025-06-03 14:37:00,Thiès,Wave,Retrait,Android,3072,0,0,Normal
6657,CUST_91,2025-06-10 15:08:00,Saint-Louis,Free Money,Retrait,iPhone,18970,0,0,Normal
6658,CUST_433,2025-04-10 13:49:00,Ziguinchor,Carte Bancaire,Retrait,iPhone,12722,0,0,Normal
6659,CUST_887,2025-02-12 09:24:00,Thiès,Free Money,Retrait,iPhone,11937,0,0,Normal
6660,CUST_554,2025-04-20 00:36:00,Dakar,Free Money,Transfert,Android,38864,0,0,Normal
6661,CUST_397,2025-05-20 11:15:00,Kaolack,Orange Money,Transfert,Android,27829,0,0,Normal
6662,CUST_700,2025-06-03 23:24:00,Saint-Louis,Wave,Transfert,Android,500,0,0,Normal
6663,CUST_407,2025-04-24 03:21:00,Kaolack,Orange Money,Retrait,iPhone,27185,25,0,Normal
6664,CUST_54,2025-05-02 07:53:00,Thiès,Free Money,Paiement,Android,9938,0,0,Normal
6665,CUST_628,2025-05-11 07:16:00,Dakar,Wave,Paiement,Android,17587,0,0,Normal
6666,CUST_748,2025-06-13 11:26:00,Kaolack,Free Money,Retrait,iPhone,19110,0,0,Normal
6667,CUST_931,2025-04-20 10:31:00,Dakar,Carte Bancaire,Retrait,Android,13671,0,0,Normal
6668,CUST_873,2025-02-09 14:58:00,Ziguinchor,Carte Bancaire,Retrait,iPhone,56592,0,0,Normal
6669,CUST_67,2025-04-26 19:09:00,Thiès,Wave,Retrait,iPhone,60292,0,0,Normal
6670,CUST_332,2025-05-11 12:07:00,Ziguinchor,Wave,Retrait,Android,13991,0,0,Normal
6671,CUST_974,2025-01-01 15:57:00,Dakar,Wave,Paiement,iPhone,45557,0,0,Normal
6672,CUST_311,2025-06-02 06:43:00,Dakar,Free Money,Paiement,Android,88153,0,0,Normal
6673,CUST_340,2025-01-24 09:57:00,Kaolack,Orange Money,Transfert,Android,50988,0,0,Normal
6674,CUST_903,2025-04-02 09:03:00,Ziguinchor,Carte Bancaire,Transfert,Android,23908,0,0,Normal
6675,CUST_209,2025-02-25 15:50:00,Saint-Louis,Orange Money,Retrait,iPhone,24483,0,0,Normal
6676,CUST_937,2025-06-21 16:48:00,Saint-Louis,Wave,Transfert,iPhone,6000,0,0,Normal
6677,CUST_4,2025-05-31 12:35:00,Kaolack,Orange Money,Retrait,Android,37862,0,0,Normal
6678,CUST_191,2025-04-06 13:13:00,Dakar,Carte Bancaire,Retrait,iPhone,39566,0,0,Normal
6679,CUST_777,2025-03-21 13:33:00,Kaolack,Free Money,Paiement,Android,8935,0,0,Normal
6680,CUST_286,2025-04-04 23:41:00,Thiès,Carte Bancaire,Paiement,Android,25176,0,0,Normal
6681,CUST_144,2025-03-28 10:53:00,Kaolack,Carte Bancaire,Transfert,iPhone,13047,0,0,Normal
6682,CUST_858,2025-06-23 20:19:00,Thiès,Orange Money,Retrait,iPhone,57711,0,0,Normal
6683,CUST_990,2025-06-27 12:14:00,Thiès,Carte Bancaire,Retrait,iPhone,5638,0,0,Normal
6684,CUST_24,2025-06-25 20:15:00,Thiès,Free Money,Retrait,Android,500,0,0,Normal
6685,CUST_402,2025-01-12 12:30:00,Ziguinchor,Orange Money,Paiement,iPhone,13756,0,0,Normal
6686,CUST_544,2025-05-13 10:25:00,Dakar,Wave,Retrait,Android,22385,0,0,Normal
6687,CUST_580,2025-04-12 07:48:00,Saint-Louis,Orange Money,Transfert,iPhone,1854,0,0,Normal
6688,CUST_235,2025-05-20 12:22:00,Thiès,Wave,Paiement,Android,73305,0,0,Normal
6689,CUST_243,2025-04-03 16:40:00,Kaolack,Free Money,Paiement,Android,25619,0,0,Normal
6690,CUST_690,2025-05-21 17:21:00,Kaolack,Orange Money,Transfert,iPhone,1503,0,0,Normal
6691,CUST_606,2025-01-02 11:26:00,Ziguinchor,Wave,Retrait,Android,45945,0,0,Normal
6692,CUST_114,2025-02-07 16:58:00,Thiès,Orange Money,Retrait,Android,25384,0,0,Normal
6693,CUST_508,2025-01-07 07:27:00,Dakar,Carte Bancaire,Retrait,Android,35179,0,0,Normal
6694,CUST_458,2025-03-07 10:33:00,Dakar,Carte Bancaire,Paiement,iPhone,47165,0,0,Normal
6695,CUST_95,2025-01-28 06:20:00,Ziguinchor,Free Money,Paiement,iPhone,28938,0,0,Normal
6696,CUST_416,2025-02-23 20:40:00,Thiès,Free Money,Paiement,iPhone,12271,0,0,Normal
6697,CUST_236,2025-01-15 16:12:00,Ziguinchor,Wave,Paiement,Android,73988,0,0,Normal
6698,CUST_437,2025-06-24 08:43:00,Saint-Louis,Carte Bancaire,Retrait,iPhone,18779,0,0,Normal
6699,CUST_57,2025-06-19 12:27:00,Ziguinchor,Carte Bancaire,Transfert,iPhone,25345,0,0,Normal
6700,CUST_409,2025-06-01 17:11:00,Ziguinchor,Carte Bancaire,Retrait,iPhone,13606,0,0,Normal
6701,CUST_171,2025-06-28 11:19:00,Kaolack,Free Money,Retrait,Android,500,0,0,Normal
6702,CUST_690,2025-03-17 16:42:00,Kaolack,Carte Bancaire,Paiement,Android,2405,0,0,Normal
6703,CUST_571,2025-02-14 08:11:00,Kaolack,Free Money,Retrait,Android,20812,0,0,Normal
6704,CUST_620,2025-01-31 06:19:00,Thiès,Orange Money,Paiement,iPhone,14036,0,0,Normal
6705,CUST_881,2025-04-10 19:03:00,Kaolack,Orange Money,Paiement,Android,26552,0,0,Normal
6706,CUST_823,2025-05-12 16:14:00,Dakar,Free Money,Paiement,iPhone,4323,0,0,Normal
6707,CUST_444,2025-02-05 13:05:00,Saint-Louis,Free Money,Retrait,Android,45486,30,0,Normal
6708,CUST_529,2025-01-01 10:09:00,Ziguinchor,Orange Money,Paiement,iPhone,5710,0,0,Normal
6709,CUST_686,2025-01-18 10:47:00,Kaolack,Wave,Transfert,iPhone,14082,0,0,Normal
6710,CUST_623,2025-04-19 10:24:00,Dakar,Orange Money,Retrait,iPhone,15562,0,0,Normal
6711,CUST_460,2025-02-21 21:46:00,Dakar,Carte Bancaire,Transfert,iPhone,6084,0,0,Normal
6712,CUST_25,2025-06-07 17:23:00,Kaolack,Carte Bancaire,Retrait,Android,22371,0,0,Normal
6713,CUST_114,2025-03-16 15:31:00,Thiès,Orange Money,Paiement,iPhone,48087,0,0,Normal
6714,CUST_852,2025-05-28 12:20:00,Dakar,Orange Money,Transfert,iPhone,37032,0,0,Normal
6715,CUST_967,2025-01-13 15:49:00,Ziguinchor,Wave,Transfert,iPhone,42662,0,0,Normal
6716,CUST_16,2025-06-18 08:37:00,Saint-Louis,Orange Money,Transfert,Android,41498,0,0,Normal
6717,CUST_880,2025-01-29 08:28:00,Saint-Louis,Wave,Retrait,iPhone,4036,0,0,Normal
6718,CUST_797,2025-03-21 20:33:00,Thiès,Free Money,Transfert,Android,28921,0,0,Normal
6719,CUST_409,2025-04-25 16:32:00,Ziguinchor,Free Money,Retrait,Android,3600,0,0,Normal
6720,CUST_190,2025-06-03 15:55:00,Dakar,Orange Money,Retrait,iPhone,14966,0,0,Normal
6721,CUST_634,2025-01-17 18:38:00,Kaolack,Wave,Transfert,Android,28621,0,0,Normal
6722,CUST_403,2025-04-17 04:55:00,Dakar,Wave,Paiement,iPhone,14969,25,0,Normal
6723,CUST_259,2025-05-01 16:36:00,Ziguinchor,Free Money,Transfert,iPhone,18072,0,0,Normal
6724,CUST_62,2025-01-28 07:10:00,Thiès,Free Money,Paiement,Android,15523,0,0,Normal
6725,CUST_939,2025-06-21 16:07:00,Kaolack,Carte Bancaire,Paiement,iPhone,15637,0,0,Normal
6726,CUST_857,2025-01-22 14:15:00,Kaolack,Orange Money,Retrait,iPhone,45282,0,0,Normal
6727,CUST_236,2025-04-26 16:56:00,Ziguinchor,Orange Money,Retrait,iPhone,41380,0,0,Normal
6728,CUST_805,2025-06-28 09:25:00,Saint-Louis,Carte Bancaire,Retrait,Android,1134,0,0,Normal
6729,CUST_466,2025-02-19 06:52:00,Dakar,Free Money,Retrait,Android,11732,0,0,Normal
6730,CUST_764,2025-02-17 17:04:00,Dakar,Free Money,Transfert,iPhone,22237,0,0,Normal
6731,CUST_389,2025-04-09 10:05:00,Dakar,Free Money,Transfert,iPhone,27128,0,0,Normal
6732,CUST_603,2025-02-14 11:24:00,Saint-Louis,Carte Bancaire,Transfert,Android,46685,0,0,Normal
6733,CUST_601,2025-05-16 14:36:00,Thiès,Free Money,Retrait,Android,20877,0,0,Normal
6734,CUST_59,2025-05-30 21:32:00,Thiès,Carte Bancaire,Transfert,iPhone,14358,0,0,Normal
6735,CUST_957,2025-03-09 21:26:00,Dakar,Free Money,Paiement,Android,46648,0,0,Normal
6736,CUST_132,2025-05-18 15:43:00,Saint-Louis,Free Money,Transfert,iPhone,4153,0,0,Normal
6737,CUST_139,2025-04-04 10:43:00,Kaolack,Free Money,Transfert,Android,65333,0,0,Normal
6738,CUST_536,2025-01-21 07:50:00,Ziguinchor,Carte Bancaire,Paiement,Android,21737,0,0,Normal
6739,CUST_388,2025-03-03 11:13:00,Kaolack,Carte Bancaire,Paiement,iPhone,14624,0,0,Normal
6740,CUST_169,2025-03-01 10:28:00,Thiès,Wave,Paiement,iPhone,76529,0,0,Normal
6741,CUST_213,2025-02-21 19:49:00,Ziguinchor,Wave,Transfert,Android,13178,0,0,Normal
6742,CUST_160,2025-06-27 04:34:00,Dakar,Carte Bancaire,Retrait,iPhone,103725,25,0,Normal
6743,CUST_189,2025-03-29 02:19:00,Thiès,Orange Money,Transfert,Android,55539,25,0,Normal
6744,CUST_749,2025-06-25 09:31:00,Thiès,Carte Bancaire,Retrait,iPhone,17822,0,0,Normal
6745,CUST_876,2025-03-02 18:35:00,Kaolack,Wave,Retrait,Android,24030,0,0,Normal
6746,CUST_20,2025-06-26 08:40:00,Kaolack,Carte Bancaire,Transfert,iPhone,16572,0,0,Normal
6747,CUST_546,2025-02-10 15:47:00,Saint-Louis,Wave,Paiement,iPhone,3036,0,0,Normal
6748,CUST_916,2025-06-21 09:26:00,Ziguinchor,Free Money,Retrait,iPhone,10067,0,0,Normal
6749,CUST_167,2025-06-04 11:43:00,Saint-Louis,Wave,Retrait,Android,46560,0,0,Normal
6750,CUST_8,2025-01-14 14:28:00,Thiès,Free Money,Retrait,iPhone,53323,0,0,Normal
6751,CUST_101,2025-04-13 11:59:00,Ziguinchor,Wave,Retrait,Android,21127,0,0,Normal
6752,CUST_688,2025-01-19 18:38:00,Thiès,Free Money,Transfert,Android,61746,0,0,Normal
6753,CUST_739,2025-03-10 10:09:00,Thiès,Free Money,Retrait,Android,14082,0,0,Normal
6754,CUST_67,2025-05-15 19:30:00,Thiès,Orange Money,Paiement,Android,11434,30,0,Normal
6755,CUST_644,2025-03-14 21:03:00,Kaolack,Orange Money,Paiement,iPhone,14071,0,0,Normal
6756,CUST_778,2025-04-05 14:14:00,Dakar,Free Money,Transfert,iPhone,500,0,0,Normal
6757,CUST_505,2025-06-09 11:57:00,Ziguinchor,Wave,Transfert,iPhone,24581,0,0,Normal
6758,CUST_641,2025-05-20 12:50:00,Kaolack,Free Money,Retrait,iPhone,65649,0,0,Normal
6759,CUST_586,2025-04-04 10:37:00,Saint-Louis,Carte Bancaire,Retrait,Android,20713,0,0,Normal
6760,CUST_885,2025-06-10 11:41:00,Saint-Louis,Free Money,Paiement,iPhone,8149,0,0,Normal
6761,CUST_56,2025-03-07 03:08:00,Kaolack,Orange Money,Transfert,iPhone,49660,25,0,Normal
6762,CUST_60,2025-04-05 17:44:00,Thiès,Orange Money,Paiement,iPhone,6603,0,0,Normal
6763,CUST_203,2025-03-01 10:04:00,Ziguinchor,Carte Bancaire,Paiement,iPhone,42534,0,0,Normal
6764,CUST_35,2025-02-04 11:07:00,Thiès,Wave,Transfert,iPhone,746,0,0,Normal
6765,CUST_505,2025-01-31 13:04:00,Ziguinchor,Orange Money,Retrait,Android,26294,0,0,Normal
6766,CUST_502,2025-02-16 09:23:00,Kaolack,Orange Money,Retrait,iPhone,15608,0,0,Normal
6767,CUST_25,2025-03-07 10:03:00,Kaolack,Carte Bancaire,Retrait,Android,9004,0,0,Normal
6768,CUST_27,2025-04-23 00:23:00,Saint-Louis,Wave,Retrait,Android,8227,0,0,Normal
6769,CUST_213,2025-03-20 17:48:00,Ziguinchor,Wave,Paiement,iPhone,74363,0,0,Normal
6770,CUST_690,2025-05-05 13:53:00,Kaolack,Orange Money,Transfert,iPhone,4767,0,0,Normal
6771,CUST_487,2025-01-09 06:58:00,Kaolack,Free Money,Retrait,Android,500,0,0,Normal
6772,CUST_663,2025-04-22 15:22:00,Thiès,Orange Money,Retrait,Android,7953,0,0,Normal
6773,CUST_900,2025-02-28 11:12:00,Kaolack,Orange Money,Paiement,Android,675,0,0,Normal
6774,CUST_669,2025-02-09 18:29:00,Kaolack,Free Money,Transfert,Android,11649,0,0,Normal
6775,CUST_208,2025-05-06 07:52:00,Thiès,Carte Bancaire,Retrait,Android,17615,0,0,Normal
6776,CUST_294,2025-06-14 11:17:00,Thiès,Carte Bancaire,Transfert,Android,13266,0,0,Normal
6777,CUST_24,2025-04-23 02:17:00,Ziguinchor,Wave,Transfert,iPhone,2054,60,1,Transaction nocturne
6778,CUST_329,2025-01-10 13:02:00,Ziguinchor,Carte Bancaire,Paiement,Android,18588,0,0,Normal
6779,CUST_909,2025-05-19 12:00:00,Kaolack,Wave,Retrait,Android,37263,0,0,Normal
6780,CUST_670,2025-05-17 16:34:00,Kaolack,Free Money,Transfert,iPhone,31601,0,0,Normal
6781,CUST_343,2025-06-20 14:34:00,Ziguinchor,Free Money,Paiement,Android,6961,0,0,Normal
6782,CUST_230,2025-05-20 08:12:00,Thiès,Carte Bancaire,Retrait,iPhone,31830,0,0,Normal
6783,CUST_447,2025-01-24 11:57:00,Dakar,Orange Money,Retrait,Android,46252,0,0,Normal
6784,CUST_476,2025-05-12 09:13:00,Ziguinchor,Wave,Retrait,iPhone,4204,0,0,Normal
6785,CUST_186,2025-04-15 23:59:00,Kaolack,Wave,Transfert,iPhone,66310,0,0,Normal
6786,CUST_348,2025-06-26 12:27:00,Saint-Louis,Wave,Retrait,Android,14147,0,0,Normal
6787,CUST_949,2025-03-13 14:14:00,Thiès,Carte Bancaire,Retrait,iPhone,11796,0,0,Normal
6788,CUST_331,2025-02-16 16:33:00,Kaolack,Wave,Paiement,iPhone,3548,0,0,Normal
6789,CUST_995,2025-02-11 08:18:00,Kaolack,Carte Bancaire,Paiement,Android,5283,0,0,Normal
6790,CUST_290,2025-03-28 07:31:00,Kaolack,Free Money,Retrait,iPhone,57747,0,0,Normal
6791,CUST_573,2025-05-30 12:25:00,Dakar,Wave,Retrait,Android,23710,0,0,Normal
6792,CUST_428,2025-04-04 11:53:00,Dakar,Wave,Retrait,iPhone,10847,0,0,Normal
6793,CUST_817,2025-02-23 06:26:00,Kaolack,Wave,Paiement,Android,51870,0,0,Normal
6794,CUST_817,2025-03-08 09:10:00,Kaolack,Wave,Retrait,iPhone,32067,0,0,Normal
6795,CUST_219,2025-04-27 05:48:00,Kaolack,Orange Money,Transfert,iPhone,51468,0,0,Normal
6796,CUST_632,2025-06-24 12:42:00,Thiès,Carte Bancaire,Paiement,iPhone,19843,0,0,Normal
6797,CUST_974,2025-05-07 14:55:00,Dakar,Free Money,Retrait,iPhone,33330,0,0,Normal
6798,CUST_464,2025-01-08 09:37:00,Ziguinchor,Carte Bancaire,Paiement,iPhone,47730,0,0,Normal
6799,CUST_345,2025-06-16 08:45:00,Ziguinchor,Free Money,Paiement,iPhone,72388,0,0,Normal
6800,CUST_681,2025-05-26 06:30:00,Saint-Louis,Wave,Paiement,Android,35664,0,0,Normal
6801,CUST_363,2025-05-12 17:04:00,Thiès,Carte Bancaire,Retrait,Android,25609,0,0,Normal
6802,CUST_651,2025-01-01 18:23:00,Dakar,Carte Bancaire,Transfert,iPhone,14272,0,0,Normal
6803,CUST_31,2025-05-27 13:31:00,Kaolack,Wave,Transfert,iPhone,55434,0,0,Normal
6804,CUST_486,2025-04-20 16:15:00,Thiès,Wave,Retrait,Android,39057,0,0,Normal
6805,CUST_539,2025-05-31 15:19:00,Ziguinchor,Carte Bancaire,Paiement,iPhone,8341,0,0,Normal
6806,CUST_134,2025-06-07 16:36:00,Kaolack,Orange Money,Retrait,iPhone,64912,0,0,Normal
6807,CUST_378,2025-01-04 12:59:00,Saint-Louis,Orange Money,Retrait,iPhone,11255,0,0,Normal
6808,CUST_863,2025-06-28 07:46:00,Dakar,Carte Bancaire,Transfert,Android,6229,0,0,Normal
6809,CUST_464,2025-05-29 11:38:00,Ziguinchor,Orange Money,Transfert,Android,20981,0,0,Normal
6810,CUST_652,2025-06-29 12:29:00,Thiès,Carte Bancaire,Paiement,Android,21282,0,0,Normal
6811,CUST_777,2025-05-13 12:49:00,Kaolack,Free Money,Retrait,iPhone,695,0,0,Normal
6812,CUST_651,2025-05-26 15:16:00,Dakar,Wave,Transfert,iPhone,11456,0,0,Normal
6813,CUST_422,2025-03-02 09:07:00,Thiès,Orange Money,Transfert,Android,51110,0,0,Normal
6814,CUST_978,2025-01-12 13:23:00,Kaolack,Carte Bancaire,Retrait,iPhone,36435,0,0,Normal
6815,CUST_938,2025-03-24 14:59:00,Kaolack,Carte Bancaire,Paiement,iPhone,9508,0,0,Normal
6816,CUST_499,2025-05-25 14:12:00,Thiès,Carte Bancaire,Transfert,iPhone,19345,0,0,Normal
6817,CUST_306,2025-02-07 16:24:00,Saint-Louis,Orange Money,Transfert,iPhone,23274,0,0,Normal
6818,CUST_220,2025-02-16 07:09:00,Saint-Louis,Orange Money,Transfert,iPhone,43415,0,0,Normal
6819,CUST_448,2025-06-13 17:10:00,Ziguinchor,Free Money,Transfert,iPhone,13880,0,0,Normal
6820,CUST_118,2025-05-19 21:02:00,Thiès,Orange Money,Retrait,iPhone,17191,0,0,Normal
6821,CUST_256,2025-06-23 13:30:00,Thiès,Orange Money,Paiement,Android,19576,0,0,Normal
6822,CUST_646,2025-05-10 08:38:00,Dakar,Wave,Paiement,iPhone,7738,0,0,Normal
6823,CUST_553,2025-06-12 19:14:00,Thiès,Wave,Paiement,Android,7189,0,0,Normal
6824,CUST_514,2025-05-19 09:40:00,Saint-Louis,Free Money,Retrait,Android,24995,0,0,Normal
6825,CUST_835,2025-06-05 21:47:00,Dakar,Orange Money,Retrait,Android,37495,0,0,Normal
6826,CUST_883,2025-04-01 11:23:00,Dakar,Orange Money,Transfert,Android,13792,35,1,Comportement suspect
6827,CUST_956,2025-03-22 10:06:00,Saint-Louis,Wave,Retrait,iPhone,36975,0,0,Normal
6828,CUST_941,2025-06-01 21:41:00,Ziguinchor,Free Money,Transfert,iPhone,54350,0,0,Normal
6829,CUST_523,2025-06-17 20:39:00,Kaolack,Wave,Paiement,iPhone,55320,0,0,Normal
6830,CUST_431,2025-06-04 15:48:00,Saint-Louis,Wave,Retrait,iPhone,18815,0,0,Normal
6831,CUST_966,2025-04-14 15:01:00,Dakar,Carte Bancaire,Paiement,iPhone,30278,0,0,Normal
6832,CUST_210,2025-02-28 16:25:00,Dakar,Carte Bancaire,Retrait,Android,97750,0,0,Normal
6833,CUST_951,2025-06-18 17:41:00,Dakar,Wave,Paiement,Android,17959,0,0,Normal
6834,CUST_900,2025-04-15 15:28:00,Kaolack,Free Money,Retrait,Android,30841,0,0,Normal
6835,CUST_943,2025-05-13 13:59:00,Saint-Louis,Carte Bancaire,Transfert,Android,42852,0,0,Normal
6836,CUST_453,2025-06-09 10:41:00,Dakar,Orange Money,Retrait,Android,71973,0,0,Normal
6837,CUST_81,2025-01-11 01:28:00,Thiès,Free Money,Paiement,Android,48968,25,0,Normal
6838,CUST_17,2025-06-26 16:18:00,Dakar,Carte Bancaire,Transfert,iPhone,33357,0,0,Normal
6839,CUST_714,2025-06-20 13:01:00,Ziguinchor,Orange Money,Transfert,Android,34961,0,0,Normal
6840,CUST_134,2025-04-17 05:16:00,Kaolack,Carte Bancaire,Paiement,iPhone,63724,0,0,Normal
6841,CUST_595,2025-01-26 09:11:00,Dakar,Orange Money,Transfert,Android,44391,35,1,Comportement suspect
6842,CUST_381,2025-06-22 09:23:00,Ziguinchor,Free Money,Transfert,iPhone,26163,0,0,Normal
6843,CUST_286,2025-06-10 10:15:00,Thiès,Carte Bancaire,Transfert,iPhone,11520,0,0,Normal
6844,CUST_382,2025-01-01 15:16:00,Dakar,Wave,Retrait,Android,8642,0,0,Normal
6845,CUST_587,2025-01-11 12:51:00,Thiès,Wave,Retrait,Android,45067,0,0,Normal
6846,CUST_548,2025-03-07 06:11:00,Saint-Louis,Orange Money,Retrait,Android,69845,0,0,Normal
6847,CUST_32,2025-02-03 14:41:00,Thiès,Wave,Retrait,Android,47946,0,0,Normal
6848,CUST_596,2025-03-20 08:57:00,Ziguinchor,Free Money,Transfert,iPhone,29312,0,0,Normal
6849,CUST_422,2025-06-01 09:16:00,Thiès,Orange Money,Paiement,Android,24848,0,0,Normal
6850,CUST_645,2025-03-18 18:37:00,Thiès,Free Money,Paiement,iPhone,14726,0,0,Normal
6851,CUST_84,2025-01-21 07:39:00,Thiès,Carte Bancaire,Paiement,iPhone,7006,0,0,Normal
6852,CUST_378,2025-02-22 17:59:00,Saint-Louis,Carte Bancaire,Paiement,iPhone,22969,0,0,Normal
6853,CUST_482,2025-02-10 06:56:00,Saint-Louis,Orange Money,Transfert,Android,11720,0,0,Normal
6854,CUST_798,2025-03-17 06:45:00,Dakar,Orange Money,Retrait,iPhone,37444,0,0,Normal
6855,CUST_716,2025-06-27 08:18:00,Kaolack,Wave,Paiement,Android,1157,30,0,Normal
6856,CUST_902,2025-01-02 06:48:00,Thiès,Free Money,Transfert,Android,17438,0,0,Normal
6857,CUST_388,2025-06-02 19:07:00,Kaolack,Free Money,Paiement,iPhone,10919,0,0,Normal
6858,CUST_225,2025-04-19 16:01:00,Saint-Louis,Carte Bancaire,Transfert,Android,58127,0,0,Normal
6859,CUST_460,2025-02-09 11:43:00,Dakar,Orange Money,Paiement,Android,9151,0,0,Normal
6860,CUST_806,2025-05-19 07:49:00,Saint-Louis,Orange Money,Paiement,Android,68057,0,0,Normal
6861,CUST_484,2025-03-24 10:33:00,Saint-Louis,Carte Bancaire,Retrait,Android,64635,0,0,Normal
6862,CUST_25,2025-03-10 20:55:00,Kaolack,Wave,Paiement,iPhone,6700,0,0,Normal
6863,CUST_105,2025-03-01 14:37:00,Thiès,Orange Money,Paiement,Android,14512,0,0,Normal
6864,CUST_352,2025-01-07 07:22:00,Ziguinchor,Wave,Paiement,iPhone,8588,0,0,Normal
6865,CUST_790,2025-03-29 13:01:00,Ziguinchor,Free Money,Paiement,Android,10422,0,0,Normal
6866,CUST_210,2025-01-25 22:40:00,Dakar,Wave,Retrait,iPhone,53005,0,0,Normal
6867,CUST_307,2025-06-27 06:53:00,Thiès,Wave,Transfert,iPhone,20515,0,0,Normal
6868,CUST_427,2025-06-27 17:04:00,Kaolack,Orange Money,Paiement,Android,46738,0,0,Normal
6869,CUST_417,2025-03-30 16:10:00,Thiès,Orange Money,Paiement,iPhone,56313,0,0,Normal
6870,CUST_434,2025-04-16 10:25:00,Ziguinchor,Carte Bancaire,Transfert,iPhone,41805,0,0,Normal
6871,CUST_897,2025-06-28 18:14:00,Thiès,Free Money,Transfert,Android,33559,0,0,Normal
6872,CUST_684,2025-04-24 12:51:00,Kaolack,Free Money,Paiement,iPhone,23102,35,1,Comportement suspect
6873,CUST_422,2025-01-19 11:21:00,Thiès,Orange Money,Retrait,iPhone,500,0,0,Normal
6874,CUST_502,2025-04-04 15:44:00,Kaolack,Wave,Retrait,iPhone,4840,0,0,Normal
6875,CUST_287,2025-05-16 07:24:00,Ziguinchor,Carte Bancaire,Retrait,Android,47870,0,0,Normal
6876,CUST_429,2025-05-16 06:00:00,Ziguinchor,Carte Bancaire,Retrait,iPhone,19575,0,0,Normal
6877,CUST_519,2025-04-21 19:58:00,Kaolack,Orange Money,Paiement,iPhone,17686,0,0,Normal
6878,CUST_416,2025-05-22 18:44:00,Thiès,Carte Bancaire,Transfert,iPhone,64806,0,0,Normal
6879,CUST_946,2025-02-01 07:28:00,Dakar,Carte Bancaire,Transfert,Android,20266,0,0,Normal
6880,CUST_884,2025-03-02 09:42:00,Kaolack,Wave,Transfert,Android,14192,0,0,Normal
6881,CUST_901,2025-02-10 16:02:00,Dakar,Orange Money,Retrait,Android,21633,0,0,Normal
6882,CUST_166,2025-01-08 19:07:00,Thiès,Orange Money,Paiement,iPhone,13484,0,0,Normal
6883,CUST_410,2025-03-22 17:23:00,Saint-Louis,Carte Bancaire,Transfert,iPhone,46854,0,0,Normal
6884,CUST_888,2025-04-03 18:14:00,Thiès,Orange Money,Paiement,Android,21168,0,0,Normal
6885,CUST_797,2025-01-10 11:44:00,Thiès,Orange Money,Transfert,iPhone,26855,0,0,Normal
6886,CUST_151,2025-05-01 19:42:00,Saint-Louis,Orange Money,Transfert,iPhone,21594,0,0,Normal
6887,CUST_117,2025-04-03 17:19:00,Dakar,Free Money,Paiement,Android,18206,0,0,Normal
6888,CUST_660,2025-01-11 03:29:00,Dakar,Orange Money,Transfert,Android,3619,25,0,Normal
6889,CUST_860,2025-05-17 14:25:00,Saint-Louis,Carte Bancaire,Transfert,iPhone,49959,0,0,Normal
6890,CUST_261,2025-01-22 10:49:00,Kaolack,Carte Bancaire,Retrait,Android,31506,0,0,Normal
6891,CUST_712,2025-02-19 16:55:00,Thiès,Orange Money,Transfert,iPhone,500,0,0,Normal
6892,CUST_625,2025-05-11 13:08:00,Saint-Louis,Carte Bancaire,Paiement,Android,5527,0,0,Normal
6893,CUST_917,2025-04-07 14:03:00,Saint-Louis,Wave,Retrait,Android,47605,0,0,Normal
6894,CUST_225,2025-01-31 08:29:00,Saint-Louis,Wave,Paiement,iPhone,84785,0,0,Normal
6895,CUST_987,2025-05-30 14:40:00,Thiès,Wave,Transfert,iPhone,43222,0,0,Normal
6896,CUST_664,2025-02-08 15:40:00,Ziguinchor,Carte Bancaire,Paiement,Android,59297,0,0,Normal
6897,CUST_303,2025-03-26 21:15:00,Ziguinchor,Carte Bancaire,Retrait,iPhone,57610,0,0,Normal
6898,CUST_452,2025-01-18 10:18:00,Saint-Louis,Orange Money,Retrait,iPhone,43490,0,0,Normal
6899,CUST_522,2025-05-16 03:35:00,Dakar,Wave,Paiement,iPhone,57857,25,0,Normal
6900,CUST_57,2025-06-08 08:00:00,Ziguinchor,Orange Money,Retrait,Android,34171,0,0,Normal
6901,CUST_942,2025-01-07 19:58:00,Thiès,Carte Bancaire,Transfert,iPhone,10002,0,0,Normal
6902,CUST_784,2025-02-05 11:37:00,Dakar,Wave,Paiement,iPhone,29984,35,1,Comportement suspect
6903,CUST_548,2025-04-29 11:02:00,Saint-Louis,Wave,Retrait,iPhone,3931,0,0,Normal
6904,CUST_709,2025-06-12 12:31:00,Ziguinchor,Orange Money,Paiement,Android,37615,0,0,Normal
6905,CUST_914,2025-04-17 09:06:00,Thiès,Carte Bancaire,Transfert,Android,1031,0,0,Normal
6906,CUST_503,2025-06-08 14:33:00,Dakar,Orange Money,Transfert,iPhone,47414,0,0,Normal
6907,CUST_277,2025-03-17 16:40:00,Ziguinchor,Wave,Paiement,iPhone,6613,0,0,Normal
6908,CUST_404,2025-03-25 11:35:00,Dakar,Free Money,Retrait,Android,36744,0,0,Normal
6909,CUST_779,2025-06-30 16:08:00,Thiès,Orange Money,Retrait,Android,31928,0,0,Normal
6910,CUST_37,2025-01-15 07:52:00,Thiès,Free Money,Retrait,Android,2024,0,0,Normal
6911,CUST_641,2025-05-18 18:00:00,Kaolack,Orange Money,Transfert,iPhone,25131,0,0,Normal
6912,CUST_829,2025-03-17 08:15:00,Ziguinchor,Carte Bancaire,Transfert,Android,24831,0,0,Normal
6913,CUST_643,2025-03-12 11:31:00,Saint-Louis,Orange Money,Paiement,iPhone,20238,0,0,Normal
6914,CUST_304,2025-05-19 13:25:00,Ziguinchor,Free Money,Retrait,iPhone,63188,0,0,Normal
6915,CUST_651,2025-05-06 07:31:00,Dakar,Free Money,Retrait,iPhone,26649,0,0,Normal
6916,CUST_337,2025-05-09 22:21:00,Thiès,Carte Bancaire,Retrait,Android,11768,0,0,Normal
6917,CUST_355,2025-04-03 09:52:00,Dakar,Carte Bancaire,Transfert,Android,43180,0,0,Normal
6918,CUST_632,2025-05-20 15:25:00,Thiès,Carte Bancaire,Transfert,Android,29973,0,0,Normal
6919,CUST_64,2025-04-26 18:20:00,Dakar,Free Money,Transfert,Android,27808,0,0,Normal
6920,CUST_518,2025-04-04 06:08:00,Thiès,Orange Money,Paiement,Android,40039,0,0,Normal
6921,CUST_411,2025-05-21 22:12:00,Saint-Louis,Orange Money,Retrait,Android,34533,0,0,Normal
6922,CUST_904,2025-04-13 10:55:00,Ziguinchor,Orange Money,Retrait,iPhone,9189,0,0,Normal
6923,CUST_206,2025-01-26 17:35:00,Ziguinchor,Wave,Retrait,iPhone,33715,0,0,Normal
6924,CUST_728,2025-01-12 18:26:00,Thiès,Wave,Paiement,Android,38258,0,0,Normal
6925,CUST_889,2025-01-31 20:28:00,Thiès,Free Money,Paiement,Android,17949,0,0,Normal
6926,CUST_396,2025-05-08 09:29:00,Thiès,Wave,Transfert,Android,30712,0,0,Normal
6927,CUST_471,2025-06-22 13:39:00,Kaolack,Free Money,Transfert,iPhone,35564,0,0,Normal
6928,CUST_939,2025-03-06 01:10:00,Kaolack,Free Money,Retrait,Android,13792,25,0,Normal
6929,CUST_956,2025-04-14 06:52:00,Saint-Louis,Wave,Paiement,iPhone,12944,0,0,Normal
6930,CUST_217,2025-06-16 21:41:00,Kaolack,Free Money,Retrait,Android,5496,0,0,Normal
6931,CUST_846,2025-05-01 21:52:00,Ziguinchor,Free Money,Retrait,iPhone,31369,0,0,Normal
6932,CUST_724,2025-02-27 11:09:00,Kaolack,Wave,Transfert,Android,2548,35,1,Comportement suspect
6933,CUST_884,2025-02-06 07:52:00,Ziguinchor,Free Money,Transfert,Android,14157,35,1,Comportement suspect
6934,CUST_230,2025-05-16 08:47:00,Thiès,Free Money,Retrait,iPhone,32602,0,0,Normal
6935,CUST_684,2025-04-16 05:29:00,Dakar,Wave,Transfert,Android,21008,0,0,Normal
6936,CUST_818,2025-04-18 14:11:00,Kaolack,Wave,Paiement,iPhone,25112,0,0,Normal
6937,CUST_858,2025-03-13 16:23:00,Thiès,Orange Money,Transfert,Android,27093,0,0,Normal
6938,CUST_372,2025-01-23 10:23:00,Dakar,Orange Money,Paiement,iPhone,33950,0,0,Normal
6939,CUST_787,2025-01-26 09:16:00,Ziguinchor,Carte Bancaire,Retrait,Android,54717,0,0,Normal
6940,CUST_349,2025-06-16 02:55:00,Saint-Louis,Wave,Transfert,Android,5229,25,0,Normal
6941,CUST_355,2025-04-24 08:37:00,Dakar,Wave,Transfert,iPhone,57912,0,0,Normal
6942,CUST_348,2025-01-28 13:11:00,Saint-Louis,Orange Money,Retrait,Android,20684,0,0,Normal
6943,CUST_988,2025-03-12 15:46:00,Kaolack,Free Money,Transfert,Android,43195,0,0,Normal
6944,CUST_960,2025-05-25 13:18:00,Ziguinchor,Free Money,Transfert,Android,18809,0,0,Normal
6945,CUST_486,2025-05-30 11:49:00,Thiès,Orange Money,Retrait,Android,113222,0,0,Normal
6946,CUST_774,2025-04-15 10:23:00,Dakar,Orange Money,Transfert,iPhone,1886,0,0,Normal
6947,CUST_571,2025-02-12 19:35:00,Kaolack,Free Money,Paiement,Android,22695,0,0,Normal
6948,CUST_424,2025-03-09 07:37:00,Ziguinchor,Orange Money,Paiement,Android,19824,0,0,Normal
6949,CUST_610,2025-05-11 01:01:00,Saint-Louis,Free Money,Retrait,iPhone,1192,25,0,Normal
6950,CUST_149,2025-03-24 03:59:00,Saint-Louis,Wave,Transfert,Android,19232,25,0,Normal
6951,CUST_447,2025-05-13 21:44:00,Dakar,Orange Money,Retrait,Android,66543,0,0,Normal
6952,CUST_758,2025-03-22 10:55:00,Dakar,Wave,Paiement,iPhone,26767,0,0,Normal
6953,CUST_7,2025-06-19 16:55:00,Ziguinchor,Wave,Transfert,Android,41041,0,0,Normal
6954,CUST_697,2025-06-13 12:20:00,Thiès,Carte Bancaire,Retrait,iPhone,12336,0,0,Normal
6955,CUST_980,2025-01-11 19:47:00,Saint-Louis,Carte Bancaire,Retrait,Android,8687,0,0,Normal
6956,CUST_836,2025-05-16 12:44:00,Kaolack,Orange Money,Retrait,Android,48428,0,0,Normal
6957,CUST_277,2025-06-06 11:40:00,Ziguinchor,Free Money,Paiement,Android,34856,0,0,Normal
6958,CUST_589,2025-05-31 09:05:00,Ziguinchor,Wave,Paiement,iPhone,500,0,0,Normal
6959,CUST_522,2025-01-14 02:56:00,Thiès,Wave,Transfert,iPhone,52972,60,1,Transaction nocturne
6960,CUST_433,2025-03-31 08:02:00,Ziguinchor,Free Money,Transfert,Android,5525,30,0,Normal
6961,CUST_602,2025-04-14 15:18:00,Dakar,Orange Money,Retrait,iPhone,15259,0,0,Normal
6962,CUST_469,2025-05-30 16:01:00,Dakar,Free Money,Transfert,iPhone,11385,0,0,Normal
6963,CUST_289,2025-04-02 13:37:00,Ziguinchor,Wave,Retrait,iPhone,19603,0,0,Normal
6964,CUST_116,2025-04-17 13:02:00,Ziguinchor,Wave,Transfert,Android,12124,0,0,Normal
6965,CUST_149,2025-05-20 15:33:00,Saint-Louis,Carte Bancaire,Transfert,iPhone,23065,0,0,Normal
6966,CUST_784,2025-03-02 08:50:00,Dakar,Free Money,Transfert,iPhone,29015,35,1,Comportement suspect
6967,CUST_817,2025-03-23 15:51:00,Kaolack,Orange Money,Paiement,iPhone,74232,0,0,Normal
6968,CUST_103,2025-05-03 07:14:00,Thiès,Carte Bancaire,Paiement,Android,28835,0,0,Normal
6969,CUST_624,2025-02-16 09:55:00,Kaolack,Wave,Paiement,Android,19689,0,0,Normal
6970,CUST_324,2025-04-09 21:31:00,Dakar,Free Money,Transfert,iPhone,58555,0,0,Normal
6971,CUST_432,2025-06-09 10:19:00,Ziguinchor,Orange Money,Retrait,iPhone,42899,0,0,Normal
6972,CUST_263,2025-03-02 03:13:00,Dakar,Free Money,Retrait,iPhone,29148,25,0,Normal
6973,CUST_441,2025-05-29 07:46:00,Ziguinchor,Carte Bancaire,Transfert,iPhone,10388,0,0,Normal
6974,CUST_752,2025-02-26 06:27:00,Saint-Louis,Free Money,Paiement,Android,12143,0,0,Normal
6975,CUST_598,2025-02-14 08:24:00,Ziguinchor,Wave,Paiement,Android,5573,0,0,Normal
6976,CUST_152,2025-03-17 15:45:00,Ziguinchor,Wave,Paiement,Android,21386,0,0,Normal
6977,CUST_24,2025-06-05 17:45:00,Thiès,Wave,Transfert,iPhone,8973,0,0,Normal
6978,CUST_207,2025-01-30 08:53:00,Kaolack,Free Money,Retrait,iPhone,20195,0,0,Normal
6979,CUST_548,2025-04-04 11:42:00,Saint-Louis,Carte Bancaire,Transfert,iPhone,26317,0,0,Normal
6980,CUST_620,2025-01-07 13:39:00,Thiès,Free Money,Paiement,Android,1711,0,0,Normal
6981,CUST_87,2025-06-21 08:18:00,Ziguinchor,Carte Bancaire,Retrait,iPhone,27173,0,0,Normal
6982,CUST_54,2025-06-04 19:04:00,Thiès,Free Money,Paiement,iPhone,24444,0,0,Normal
6983,CUST_616,2025-03-23 11:09:00,Thiès,Wave,Transfert,Android,3257,0,0,Normal
6984,CUST_796,2025-05-02 21:29:00,Dakar,Free Money,Retrait,iPhone,14514,0,0,Normal
6985,CUST_385,2025-05-17 13:04:00,Ziguinchor,Carte Bancaire,Transfert,Android,49312,0,0,Normal
6986,CUST_915,2025-03-28 19:32:00,Thiès,Wave,Transfert,iPhone,8365,0,0,Normal
6987,CUST_77,2025-05-05 16:01:00,Thiès,Carte Bancaire,Transfert,iPhone,5414,0,0,Normal
6988,CUST_60,2025-04-17 09:53:00,Thiès,Orange Money,Transfert,Android,4265,0,0,Normal
6989,CUST_656,2025-01-28 07:39:00,Dakar,Carte Bancaire,Retrait,iPhone,7561,0,0,Normal
6990,CUST_766,2025-05-12 10:15:00,Thiès,Orange Money,Paiement,Android,14247,0,0,Normal
6991,CUST_556,2025-01-05 12:36:00,Thiès,Free Money,Retrait,iPhone,29811,0,0,Normal
6992,CUST_65,2025-06-13 15:10:00,Saint-Louis,Carte Bancaire,Retrait,iPhone,40572,0,0,Normal
6993,CUST_151,2025-05-04 17:29:00,Saint-Louis,Carte Bancaire,Paiement,Android,10088,0,0,Normal
6994,CUST_799,2025-05-04 16:15:00,Kaolack,Orange Money,Transfert,Android,6766,0,0,Normal
6995,CUST_824,2025-02-07 21:16:00,Kaolack,Carte Bancaire,Retrait,iPhone,25768,0,0,Normal
6996,CUST_663,2025-01-21 17:23:00,Thiès,Carte Bancaire,Transfert,iPhone,42378,0,0,Normal
6997,CUST_133,2025-04-03 07:02:00,Kaolack,Free Money,Retrait,Android,75414,0,0,Normal
6998,CUST_153,2025-02-13 22:52:00,Kaolack,Free Money,Transfert,iPhone,31173,0,0,Normal
6999,CUST_165,2025-05-13 10:31:00,Kaolack,Free Money,Retrait,Android,61277,0,0,Normal
7000,CUST_422,2025-04-29 20:41:00,Thiès,Carte Bancaire,Paiement,iPhone,32139,0,0,Normal
7001,CUST_925,2025-01-20 07:07:00,Ziguinchor,Free Money,Retrait,iPhone,33385,0,0,Normal
7002,CUST_143,2025-01-12 01:35:00,Ziguinchor,Carte Bancaire,Transfert,iPhone,500,25,0,Normal
7003,CUST_894,2025-06-17 14:09:00,Ziguinchor,Orange Money,Paiement,Android,16558,0,0,Normal
7004,CUST_609,2025-02-19 19:49:00,Kaolack,Wave,Retrait,iPhone,33008,0,0,Normal
7005,CUST_691,2025-01-20 02:42:00,Dakar,Wave,Transfert,Android,22058,25,0,Normal
7006,CUST_90,2025-05-06 14:40:00,Ziguinchor,Orange Money,Retrait,iPhone,37154,0,0,Normal
7007,CUST_520,2025-05-20 20:11:00,Ziguinchor,Free Money,Paiement,Android,39686,0,0,Normal
7008,CUST_569,2025-03-05 13:41:00,Saint-Louis,Carte Bancaire,Transfert,Android,29586,0,0,Normal
7009,CUST_679,2025-02-15 07:13:00,Saint-Louis,Carte Bancaire,Transfert,iPhone,5075,0,0,Normal
7010,CUST_225,2025-05-09 12:43:00,Saint-Louis,Free Money,Transfert,iPhone,70247,0,0,Normal
7011,CUST_385,2025-01-17 11:00:00,Ziguinchor,Carte Bancaire,Retrait,Android,45651,0,0,Normal
7012,CUST_245,2025-04-23 11:03:00,Kaolack,Free Money,Transfert,iPhone,27130,0,0,Normal
7013,CUST_136,2025-06-25 16:21:00,Dakar,Wave,Retrait,iPhone,5295,0,0,Normal
7014,CUST_448,2025-03-27 12:42:00,Ziguinchor,Free Money,Retrait,Android,67188,0,0,Normal
7015,CUST_185,2025-01-14 13:42:00,Saint-Louis,Carte Bancaire,Paiement,iPhone,15913,0,0,Normal
7016,CUST_682,2025-02-07 11:57:00,Saint-Louis,Orange Money,Retrait,iPhone,22392,0,0,Normal
7017,CUST_780,2025-02-05 11:19:00,Saint-Louis,Orange Money,Transfert,iPhone,31691,0,0,Normal
7018,CUST_442,2025-05-11 13:25:00,Ziguinchor,Orange Money,Retrait,iPhone,500,0,0,Normal
7019,CUST_407,2025-06-14 15:55:00,Kaolack,Carte Bancaire,Paiement,Android,37908,0,0,Normal
7020,CUST_916,2025-05-03 09:22:00,Ziguinchor,Carte Bancaire,Retrait,iPhone,54687,0,0,Normal
7021,CUST_919,2025-05-13 08:48:00,Saint-Louis,Orange Money,Transfert,Android,8408,0,0,Normal
7022,CUST_289,2025-02-03 23:14:00,Ziguinchor,Free Money,Retrait,iPhone,25248,0,0,Normal
7023,CUST_341,2025-03-18 12:10:00,Saint-Louis,Free Money,Retrait,iPhone,8402,0,0,Normal
7024,CUST_845,2025-02-08 14:40:00,Kaolack,Wave,Transfert,Android,26667,0,0,Normal
7025,CUST_186,2025-02-05 13:14:00,Kaolack,Wave,Retrait,iPhone,57747,0,0,Normal
7026,CUST_466,2025-06-13 14:01:00,Dakar,Free Money,Paiement,Android,10387,0,0,Normal
7027,CUST_850,2025-01-16 01:54:00,Dakar,Free Money,Retrait,Android,19176,25,0,Normal
7028,CUST_92,2025-03-12 10:20:00,Saint-Louis,Carte Bancaire,Retrait,Android,2623,0,0,Normal
7029,CUST_413,2025-02-06 12:08:00,Kaolack,Wave,Transfert,Android,5155,0,0,Normal
7030,CUST_536,2025-04-16 00:23:00,Ziguinchor,Carte Bancaire,Paiement,iPhone,68641,0,0,Normal
7031,CUST_422,2025-03-04 14:04:00,Thiès,Carte Bancaire,Retrait,Android,26613,0,0,Normal
7032,CUST_176,2025-04-08 14:08:00,Saint-Louis,Free Money,Paiement,Android,1375,0,0,Normal
7033,CUST_450,2025-06-19 11:50:00,Kaolack,Carte Bancaire,Paiement,Android,9008,0,0,Normal
7034,CUST_982,2025-02-05 16:01:00,Saint-Louis,Wave,Transfert,iPhone,25085,0,0,Normal
7035,CUST_560,2025-04-03 06:29:00,Saint-Louis,Orange Money,Retrait,Android,22117,0,0,Normal
7036,CUST_863,2025-06-11 05:52:00,Dakar,Free Money,Transfert,Android,3427,0,0,Normal
7037,CUST_947,2025-03-28 10:40:00,Dakar,Orange Money,Transfert,Android,41115,0,0,Normal
7038,CUST_478,2025-05-03 05:42:00,Dakar,Wave,Paiement,iPhone,57986,0,0,Normal
7039,CUST_636,2025-06-17 02:27:00,Kaolack,Carte Bancaire,Retrait,iPhone,23205,25,0,Normal
7040,CUST_339,2025-02-25 04:04:00,Saint-Louis,Free Money,Retrait,iPhone,20304,25,0,Normal
7041,CUST_913,2025-06-12 13:13:00,Kaolack,Orange Money,Transfert,iPhone,893,0,0,Normal
7042,CUST_789,2025-05-11 07:38:00,Kaolack,Orange Money,Retrait,iPhone,50769,0,0,Normal
7043,CUST_531,2025-05-17 17:50:00,Thiès,Wave,Transfert,iPhone,26217,0,0,Normal
7044,CUST_724,2025-01-09 13:52:00,Ziguinchor,Wave,Paiement,iPhone,2655,0,0,Normal
7045,CUST_985,2025-03-13 16:03:00,Ziguinchor,Carte Bancaire,Paiement,Android,4747,0,0,Normal
7046,CUST_354,2025-05-27 07:32:00,Saint-Louis,Orange Money,Retrait,iPhone,7520,0,0,Normal
7047,CUST_345,2025-02-19 11:23:00,Ziguinchor,Free Money,Transfert,iPhone,37758,0,0,Normal
7048,CUST_367,2025-05-29 17:50:00,Saint-Louis,Orange Money,Retrait,iPhone,20699,0,0,Normal
7049,CUST_378,2025-05-05 13:10:00,Thiès,Orange Money,Transfert,iPhone,17564,35,1,Comportement suspect
7050,CUST_62,2025-04-07 11:16:00,Thiès,Carte Bancaire,Paiement,Android,40556,0,0,Normal
7051,CUST_326,2025-02-26 13:08:00,Dakar,Carte Bancaire,Paiement,iPhone,50119,0,0,Normal
7052,CUST_17,2025-06-14 10:11:00,Dakar,Orange Money,Paiement,iPhone,25405,0,0,Normal
7053,CUST_570,2025-01-25 14:33:00,Saint-Louis,Free Money,Retrait,iPhone,5613,0,0,Normal
7054,CUST_787,2025-03-14 12:51:00,Ziguinchor,Orange Money,Retrait,iPhone,67357,30,0,Normal
7055,CUST_980,2025-06-28 17:59:00,Saint-Louis,Orange Money,Transfert,Android,19250,0,0,Normal
7056,CUST_268,2025-03-31 15:07:00,Thiès,Free Money,Retrait,iPhone,14615,0,0,Normal
7057,CUST_601,2025-02-08 07:41:00,Thiès,Wave,Transfert,Android,18664,0,0,Normal
7058,CUST_795,2025-06-22 23:45:00,Saint-Louis,Free Money,Retrait,iPhone,16344,0,0,Normal
7059,CUST_13,2025-03-02 11:11:00,Thiès,Carte Bancaire,Transfert,iPhone,10822,0,0,Normal
7060,CUST_363,2025-01-09 15:28:00,Thiès,Free Money,Paiement,iPhone,16955,0,0,Normal
7061,CUST_536,2025-02-12 16:23:00,Ziguinchor,Orange Money,Transfert,Android,60389,0,0,Normal
7062,CUST_302,2025-03-10 15:29:00,Saint-Louis,Wave,Retrait,iPhone,70413,0,0,Normal
7063,CUST_634,2025-05-31 11:18:00,Kaolack,Carte Bancaire,Paiement,Android,11136,0,0,Normal
7064,CUST_554,2025-03-07 09:25:00,Dakar,Orange Money,Transfert,Android,30338,0,0,Normal
7065,CUST_729,2025-01-27 17:28:00,Kaolack,Free Money,Retrait,Android,705,0,0,Normal
7066,CUST_638,2025-06-19 19:48:00,Saint-Louis,Orange Money,Retrait,iPhone,25102,0,0,Normal
7067,CUST_485,2025-04-21 00:25:00,Kaolack,Wave,Paiement,iPhone,24271,0,0,Normal
7068,CUST_771,2025-06-01 18:12:00,Thiès,Free Money,Paiement,Android,51187,0,0,Normal
7069,CUST_961,2025-04-28 16:45:00,Ziguinchor,Orange Money,Transfert,iPhone,24440,0,0,Normal
7070,CUST_293,2025-01-13 08:51:00,Thiès,Orange Money,Retrait,Android,33988,0,0,Normal
7071,CUST_70,2025-01-10 07:05:00,Saint-Louis,Wave,Paiement,iPhone,62632,0,0,Normal
7072,CUST_748,2025-05-22 11:59:00,Kaolack,Free Money,Paiement,iPhone,41021,0,0,Normal
7073,CUST_64,2025-03-15 13:18:00,Dakar,Wave,Transfert,Android,18567,0,0,Normal
7074,CUST_38,2025-01-09 06:05:00,Ziguinchor,Orange Money,Paiement,iPhone,31658,0,0,Normal
7075,CUST_16,2025-01-11 13:53:00,Saint-Louis,Wave,Transfert,iPhone,57230,0,0,Normal
7076,CUST_755,2025-03-23 15:27:00,Saint-Louis,Wave,Transfert,iPhone,40491,0,0,Normal
7077,CUST_381,2025-05-30 17:44:00,Ziguinchor,Carte Bancaire,Retrait,iPhone,43441,0,0,Normal
7078,CUST_420,2025-06-13 09:04:00,Ziguinchor,Carte Bancaire,Transfert,iPhone,34666,0,0,Normal
7079,CUST_752,2025-05-03 11:02:00,Saint-Louis,Free Money,Transfert,Android,21885,0,0,Normal
7080,CUST_200,2025-04-24 07:00:00,Saint-Louis,Orange Money,Retrait,Android,2914,35,1,Comportement suspect
7081,CUST_609,2025-05-04 11:09:00,Kaolack,Carte Bancaire,Retrait,iPhone,40096,0,0,Normal
7082,CUST_735,2025-01-02 21:33:00,Saint-Louis,Carte Bancaire,Transfert,iPhone,28818,0,0,Normal
7083,CUST_290,2025-01-21 07:32:00,Kaolack,Carte Bancaire,Retrait,iPhone,33761,0,0,Normal
7084,CUST_801,2025-03-22 10:48:00,Dakar,Orange Money,Transfert,Android,31732,0,0,Normal
7085,CUST_251,2025-04-06 09:15:00,Ziguinchor,Wave,Paiement,Android,8619,0,0,Normal
7086,CUST_57,2025-06-17 08:48:00,Ziguinchor,Free Money,Transfert,iPhone,79457,0,0,Normal
7087,CUST_366,2025-03-14 15:54:00,Ziguinchor,Free Money,Retrait,Android,29153,0,0,Normal
7088,CUST_978,2025-01-31 12:50:00,Kaolack,Orange Money,Paiement,Android,25997,0,0,Normal
7089,CUST_367,2025-03-28 14:21:00,Saint-Louis,Carte Bancaire,Retrait,Android,24511,0,0,Normal
7090,CUST_550,2025-05-15 16:27:00,Dakar,Free Money,Paiement,Android,10481,0,0,Normal
7091,CUST_162,2025-05-19 11:38:00,Ziguinchor,Orange Money,Paiement,iPhone,6486,0,0,Normal
7092,CUST_160,2025-06-02 09:07:00,Dakar,Orange Money,Paiement,Android,59046,0,0,Normal
7093,CUST_204,2025-02-07 11:03:00,Thiès,Orange Money,Transfert,iPhone,14941,0,0,Normal
7094,CUST_240,2025-04-08 17:50:00,Kaolack,Wave,Paiement,iPhone,23000,0,0,Normal
7095,CUST_938,2025-05-04 09:27:00,Kaolack,Orange Money,Retrait,iPhone,16501,0,0,Normal
7096,CUST_552,2025-04-29 16:51:00,Kaolack,Wave,Paiement,iPhone,11416,0,0,Normal
7097,CUST_19,2025-01-16 14:24:00,Thiès,Carte Bancaire,Paiement,iPhone,34276,0,0,Normal
7098,CUST_673,2025-03-13 20:26:00,Dakar,Carte Bancaire,Retrait,iPhone,25421,0,0,Normal
7099,CUST_91,2025-06-14 20:45:00,Saint-Louis,Wave,Retrait,Android,26383,0,0,Normal
7100,CUST_49,2025-05-13 14:00:00,Kaolack,Free Money,Transfert,Android,2637,0,0,Normal
7101,CUST_314,2025-01-29 13:19:00,Ziguinchor,Wave,Retrait,Android,7212,0,0,Normal
7102,CUST_373,2025-02-28 15:28:00,Kaolack,Carte Bancaire,Paiement,Android,47430,0,0,Normal
7103,CUST_187,2025-01-31 17:34:00,Dakar,Free Money,Paiement,iPhone,28099,0,0,Normal
7104,CUST_394,2025-01-03 12:11:00,Dakar,Wave,Transfert,iPhone,9194,0,0,Normal
7105,CUST_714,2025-01-22 07:58:00,Ziguinchor,Carte Bancaire,Retrait,Android,35716,0,0,Normal
7106,CUST_185,2025-06-23 11:21:00,Saint-Louis,Wave,Paiement,iPhone,16952,0,0,Normal
7107,CUST_75,2025-02-26 12:47:00,Thiès,Carte Bancaire,Transfert,iPhone,6165,0,0,Normal
7108,CUST_968,2025-02-11 13:55:00,Saint-Louis,Free Money,Transfert,Android,39648,0,0,Normal
7109,CUST_840,2025-05-23 13:59:00,Kaolack,Wave,Transfert,iPhone,12860,0,0,Normal
7110,CUST_895,2025-01-03 06:02:00,Kaolack,Wave,Retrait,iPhone,10579,0,0,Normal
7111,CUST_340,2025-02-22 06:51:00,Kaolack,Carte Bancaire,Retrait,iPhone,87720,30,0,Normal
7112,CUST_968,2025-01-16 08:20:00,Saint-Louis,Carte Bancaire,Transfert,Android,32497,0,0,Normal
7113,CUST_676,2025-05-01 17:42:00,Saint-Louis,Carte Bancaire,Retrait,iPhone,10959,0,0,Normal
7114,CUST_904,2025-04-22 19:44:00,Ziguinchor,Carte Bancaire,Transfert,Android,11923,0,0,Normal
7115,CUST_164,2025-01-25 13:51:00,Dakar,Wave,Paiement,Android,30252,0,0,Normal
7116,CUST_312,2025-06-06 17:44:00,Dakar,Wave,Paiement,iPhone,43462,0,0,Normal
7117,CUST_362,2025-03-02 08:23:00,Saint-Louis,Orange Money,Transfert,Android,28430,0,0,Normal
7118,CUST_474,2025-03-01 17:33:00,Dakar,Carte Bancaire,Paiement,iPhone,2700,0,0,Normal
7119,CUST_32,2025-03-04 02:42:00,Thiès,Orange Money,Transfert,iPhone,50207,25,0,Normal
7120,CUST_189,2025-06-17 15:47:00,Thiès,Free Money,Paiement,iPhone,21399,0,0,Normal
7121,CUST_796,2025-03-31 21:04:00,Dakar,Free Money,Paiement,iPhone,29224,0,0,Normal
7122,CUST_757,2025-05-08 21:12:00,Thiès,Orange Money,Retrait,Android,96720,0,0,Normal
7123,CUST_22,2025-03-03 07:50:00,Dakar,Carte Bancaire,Retrait,iPhone,44179,0,0,Normal
7124,CUST_517,2025-02-26 14:23:00,Kaolack,Free Money,Transfert,iPhone,67030,30,0,Normal
7125,CUST_107,2025-03-29 11:49:00,Dakar,Wave,Paiement,Android,62308,0,0,Normal
7126,CUST_682,2025-06-23 14:00:00,Saint-Louis,Wave,Retrait,iPhone,14482,0,0,Normal
7127,CUST_705,2025-01-20 21:26:00,Thiès,Carte Bancaire,Paiement,iPhone,58763,0,0,Normal
7128,CUST_717,2025-04-03 14:56:00,Thiès,Carte Bancaire,Paiement,iPhone,34010,0,0,Normal
7129,CUST_574,2025-01-12 01:42:00,Saint-Louis,Orange Money,Paiement,Android,15728,25,0,Normal
7130,CUST_985,2025-03-10 18:01:00,Ziguinchor,Free Money,Transfert,iPhone,6972,0,0,Normal
7131,CUST_157,2025-03-11 15:00:00,Dakar,Orange Money,Retrait,iPhone,13751,0,0,Normal
7132,CUST_348,2025-06-01 12:13:00,Saint-Louis,Carte Bancaire,Transfert,iPhone,52502,0,0,Normal
7133,CUST_391,2025-01-12 05:19:00,Kaolack,Free Money,Paiement,iPhone,500,0,0,Normal
7134,CUST_948,2025-03-16 11:06:00,Ziguinchor,Orange Money,Transfert,Android,7083,0,0,Normal
7135,CUST_765,2025-05-14 10:07:00,Thiès,Orange Money,Retrait,iPhone,8082,0,0,Normal
7136,CUST_159,2025-01-03 16:02:00,Kaolack,Carte Bancaire,Transfert,Android,19343,0,0,Normal
7137,CUST_168,2025-02-06 20:53:00,Kaolack,Wave,Retrait,iPhone,24300,0,0,Normal
7138,CUST_611,2025-05-25 13:16:00,Kaolack,Carte Bancaire,Transfert,Android,17587,0,0,Normal
7139,CUST_96,2025-02-06 14:33:00,Saint-Louis,Wave,Transfert,iPhone,15263,0,0,Normal
7140,CUST_266,2025-06-19 07:51:00,Saint-Louis,Wave,Transfert,iPhone,17543,0,0,Normal
7141,CUST_21,2025-02-13 14:55:00,Dakar,Orange Money,Transfert,iPhone,7753,0,0,Normal
7142,CUST_594,2025-06-07 12:59:00,Saint-Louis,Orange Money,Paiement,Android,27932,0,0,Normal
7143,CUST_421,2025-02-22 07:01:00,Dakar,Free Money,Paiement,iPhone,500,0,0,Normal
7144,CUST_746,2025-03-31 18:17:00,Ziguinchor,Orange Money,Paiement,iPhone,34358,0,0,Normal
7145,CUST_687,2025-01-12 11:17:00,Ziguinchor,Carte Bancaire,Retrait,Android,93635,0,0,Normal
7146,CUST_676,2025-02-07 10:02:00,Saint-Louis,Orange Money,Transfert,iPhone,12524,0,0,Normal
7147,CUST_867,2025-01-31 07:04:00,Ziguinchor,Free Money,Retrait,iPhone,37697,0,0,Normal
7148,CUST_1,2025-01-19 17:13:00,Dakar,Carte Bancaire,Transfert,iPhone,77258,0,0,Normal
7149,CUST_128,2025-03-07 14:46:00,Kaolack,Free Money,Paiement,Android,34037,0,0,Normal
7150,CUST_778,2025-03-16 09:55:00,Dakar,Orange Money,Paiement,Android,37652,0,0,Normal
7151,CUST_222,2025-03-30 22:00:00,Dakar,Carte Bancaire,Retrait,iPhone,5662,0,0,Normal
7152,CUST_969,2025-04-11 14:07:00,Ziguinchor,Wave,Paiement,Android,18998,0,0,Normal
7153,CUST_767,2025-03-31 11:46:00,Kaolack,Wave,Paiement,iPhone,70397,0,0,Normal
7154,CUST_419,2025-02-12 11:20:00,Dakar,Free Money,Retrait,iPhone,2219,0,0,Normal
7155,CUST_250,2025-04-18 16:57:00,Dakar,Free Money,Transfert,iPhone,59997,0,0,Normal
7156,CUST_8,2025-05-14 10:51:00,Thiès,Free Money,Retrait,Android,28459,0,0,Normal
7157,CUST_611,2025-04-30 18:36:00,Kaolack,Wave,Paiement,iPhone,57207,0,0,Normal
7158,CUST_577,2025-05-23 07:36:00,Ziguinchor,Wave,Paiement,Android,15612,0,0,Normal
7159,CUST_753,2025-02-23 07:50:00,Saint-Louis,Carte Bancaire,Paiement,iPhone,12431,0,0,Normal
7160,CUST_503,2025-05-12 10:08:00,Dakar,Free Money,Paiement,Android,39861,0,0,Normal
7161,CUST_732,2025-02-28 09:15:00,Dakar,Carte Bancaire,Retrait,iPhone,9612,0,0,Normal
7162,CUST_542,2025-01-01 13:51:00,Kaolack,Wave,Transfert,Android,44447,0,0,Normal
7163,CUST_331,2025-02-04 12:18:00,Kaolack,Wave,Transfert,Android,4544,0,0,Normal
7164,CUST_897,2025-04-13 15:39:00,Thiès,Wave,Transfert,Android,38964,0,0,Normal
7165,CUST_990,2025-05-08 12:21:00,Thiès,Carte Bancaire,Retrait,Android,2989,0,0,Normal
7166,CUST_665,2025-03-23 15:21:00,Kaolack,Orange Money,Transfert,Android,2237,0,0,Normal
7167,CUST_999,2025-06-26 15:54:00,Thiès,Orange Money,Paiement,Android,31044,0,0,Normal
7168,CUST_38,2025-04-05 01:46:00,Ziguinchor,Orange Money,Transfert,Android,16681,25,0,Normal
7169,CUST_835,2025-06-05 17:12:00,Dakar,Wave,Paiement,Android,45772,0,0,Normal
7170,CUST_45,2025-02-22 10:56:00,Saint-Louis,Carte Bancaire,Paiement,Android,30403,0,0,Normal
7171,CUST_827,2025-06-11 12:08:00,Kaolack,Carte Bancaire,Transfert,Android,28093,0,0,Normal
7172,CUST_82,2025-05-20 09:43:00,Ziguinchor,Free Money,Paiement,iPhone,42706,0,0,Normal
7173,CUST_547,2025-02-28 09:20:00,Saint-Louis,Carte Bancaire,Transfert,Android,11135,0,0,Normal
7174,CUST_359,2025-01-19 18:35:00,Saint-Louis,Free Money,Transfert,Android,7104,0,0,Normal
7175,CUST_843,2025-05-03 06:15:00,Saint-Louis,Free Money,Retrait,iPhone,64959,0,0,Normal
7176,CUST_326,2025-05-05 12:20:00,Dakar,Orange Money,Retrait,Android,30084,0,0,Normal
7177,CUST_426,2025-01-30 15:19:00,Kaolack,Free Money,Transfert,Android,610,0,0,Normal
7178,CUST_121,2025-01-17 07:30:00,Dakar,Carte Bancaire,Retrait,Android,18051,0,0,Normal
7179,CUST_673,2025-06-02 08:29:00,Dakar,Orange Money,Paiement,iPhone,16254,0,0,Normal
7180,CUST_870,2025-06-28 07:26:00,Ziguinchor,Wave,Retrait,iPhone,33013,0,0,Normal
7181,CUST_39,2025-02-25 09:49:00,Kaolack,Carte Bancaire,Transfert,Android,42951,0,0,Normal
7182,CUST_121,2025-03-12 08:44:00,Dakar,Free Money,Paiement,iPhone,1356,0,0,Normal
7183,CUST_686,2025-05-31 11:55:00,Kaolack,Orange Money,Transfert,iPhone,22681,0,0,Normal
7184,CUST_263,2025-05-13 16:34:00,Dakar,Orange Money,Retrait,Android,29593,0,0,Normal
7185,CUST_312,2025-06-24 11:50:00,Dakar,Wave,Retrait,Android,21852,0,0,Normal
7186,CUST_540,2025-02-16 13:12:00,Saint-Louis,Carte Bancaire,Transfert,iPhone,34030,0,0,Normal
7187,CUST_610,2025-04-16 09:26:00,Saint-Louis,Wave,Transfert,Android,3784,0,0,Normal
7188,CUST_685,2025-04-02 03:43:00,Dakar,Orange Money,Transfert,Android,17552,25,0,Normal
7189,CUST_108,2025-03-29 15:59:00,Dakar,Free Money,Retrait,Android,60651,0,0,Normal
7190,CUST_730,2025-06-06 02:30:00,Saint-Louis,Carte Bancaire,Retrait,iPhone,15437,25,0,Normal
7191,CUST_231,2025-04-25 09:04:00,Saint-Louis,Wave,Retrait,iPhone,18966,0,0,Normal
7192,CUST_294,2025-04-12 22:52:00,Thiès,Free Money,Retrait,iPhone,45035,0,0,Normal
7193,CUST_4,2025-02-02 12:59:00,Kaolack,Carte Bancaire,Retrait,Android,50736,0,0,Normal
7194,CUST_166,2025-01-10 16:44:00,Thiès,Carte Bancaire,Transfert,iPhone,23647,0,0,Normal
7195,CUST_985,2025-02-11 12:58:00,Ziguinchor,Carte Bancaire,Transfert,iPhone,500,0,0,Normal
7196,CUST_963,2025-06-15 14:25:00,Ziguinchor,Free Money,Retrait,iPhone,56787,0,0,Normal
7197,CUST_470,2025-02-05 12:30:00,Thiès,Free Money,Transfert,iPhone,19021,0,0,Normal
7198,CUST_301,2025-02-15 14:50:00,Saint-Louis,Wave,Paiement,Android,14676,0,0,Normal
7199,CUST_961,2025-05-29 11:13:00,Ziguinchor,Wave,Retrait,Android,5846,0,0,Normal
7200,CUST_797,2025-04-29 20:57:00,Thiès,Wave,Paiement,iPhone,50422,0,0,Normal
7201,CUST_347,2025-04-01 17:27:00,Thiès,Free Money,Transfert,Android,4880,0,0,Normal
7202,CUST_871,2025-05-28 09:40:00,Ziguinchor,Wave,Paiement,iPhone,60289,0,0,Normal
7203,CUST_515,2025-04-26 18:59:00,Kaolack,Free Money,Transfert,Android,9703,0,0,Normal
7204,CUST_922,2025-05-23 10:39:00,Ziguinchor,Free Money,Transfert,iPhone,500,35,1,Comportement suspect
7205,CUST_439,2025-01-06 11:03:00,Saint-Louis,Wave,Transfert,iPhone,14662,0,0,Normal
7206,CUST_78,2025-03-29 18:34:00,Saint-Louis,Carte Bancaire,Retrait,Android,11863,0,0,Normal
7207,CUST_63,2025-05-05 17:33:00,Kaolack,Carte Bancaire,Transfert,iPhone,65726,0,0,Normal
7208,CUST_286,2025-05-10 12:43:00,Thiès,Free Money,Retrait,iPhone,30671,0,0,Normal
7209,CUST_178,2025-03-08 08:25:00,Kaolack,Free Money,Retrait,Android,58802,0,0,Normal
7210,CUST_81,2025-01-21 12:46:00,Thiès,Carte Bancaire,Paiement,iPhone,65843,0,0,Normal
7211,CUST_686,2025-06-23 13:36:00,Kaolack,Carte Bancaire,Retrait,Android,30183,0,0,Normal
7212,CUST_335,2025-05-10 11:27:00,Kaolack,Orange Money,Retrait,iPhone,30934,0,0,Normal
7213,CUST_598,2025-04-17 06:30:00,Ziguinchor,Free Money,Paiement,iPhone,23236,0,0,Normal
7214,CUST_668,2025-01-07 14:27:00,Kaolack,Carte Bancaire,Transfert,Android,58309,0,0,Normal
7215,CUST_372,2025-02-19 05:40:00,Dakar,Free Money,Transfert,iPhone,20629,0,0,Normal
7216,CUST_132,2025-01-12 00:18:00,Saint-Louis,Orange Money,Transfert,Android,24401,0,0,Normal
7217,CUST_542,2025-03-01 00:30:00,Kaolack,Wave,Paiement,iPhone,35995,0,0,Normal
7218,CUST_81,2025-02-24 11:54:00,Thiès,Orange Money,Paiement,iPhone,59529,0,0,Normal
7219,CUST_617,2025-03-14 14:08:00,Dakar,Wave,Paiement,Android,36720,0,0,Normal
7220,CUST_797,2025-05-18 23:42:00,Thiès,Orange Money,Paiement,iPhone,500,0,0,Normal
7221,CUST_375,2025-01-10 09:04:00,Kaolack,Wave,Paiement,Android,28276,0,0,Normal
7222,CUST_595,2025-03-30 14:07:00,Saint-Louis,Carte Bancaire,Transfert,Android,42854,0,0,Normal
7223,CUST_491,2025-03-06 16:47:00,Dakar,Carte Bancaire,Paiement,Android,23533,0,0,Normal
7224,CUST_200,2025-05-29 15:51:00,Ziguinchor,Wave,Paiement,Android,12265,0,0,Normal
7225,CUST_95,2025-06-19 12:08:00,Ziguinchor,Wave,Transfert,Android,25890,0,0,Normal
7226,CUST_241,2025-01-21 10:13:00,Thiès,Carte Bancaire,Retrait,Android,56355,0,0,Normal
7227,CUST_553,2025-03-15 11:47:00,Thiès,Carte Bancaire,Paiement,Android,14364,0,0,Normal
7228,CUST_943,2025-06-05 16:08:00,Saint-Louis,Orange Money,Retrait,iPhone,93494,0,0,Normal
7229,CUST_636,2025-04-07 17:19:00,Kaolack,Carte Bancaire,Transfert,Android,40686,0,0,Normal
7230,CUST_41,2025-03-18 17:15:00,Saint-Louis,Orange Money,Retrait,Android,500,0,0,Normal
7231,CUST_311,2025-01-06 14:09:00,Dakar,Carte Bancaire,Retrait,iPhone,50876,0,0,Normal
7232,CUST_413,2025-04-01 10:40:00,Kaolack,Carte Bancaire,Transfert,Android,30251,0,0,Normal
7233,CUST_397,2025-04-23 07:18:00,Kaolack,Free Money,Transfert,Android,45855,0,0,Normal
7234,CUST_607,2025-05-18 10:06:00,Thiès,Orange Money,Paiement,Android,2793,0,0,Normal
7235,CUST_333,2025-03-11 17:57:00,Saint-Louis,Wave,Transfert,Android,17205,0,0,Normal
7236,CUST_938,2025-06-29 19:07:00,Kaolack,Orange Money,Paiement,Android,1506,0,0,Normal
7237,CUST_589,2025-04-19 15:50:00,Ziguinchor,Free Money,Transfert,iPhone,17101,0,0,Normal
7238,CUST_506,2025-03-15 16:32:00,Kaolack,Free Money,Retrait,Android,28987,0,0,Normal
7239,CUST_282,2025-02-15 12:59:00,Saint-Louis,Orange Money,Retrait,iPhone,39056,0,0,Normal
7240,CUST_930,2025-04-29 13:56:00,Saint-Louis,Wave,Paiement,iPhone,15023,0,0,Normal
7241,CUST_974,2025-05-24 07:50:00,Dakar,Orange Money,Retrait,iPhone,21157,0,0,Normal
7242,CUST_933,2025-04-16 18:26:00,Dakar,Free Money,Transfert,iPhone,48667,0,0,Normal
7243,CUST_875,2025-03-11 13:33:00,Ziguinchor,Wave,Retrait,Android,34897,0,0,Normal
7244,CUST_937,2025-04-07 12:58:00,Saint-Louis,Orange Money,Retrait,iPhone,2968,0,0,Normal
7245,CUST_522,2025-02-16 09:46:00,Dakar,Wave,Retrait,Android,37967,0,0,Normal
7246,CUST_317,2025-05-16 21:08:00,Saint-Louis,Free Money,Retrait,Android,18065,0,0,Normal
7247,CUST_949,2025-04-14 10:05:00,Thiès,Orange Money,Retrait,iPhone,29448,0,0,Normal
7248,CUST_278,2025-05-13 05:53:00,Dakar,Wave,Transfert,Android,12939,0,0,Normal
7249,CUST_486,2025-06-20 14:35:00,Thiès,Free Money,Retrait,iPhone,10184,0,0,Normal
7250,CUST_820,2025-06-02 09:24:00,Ziguinchor,Carte Bancaire,Paiement,Android,13853,0,0,Normal
7251,CUST_713,2025-03-26 15:35:00,Kaolack,Wave,Paiement,Android,18773,0,0,Normal
7252,CUST_641,2025-01-05 10:20:00,Kaolack,Orange Money,Paiement,iPhone,30052,0,0,Normal
7253,CUST_931,2025-05-11 14:00:00,Dakar,Free Money,Paiement,iPhone,31976,0,0,Normal
7254,CUST_667,2025-04-26 17:18:00,Saint-Louis,Wave,Transfert,Android,53703,0,0,Normal
7255,CUST_910,2025-05-27 12:14:00,Saint-Louis,Orange Money,Retrait,Android,6285,0,0,Normal
7256,CUST_593,2025-02-26 17:48:00,Ziguinchor,Wave,Paiement,iPhone,15855,0,0,Normal
7257,CUST_933,2025-03-06 17:16:00,Dakar,Orange Money,Transfert,Android,10925,0,0,Normal
7258,CUST_737,2025-01-17 13:46:00,Dakar,Carte Bancaire,Transfert,Android,35498,0,0,Normal
7259,CUST_69,2025-06-14 15:17:00,Thiès,Wave,Retrait,Android,64796,0,0,Normal
7260,CUST_625,2025-05-13 12:05:00,Saint-Louis,Free Money,Paiement,Android,4059,0,0,Normal
7261,CUST_13,2025-01-31 13:01:00,Thiès,Free Money,Transfert,Android,9578,0,0,Normal
7262,CUST_562,2025-01-21 14:41:00,Ziguinchor,Wave,Paiement,iPhone,13828,0,0,Normal
7263,CUST_594,2025-03-08 18:51:00,Saint-Louis,Orange Money,Transfert,iPhone,86998,0,0,Normal
7264,CUST_952,2025-04-12 09:06:00,Kaolack,Free Money,Retrait,iPhone,2860,0,0,Normal
7265,CUST_971,2025-02-06 12:31:00,Dakar,Free Money,Retrait,iPhone,82357,0,0,Normal
7266,CUST_541,2025-05-29 10:37:00,Ziguinchor,Free Money,Retrait,iPhone,54748,0,0,Normal
7267,CUST_571,2025-06-25 06:47:00,Kaolack,Free Money,Paiement,iPhone,21910,0,0,Normal
7268,CUST_462,2025-03-22 13:44:00,Dakar,Orange Money,Retrait,Android,17183,0,0,Normal
7269,CUST_601,2025-04-30 14:58:00,Thiès,Free Money,Retrait,Android,17299,0,0,Normal
7270,CUST_180,2025-05-08 17:39:00,Dakar,Carte Bancaire,Paiement,iPhone,28015,0,0,Normal
7271,CUST_961,2025-04-16 13:42:00,Ziguinchor,Wave,Paiement,iPhone,18156,0,0,Normal
7272,CUST_102,2025-02-14 14:19:00,Kaolack,Carte Bancaire,Retrait,iPhone,33761,0,0,Normal
7273,CUST_500,2025-04-09 12:36:00,Dakar,Free Money,Paiement,Android,40532,0,0,Normal
7274,CUST_313,2025-01-03 15:34:00,Thiès,Free Money,Transfert,Android,33648,0,0,Normal
7275,CUST_142,2025-06-17 06:33:00,Thiès,Orange Money,Retrait,iPhone,28865,0,0,Normal
7276,CUST_662,2025-02-25 13:07:00,Ziguinchor,Wave,Retrait,iPhone,20540,0,0,Normal
7277,CUST_963,2025-06-06 13:47:00,Ziguinchor,Orange Money,Transfert,Android,27311,0,0,Normal
7278,CUST_433,2025-04-25 15:38:00,Ziguinchor,Free Money,Paiement,Android,11664,0,0,Normal
7279,CUST_966,2025-06-29 19:37:00,Dakar,Free Money,Retrait,iPhone,51084,0,0,Normal
7280,CUST_32,2025-06-21 09:50:00,Thiès,Carte Bancaire,Retrait,Android,18752,0,0,Normal
7281,CUST_188,2025-01-12 17:56:00,Thiès,Carte Bancaire,Retrait,iPhone,45927,0,0,Normal
7282,CUST_127,2025-03-31 07:20:00,Dakar,Free Money,Retrait,Android,24171,0,0,Normal
7283,CUST_746,2025-06-20 09:14:00,Ziguinchor,Wave,Retrait,iPhone,30748,0,0,Normal
7284,CUST_972,2025-01-30 10:33:00,Ziguinchor,Wave,Retrait,iPhone,14923,0,0,Normal
7285,CUST_658,2025-02-11 09:26:00,Kaolack,Wave,Retrait,iPhone,26088,0,0,Normal
7286,CUST_598,2025-05-09 09:20:00,Ziguinchor,Orange Money,Retrait,Android,9620,0,0,Normal
7287,CUST_407,2025-03-14 16:16:00,Kaolack,Orange Money,Paiement,Android,19521,0,0,Normal
7288,CUST_788,2025-02-26 10:20:00,Saint-Louis,Orange Money,Transfert,iPhone,29285,0,0,Normal
7289,CUST_162,2025-03-11 21:36:00,Ziguinchor,Wave,Paiement,iPhone,3066,0,0,Normal
7290,CUST_414,2025-04-05 20:54:00,Thiès,Free Money,Transfert,Android,25828,0,0,Normal
7291,CUST_843,2025-02-17 15:02:00,Saint-Louis,Free Money,Transfert,iPhone,6221,0,0,Normal
7292,CUST_296,2025-05-04 13:59:00,Dakar,Wave,Transfert,iPhone,500,0,0,Normal
7293,CUST_132,2025-03-01 16:22:00,Saint-Louis,Wave,Paiement,Android,34060,0,0,Normal
7294,CUST_858,2025-02-13 03:27:00,Thiès,Carte Bancaire,Transfert,Android,69881,25,0,Normal
7295,CUST_178,2025-04-02 11:49:00,Kaolack,Free Money,Transfert,iPhone,17001,0,0,Normal
7296,CUST_41,2025-01-28 10:55:00,Saint-Louis,Wave,Transfert,iPhone,22751,0,0,Normal
7297,CUST_678,2025-02-26 11:31:00,Saint-Louis,Orange Money,Transfert,Android,12442,0,0,Normal
7298,CUST_469,2025-06-15 09:35:00,Dakar,Wave,Retrait,Android,8066,0,0,Normal
7299,CUST_384,2025-01-10 13:11:00,Kaolack,Free Money,Transfert,Android,58174,0,0,Normal
7300,CUST_192,2025-02-17 13:56:00,Kaolack,Free Money,Transfert,Android,3695,0,0,Normal
7301,CUST_722,2025-04-04 14:13:00,Dakar,Wave,Retrait,Android,54367,0,0,Normal
7302,CUST_517,2025-03-20 18:43:00,Kaolack,Orange Money,Transfert,iPhone,90849,0,0,Normal
7303,CUST_529,2025-03-05 22:45:00,Ziguinchor,Free Money,Paiement,Android,22952,0,0,Normal
7304,CUST_48,2025-02-20 09:34:00,Thiès,Free Money,Transfert,Android,3930,0,0,Normal
7305,CUST_155,2025-05-12 10:52:00,Saint-Louis,Wave,Transfert,Android,19909,0,0,Normal
7306,CUST_657,2025-04-29 14:29:00,Thiès,Wave,Retrait,Android,1498,0,0,Normal
7307,CUST_649,2025-03-10 11:33:00,Saint-Louis,Wave,Retrait,iPhone,19982,0,0,Normal
7308,CUST_942,2025-04-18 12:49:00,Thiès,Wave,Paiement,Android,1857,0,0,Normal
7309,CUST_469,2025-04-18 12:10:00,Dakar,Wave,Paiement,Android,19584,0,0,Normal
7310,CUST_654,2025-06-25 14:56:00,Ziguinchor,Carte Bancaire,Retrait,iPhone,9127,0,0,Normal
7311,CUST_514,2025-04-25 23:19:00,Saint-Louis,Free Money,Transfert,Android,56547,30,0,Normal
7312,CUST_183,2025-06-27 14:21:00,Thiès,Carte Bancaire,Retrait,iPhone,39215,0,0,Normal
7313,CUST_457,2025-05-24 13:41:00,Kaolack,Free Money,Paiement,iPhone,23276,0,0,Normal
7314,CUST_155,2025-04-13 18:51:00,Saint-Louis,Orange Money,Paiement,iPhone,29747,0,0,Normal
7315,CUST_90,2025-04-13 09:49:00,Ziguinchor,Free Money,Paiement,iPhone,16835,0,0,Normal
7316,CUST_593,2025-05-08 19:06:00,Ziguinchor,Wave,Transfert,Android,11503,0,0,Normal
7317,CUST_761,2025-05-05 05:47:00,Thiès,Free Money,Retrait,iPhone,30202,0,0,Normal
7318,CUST_717,2025-03-26 15:55:00,Thiès,Orange Money,Paiement,Android,41284,0,0,Normal
7319,CUST_328,2025-05-23 11:50:00,Thiès,Carte Bancaire,Transfert,iPhone,77157,0,0,Normal
7320,CUST_625,2025-03-07 03:14:00,Saint-Louis,Carte Bancaire,Transfert,Android,5377,25,0,Normal
7321,CUST_95,2025-03-21 00:51:00,Ziguinchor,Wave,Retrait,iPhone,27499,0,0,Normal
7322,CUST_311,2025-04-25 08:48:00,Dakar,Wave,Retrait,iPhone,28559,0,0,Normal
7323,CUST_457,2025-03-28 10:00:00,Kaolack,Free Money,Retrait,Android,60375,0,0,Normal
7324,CUST_91,2025-04-10 17:51:00,Saint-Louis,Carte Bancaire,Retrait,iPhone,11827,0,0,Normal
7325,CUST_871,2025-03-21 23:06:00,Ziguinchor,Carte Bancaire,Retrait,Android,63393,0,0,Normal
7326,CUST_42,2025-04-17 18:49:00,Ziguinchor,Wave,Transfert,Android,31124,0,0,Normal
7327,CUST_3,2025-04-20 13:33:00,Kaolack,Wave,Paiement,iPhone,33563,0,0,Normal
7328,CUST_535,2025-03-18 12:42:00,Ziguinchor,Free Money,Retrait,Android,4972,0,0,Normal
7329,CUST_718,2025-02-09 17:51:00,Ziguinchor,Orange Money,Transfert,Android,14366,0,0,Normal
7330,CUST_793,2025-02-24 16:48:00,Kaolack,Orange Money,Transfert,Android,30168,0,0,Normal
7331,CUST_414,2025-03-27 17:29:00,Thiès,Carte Bancaire,Paiement,Android,61792,0,0,Normal
7332,CUST_804,2025-04-19 14:31:00,Thiès,Carte Bancaire,Retrait,iPhone,10710,0,0,Normal
7333,CUST_667,2025-01-13 06:54:00,Saint-Louis,Carte Bancaire,Retrait,Android,13940,0,0,Normal
7334,CUST_193,2025-03-03 03:50:00,Thiès,Free Money,Paiement,Android,75861,25,0,Normal
7335,CUST_249,2025-01-18 17:15:00,Saint-Louis,Orange Money,Retrait,Android,12293,0,0,Normal
7336,CUST_460,2025-03-03 18:04:00,Dakar,Carte Bancaire,Transfert,Android,13497,0,0,Normal
7337,CUST_700,2025-05-05 06:13:00,Saint-Louis,Free Money,Transfert,Android,17737,0,0,Normal
7338,CUST_562,2025-03-01 13:49:00,Ziguinchor,Free Money,Paiement,Android,4431,0,0,Normal
7339,CUST_573,2025-04-13 01:13:00,Dakar,Wave,Retrait,Android,62840,25,0,Normal
7340,CUST_368,2025-04-04 10:13:00,Saint-Louis,Free Money,Retrait,iPhone,10210,0,0,Normal
7341,CUST_964,2025-06-29 08:54:00,Saint-Louis,Wave,Retrait,iPhone,9982,0,0,Normal
7342,CUST_357,2025-01-15 17:19:00,Dakar,Free Money,Transfert,iPhone,39617,0,0,Normal
7343,CUST_680,2025-02-10 15:35:00,Saint-Louis,Carte Bancaire,Paiement,Android,13569,0,0,Normal
7344,CUST_831,2025-05-21 06:39:00,Thiès,Free Money,Transfert,Android,17721,35,1,Comportement suspect
7345,CUST_289,2025-01-07 08:20:00,Ziguinchor,Carte Bancaire,Paiement,Android,49325,0,0,Normal
7346,CUST_777,2025-06-08 13:20:00,Kaolack,Wave,Retrait,iPhone,2447,0,0,Normal
7347,CUST_243,2025-04-08 17:18:00,Kaolack,Carte Bancaire,Retrait,iPhone,17619,0,0,Normal
7348,CUST_20,2025-05-05 10:53:00,Kaolack,Wave,Paiement,Android,24320,0,0,Normal
7349,CUST_519,2025-05-16 12:24:00,Kaolack,Wave,Retrait,Android,9488,0,0,Normal
7350,CUST_605,2025-05-10 16:44:00,Dakar,Carte Bancaire,Transfert,Android,1075,0,0,Normal
7351,CUST_283,2025-02-13 13:42:00,Kaolack,Wave,Paiement,iPhone,10721,0,0,Normal
7352,CUST_613,2025-05-14 15:32:00,Saint-Louis,Wave,Retrait,iPhone,20713,0,0,Normal
7353,CUST_800,2025-01-04 09:07:00,Ziguinchor,Carte Bancaire,Retrait,iPhone,6905,0,0,Normal
7354,CUST_767,2025-04-15 15:31:00,Kaolack,Free Money,Transfert,Android,48152,0,0,Normal
7355,CUST_622,2025-03-27 11:21:00,Saint-Louis,Orange Money,Retrait,iPhone,26454,35,1,Comportement suspect
7356,CUST_981,2025-02-02 19:31:00,Thiès,Carte Bancaire,Transfert,iPhone,2384,0,0,Normal
7357,CUST_143,2025-01-04 18:34:00,Ziguinchor,Free Money,Retrait,iPhone,39786,0,0,Normal
7358,CUST_250,2025-01-27 14:26:00,Dakar,Wave,Paiement,iPhone,64661,0,0,Normal
7359,CUST_81,2025-01-19 12:26:00,Thiès,Carte Bancaire,Transfert,iPhone,55249,0,0,Normal
7360,CUST_305,2025-03-14 10:26:00,Kaolack,Carte Bancaire,Retrait,iPhone,25538,0,0,Normal
7361,CUST_717,2025-03-02 20:42:00,Ziguinchor,Carte Bancaire,Retrait,Android,34056,35,1,Comportement suspect
7362,CUST_608,2025-02-05 14:33:00,Saint-Louis,Wave,Transfert,Android,6673,0,0,Normal
7363,CUST_783,2025-04-16 09:48:00,Thiès,Free Money,Retrait,Android,8874,0,0,Normal
7364,CUST_713,2025-04-29 16:24:00,Kaolack,Orange Money,Paiement,Android,4138,0,0,Normal
7365,CUST_381,2025-05-18 12:33:00,Ziguinchor,Carte Bancaire,Transfert,Android,54842,0,0,Normal
7366,CUST_714,2025-03-31 16:55:00,Ziguinchor,Free Money,Transfert,iPhone,6952,0,0,Normal
7367,CUST_333,2025-02-08 08:55:00,Saint-Louis,Free Money,Paiement,Android,18151,0,0,Normal
7368,CUST_655,2025-03-23 13:16:00,Thiès,Orange Money,Retrait,iPhone,23586,0,0,Normal
7369,CUST_885,2025-05-27 11:25:00,Saint-Louis,Free Money,Retrait,Android,12702,0,0,Normal
7370,CUST_226,2025-04-04 07:54:00,Ziguinchor,Orange Money,Transfert,iPhone,18195,0,0,Normal
7371,CUST_386,2025-05-15 16:20:00,Saint-Louis,Wave,Retrait,iPhone,39759,30,0,Normal
7372,CUST_290,2025-02-07 08:00:00,Kaolack,Wave,Paiement,iPhone,500,0,0,Normal
7373,CUST_936,2025-03-03 19:04:00,Kaolack,Carte Bancaire,Transfert,iPhone,20926,0,0,Normal
7374,CUST_81,2025-05-14 13:01:00,Thiès,Free Money,Paiement,Android,34925,0,0,Normal
7375,CUST_542,2025-04-23 12:38:00,Kaolack,Orange Money,Transfert,iPhone,60872,0,0,Normal
7376,CUST_751,2025-04-06 16:08:00,Ziguinchor,Free Money,Retrait,Android,2542,0,0,Normal
7377,CUST_978,2025-02-28 21:17:00,Kaolack,Orange Money,Retrait,iPhone,25564,0,0,Normal
7378,CUST_288,2025-05-03 14:44:00,Saint-Louis,Free Money,Transfert,iPhone,54690,0,0,Normal
7379,CUST_814,2025-01-19 11:19:00,Kaolack,Wave,Transfert,iPhone,21243,0,0,Normal
7380,CUST_393,2025-04-17 08:48:00,Saint-Louis,Orange Money,Paiement,Android,21134,0,0,Normal
7381,CUST_517,2025-01-24 11:19:00,Kaolack,Free Money,Paiement,Android,76451,0,0,Normal
7382,CUST_272,2025-02-24 13:11:00,Thiès,Orange Money,Retrait,Android,500,0,0,Normal
7383,CUST_232,2025-02-06 09:38:00,Saint-Louis,Orange Money,Paiement,Android,9117,0,0,Normal
7384,CUST_489,2025-04-06 21:38:00,Saint-Louis,Carte Bancaire,Paiement,iPhone,56531,0,0,Normal
7385,CUST_96,2025-03-16 09:45:00,Saint-Louis,Wave,Paiement,iPhone,54869,0,0,Normal
7386,CUST_375,2025-04-10 09:01:00,Kaolack,Free Money,Retrait,Android,29177,0,0,Normal
7387,CUST_280,2025-04-10 08:35:00,Thiès,Orange Money,Paiement,iPhone,75783,0,0,Normal
7388,CUST_549,2025-02-20 12:12:00,Ziguinchor,Free Money,Paiement,iPhone,23290,0,0,Normal
7389,CUST_995,2025-04-07 10:59:00,Kaolack,Orange Money,Transfert,Android,25306,0,0,Normal
7390,CUST_907,2025-03-15 14:53:00,Ziguinchor,Carte Bancaire,Retrait,Android,20364,0,0,Normal
7391,CUST_986,2025-03-28 21:37:00,Kaolack,Wave,Retrait,Android,9845,0,0,Normal
7392,CUST_785,2025-03-18 10:14:00,Saint-Louis,Carte Bancaire,Retrait,iPhone,15026,0,0,Normal
7393,CUST_84,2025-02-08 20:08:00,Thiès,Free Money,Transfert,iPhone,500,0,0,Normal
7394,CUST_475,2025-05-12 10:37:00,Kaolack,Orange Money,Transfert,iPhone,20185,0,0,Normal
7395,CUST_571,2025-05-16 11:17:00,Kaolack,Free Money,Transfert,iPhone,3356,0,0,Normal
7396,CUST_117,2025-04-18 12:46:00,Dakar,Wave,Paiement,iPhone,6350,0,0,Normal
7397,CUST_811,2025-02-02 03:57:00,Dakar,Carte Bancaire,Paiement,iPhone,22782,25,0,Normal
7398,CUST_757,2025-05-27 12:11:00,Thiès,Carte Bancaire,Transfert,Android,66078,0,0,Normal
7399,CUST_735,2025-04-22 11:24:00,Saint-Louis,Wave,Transfert,Android,14987,0,0,Normal
7400,CUST_635,2025-03-09 18:14:00,Ziguinchor,Carte Bancaire,Retrait,Android,16122,0,0,Normal
7401,CUST_165,2025-05-08 15:46:00,Kaolack,Carte Bancaire,Retrait,Android,38407,0,0,Normal
7402,CUST_627,2025-01-17 14:19:00,Kaolack,Free Money,Transfert,iPhone,20417,0,0,Normal
7403,CUST_216,2025-02-13 09:32:00,Dakar,Wave,Transfert,iPhone,18044,0,0,Normal
7404,CUST_688,2025-05-16 21:32:00,Thiès,Carte Bancaire,Transfert,iPhone,31291,0,0,Normal
7405,CUST_411,2025-01-12 18:15:00,Saint-Louis,Wave,Transfert,iPhone,37282,0,0,Normal
7406,CUST_660,2025-02-23 20:00:00,Dakar,Free Money,Transfert,Android,8009,0,0,Normal
7407,CUST_93,2025-04-06 13:15:00,Saint-Louis,Free Money,Retrait,Android,28389,0,0,Normal
7408,CUST_245,2025-02-24 13:13:00,Kaolack,Orange Money,Paiement,Android,46872,0,0,Normal
7409,CUST_781,2025-04-23 09:58:00,Ziguinchor,Free Money,Retrait,iPhone,50194,0,0,Normal
7410,CUST_61,2025-05-22 10:51:00,Dakar,Wave,Paiement,iPhone,21655,0,0,Normal
7411,CUST_637,2025-01-20 07:14:00,Kaolack,Wave,Transfert,iPhone,21643,0,0,Normal
7412,CUST_210,2025-03-26 13:20:00,Dakar,Carte Bancaire,Retrait,Android,40676,0,0,Normal
7413,CUST_527,2025-04-18 11:49:00,Saint-Louis,Orange Money,Transfert,Android,36530,0,0,Normal
7414,CUST_342,2025-02-01 12:30:00,Ziguinchor,Carte Bancaire,Paiement,Android,5502,0,0,Normal
7415,CUST_738,2025-06-15 06:47:00,Ziguinchor,Carte Bancaire,Transfert,iPhone,22562,0,0,Normal
7416,CUST_461,2025-04-22 16:39:00,Ziguinchor,Free Money,Paiement,iPhone,26265,0,0,Normal
7417,CUST_523,2025-01-07 19:23:00,Kaolack,Wave,Transfert,Android,52044,0,0,Normal
7418,CUST_430,2025-03-12 13:23:00,Saint-Louis,Wave,Retrait,iPhone,30187,0,0,Normal
7419,CUST_75,2025-06-11 09:56:00,Thiès,Carte Bancaire,Paiement,iPhone,17034,0,0,Normal
7420,CUST_947,2025-05-01 13:50:00,Dakar,Wave,Transfert,Android,27049,30,0,Normal
7421,CUST_875,2025-02-11 12:14:00,Ziguinchor,Orange Money,Retrait,Android,29982,0,0,Normal
7422,CUST_729,2025-02-17 15:14:00,Kaolack,Carte Bancaire,Paiement,iPhone,53757,0,0,Normal
7423,CUST_998,2025-03-05 10:22:00,Kaolack,Carte Bancaire,Retrait,Android,27618,0,0,Normal
7424,CUST_13,2025-03-21 12:04:00,Thiès,Wave,Retrait,iPhone,7801,0,0,Normal
7425,CUST_620,2025-01-07 16:44:00,Thiès,Wave,Paiement,Android,15824,0,0,Normal
7426,CUST_38,2025-05-16 09:17:00,Ziguinchor,Free Money,Retrait,iPhone,24258,0,0,Normal
7427,CUST_79,2025-03-15 14:15:00,Ziguinchor,Wave,Paiement,iPhone,23813,0,0,Normal
7428,CUST_98,2025-02-17 15:23:00,Kaolack,Orange Money,Paiement,Android,51101,0,0,Normal
7429,CUST_272,2025-05-24 20:23:00,Thiès,Carte Bancaire,Paiement,Android,7423,0,0,Normal
7430,CUST_437,2025-06-17 14:34:00,Saint-Louis,Carte Bancaire,Paiement,Android,17516,0,0,Normal
7431,CUST_631,2025-05-13 05:56:00,Thiès,Carte Bancaire,Paiement,Android,17626,0,0,Normal
7432,CUST_194,2025-02-15 08:09:00,Thiès,Carte Bancaire,Retrait,iPhone,5192,0,0,Normal
7433,CUST_531,2025-01-21 08:05:00,Thiès,Wave,Transfert,iPhone,25636,0,0,Normal
7434,CUST_51,2025-01-27 12:38:00,Thiès,Orange Money,Retrait,iPhone,34344,0,0,Normal
7435,CUST_581,2025-01-27 19:55:00,Ziguinchor,Orange Money,Transfert,iPhone,38185,35,1,Comportement suspect
7436,CUST_423,2025-03-24 08:57:00,Kaolack,Wave,Paiement,iPhone,500,0,0,Normal
7437,CUST_310,2025-03-22 16:23:00,Kaolack,Free Money,Paiement,iPhone,10608,0,0,Normal
7438,CUST_717,2025-06-12 16:00:00,Thiès,Orange Money,Transfert,iPhone,27183,0,0,Normal
7439,CUST_406,2025-01-27 11:29:00,Kaolack,Carte Bancaire,Retrait,iPhone,10257,0,0,Normal
7440,CUST_394,2025-01-27 08:32:00,Dakar,Free Money,Paiement,iPhone,23921,0,0,Normal
7441,CUST_977,2025-06-23 18:11:00,Thiès,Carte Bancaire,Retrait,iPhone,7229,0,0,Normal
7442,CUST_451,2025-02-21 14:40:00,Kaolack,Carte Bancaire,Transfert,Android,14151,0,0,Normal
7443,CUST_67,2025-02-20 13:29:00,Thiès,Carte Bancaire,Paiement,iPhone,38470,0,0,Normal
7444,CUST_787,2025-02-13 17:48:00,Ziguinchor,Free Money,Retrait,iPhone,24676,0,0,Normal
7445,CUST_865,2025-06-16 11:06:00,Ziguinchor,Wave,Retrait,Android,10357,0,0,Normal
7446,CUST_428,2025-06-18 18:45:00,Dakar,Free Money,Paiement,iPhone,73162,0,0,Normal
7447,CUST_273,2025-04-05 13:19:00,Saint-Louis,Carte Bancaire,Paiement,iPhone,43317,0,0,Normal
7448,CUST_80,2025-01-22 14:09:00,Ziguinchor,Free Money,Paiement,iPhone,17053,0,0,Normal
7449,CUST_509,2025-05-29 20:48:00,Ziguinchor,Free Money,Retrait,iPhone,28595,0,0,Normal
7450,CUST_798,2025-05-25 19:08:00,Dakar,Orange Money,Paiement,iPhone,2857,0,0,Normal
7451,CUST_193,2025-03-25 09:01:00,Thiès,Wave,Transfert,iPhone,44066,0,0,Normal
7452,CUST_919,2025-03-31 15:56:00,Saint-Louis,Wave,Retrait,Android,9300,0,0,Normal
7453,CUST_906,2025-06-16 18:25:00,Saint-Louis,Carte Bancaire,Transfert,iPhone,13909,0,0,Normal
7454,CUST_542,2025-04-07 10:44:00,Kaolack,Wave,Paiement,Android,56204,0,0,Normal
7455,CUST_431,2025-01-02 08:03:00,Thiès,Carte Bancaire,Retrait,Android,3403,35,1,Comportement suspect
7456,CUST_449,2025-01-04 18:15:00,Thiès,Wave,Retrait,iPhone,15209,0,0,Normal
7457,CUST_963,2025-02-08 13:38:00,Ziguinchor,Orange Money,Retrait,iPhone,43187,0,0,Normal
7458,CUST_486,2025-01-26 17:15:00,Thiès,Orange Money,Retrait,iPhone,109142,0,0,Normal
7459,CUST_481,2025-05-19 09:54:00,Kaolack,Wave,Transfert,iPhone,27241,0,0,Normal
7460,CUST_158,2025-06-15 08:46:00,Dakar,Orange Money,Retrait,Android,500,0,0,Normal
7461,CUST_959,2025-06-27 06:02:00,Ziguinchor,Free Money,Transfert,Android,57452,0,0,Normal
7462,CUST_654,2025-01-06 00:14:00,Ziguinchor,Carte Bancaire,Transfert,Android,9589,0,0,Normal
7463,CUST_781,2025-01-06 14:56:00,Ziguinchor,Wave,Paiement,Android,32993,0,0,Normal
7464,CUST_975,2025-04-04 16:54:00,Saint-Louis,Free Money,Transfert,Android,12137,0,0,Normal
7465,CUST_726,2025-02-26 14:54:00,Thiès,Orange Money,Retrait,Android,7900,0,0,Normal
7466,CUST_600,2025-05-18 14:19:00,Saint-Louis,Wave,Transfert,iPhone,6601,0,0,Normal
7467,CUST_155,2025-06-23 16:42:00,Saint-Louis,Wave,Paiement,Android,25844,0,0,Normal
7468,CUST_763,2025-06-09 19:04:00,Saint-Louis,Carte Bancaire,Retrait,Android,19967,35,1,Comportement suspect
7469,CUST_795,2025-04-23 12:02:00,Saint-Louis,Wave,Transfert,Android,27260,0,0,Normal
7470,CUST_833,2025-05-06 15:13:00,Saint-Louis,Free Money,Retrait,iPhone,91608,0,0,Normal
7471,CUST_259,2025-04-23 13:35:00,Ziguinchor,Carte Bancaire,Retrait,Android,2805,30,0,Normal
7472,CUST_125,2025-06-12 09:39:00,Kaolack,Orange Money,Paiement,iPhone,10098,0,0,Normal
7473,CUST_391,2025-03-03 13:14:00,Kaolack,Orange Money,Transfert,Android,9102,0,0,Normal
7474,CUST_266,2025-02-28 19:51:00,Saint-Louis,Orange Money,Transfert,Android,28550,0,0,Normal
7475,CUST_97,2025-06-07 12:08:00,Kaolack,Wave,Transfert,iPhone,60779,0,0,Normal
7476,CUST_145,2025-04-28 14:37:00,Dakar,Orange Money,Transfert,Android,5647,0,0,Normal
7477,CUST_857,2025-03-05 10:08:00,Kaolack,Wave,Paiement,iPhone,32393,0,0,Normal
7478,CUST_362,2025-06-15 02:02:00,Saint-Louis,Carte Bancaire,Retrait,iPhone,62095,25,0,Normal
7479,CUST_282,2025-06-13 10:35:00,Saint-Louis,Orange Money,Retrait,Android,29015,0,0,Normal
7480,CUST_711,2025-05-04 11:56:00,Ziguinchor,Wave,Transfert,iPhone,22427,0,0,Normal
7481,CUST_163,2025-03-24 07:13:00,Dakar,Orange Money,Transfert,iPhone,8986,0,0,Normal
7482,CUST_906,2025-02-15 11:51:00,Saint-Louis,Carte Bancaire,Paiement,Android,7904,0,0,Normal
7483,CUST_649,2025-03-16 18:46:00,Saint-Louis,Orange Money,Retrait,iPhone,23137,0,0,Normal
7484,CUST_57,2025-05-31 13:14:00,Ziguinchor,Orange Money,Retrait,iPhone,35555,0,0,Normal
7485,CUST_57,2025-04-23 09:32:00,Ziguinchor,Wave,Paiement,Android,51088,0,0,Normal
7486,CUST_765,2025-01-08 13:38:00,Thiès,Carte Bancaire,Paiement,iPhone,25771,0,0,Normal
7487,CUST_780,2025-01-25 10:45:00,Saint-Louis,Wave,Transfert,iPhone,47396,0,0,Normal
7488,CUST_631,2025-05-16 11:07:00,Thiès,Wave,Paiement,Android,19987,0,0,Normal
7489,CUST_744,2025-04-25 06:39:00,Saint-Louis,Orange Money,Retrait,Android,36932,0,0,Normal
7490,CUST_355,2025-06-13 19:26:00,Dakar,Wave,Retrait,iPhone,500,0,0,Normal
7491,CUST_880,2025-03-05 02:34:00,Saint-Louis,Carte Bancaire,Transfert,Android,4353,25,0,Normal
7492,CUST_10,2025-01-15 20:46:00,Ziguinchor,Free Money,Transfert,iPhone,22490,0,0,Normal
7493,CUST_334,2025-03-26 07:48:00,Kaolack,Wave,Transfert,Android,29326,0,0,Normal
7494,CUST_366,2025-04-29 10:39:00,Ziguinchor,Free Money,Paiement,iPhone,23665,0,0,Normal
7495,CUST_399,2025-04-23 16:05:00,Kaolack,Free Money,Paiement,iPhone,55606,0,0,Normal
7496,CUST_855,2025-02-13 16:50:00,Dakar,Wave,Retrait,Android,24433,0,0,Normal
7497,CUST_229,2025-03-05 14:13:00,Dakar,Wave,Transfert,iPhone,20957,0,0,Normal
7498,CUST_528,2025-02-24 11:40:00,Dakar,Orange Money,Retrait,iPhone,63221,0,0,Normal
7499,CUST_260,2025-02-09 12:51:00,Dakar,Free Money,Retrait,Android,11458,0,0,Normal
7500,CUST_94,2025-02-28 15:27:00,Ziguinchor,Wave,Retrait,iPhone,40697,0,0,Normal
7501,CUST_705,2025-04-08 14:15:00,Thiès,Free Money,Paiement,Android,53608,0,0,Normal
7502,CUST_798,2025-02-24 11:49:00,Dakar,Free Money,Paiement,iPhone,45230,0,0,Normal
7503,CUST_59,2025-04-07 11:02:00,Thiès,Wave,Transfert,iPhone,48529,0,0,Normal
7504,CUST_492,2025-06-30 13:52:00,Ziguinchor,Wave,Transfert,iPhone,50291,0,0,Normal
7505,CUST_295,2025-05-31 07:50:00,Kaolack,Carte Bancaire,Transfert,Android,3396,0,0,Normal
7506,CUST_291,2025-03-10 14:36:00,Ziguinchor,Free Money,Retrait,Android,7919,0,0,Normal
7507,CUST_825,2025-04-02 11:55:00,Dakar,Wave,Retrait,Android,13103,0,0,Normal
7508,CUST_749,2025-01-04 08:05:00,Dakar,Wave,Retrait,Android,9912,35,1,Comportement suspect
7509,CUST_461,2025-03-23 15:37:00,Ziguinchor,Carte Bancaire,Transfert,iPhone,54365,0,0,Normal
7510,CUST_569,2025-06-29 07:06:00,Saint-Louis,Orange Money,Retrait,Android,13503,0,0,Normal
7511,CUST_606,2025-05-16 09:52:00,Ziguinchor,Orange Money,Retrait,Android,32213,0,0,Normal
7512,CUST_724,2025-03-21 12:09:00,Ziguinchor,Free Money,Paiement,iPhone,5426,0,0,Normal
7513,CUST_977,2025-05-30 11:48:00,Thiès,Free Money,Transfert,iPhone,4655,0,0,Normal
7514,CUST_237,2025-05-23 20:56:00,Saint-Louis,Free Money,Paiement,Android,67635,0,0,Normal
7515,CUST_394,2025-05-16 17:26:00,Dakar,Orange Money,Paiement,Android,7513,0,0,Normal
7516,CUST_413,2025-02-15 15:38:00,Kaolack,Wave,Paiement,iPhone,14120,0,0,Normal
7517,CUST_803,2025-02-25 09:52:00,Dakar,Wave,Retrait,iPhone,42488,0,0,Normal
7518,CUST_179,2025-02-09 14:47:00,Dakar,Orange Money,Transfert,Android,78665,0,0,Normal
7519,CUST_86,2025-03-25 12:16:00,Dakar,Wave,Transfert,Android,16380,0,0,Normal
7520,CUST_945,2025-03-01 10:39:00,Ziguinchor,Wave,Transfert,iPhone,49261,0,0,Normal
7521,CUST_422,2025-06-10 12:35:00,Thiès,Wave,Paiement,Android,13096,0,0,Normal
7522,CUST_365,2025-03-18 08:45:00,Saint-Louis,Free Money,Transfert,Android,16449,0,0,Normal
7523,CUST_907,2025-04-21 20:52:00,Ziguinchor,Orange Money,Paiement,Android,19351,0,0,Normal
7524,CUST_241,2025-05-08 10:40:00,Thiès,Wave,Paiement,iPhone,500,0,0,Normal
7525,CUST_812,2025-03-07 12:24:00,Thiès,Orange Money,Paiement,Android,1695,0,0,Normal
7526,CUST_965,2025-06-20 16:22:00,Thiès,Free Money,Retrait,iPhone,37988,0,0,Normal
7527,CUST_707,2025-02-08 13:28:00,Dakar,Orange Money,Paiement,iPhone,10655,0,0,Normal
7528,CUST_745,2025-01-09 06:50:00,Kaolack,Carte Bancaire,Retrait,Android,35627,0,0,Normal
7529,CUST_679,2025-04-05 14:59:00,Saint-Louis,Wave,Retrait,Android,6272,0,0,Normal
7530,CUST_812,2025-06-25 09:24:00,Thiès,Carte Bancaire,Paiement,iPhone,10576,0,0,Normal
7531,CUST_990,2025-06-19 14:27:00,Thiès,Carte Bancaire,Retrait,Android,4037,0,0,Normal
7532,CUST_719,2025-02-18 18:13:00,Dakar,Free Money,Transfert,Android,18715,0,0,Normal
7533,CUST_745,2025-05-30 13:16:00,Kaolack,Wave,Paiement,Android,20830,0,0,Normal
7534,CUST_668,2025-02-15 16:46:00,Kaolack,Wave,Paiement,iPhone,55097,0,0,Normal
7535,CUST_381,2025-04-14 08:03:00,Ziguinchor,Free Money,Retrait,iPhone,19308,0,0,Normal
7536,CUST_192,2025-04-13 11:21:00,Kaolack,Orange Money,Paiement,Android,34269,0,0,Normal
7537,CUST_863,2025-03-05 11:11:00,Dakar,Orange Money,Transfert,iPhone,7922,0,0,Normal
7538,CUST_413,2025-01-20 15:11:00,Kaolack,Wave,Paiement,iPhone,28571,0,0,Normal
7539,CUST_167,2025-03-28 21:31:00,Saint-Louis,Carte Bancaire,Retrait,Android,35144,30,0,Normal
7540,CUST_542,2025-03-29 01:37:00,Kaolack,Carte Bancaire,Transfert,iPhone,35299,25,0,Normal
7541,CUST_806,2025-01-30 17:16:00,Dakar,Wave,Paiement,iPhone,2782,35,1,Comportement suspect
7542,CUST_347,2025-02-02 16:28:00,Thiès,Wave,Paiement,iPhone,1216,0,0,Normal
7543,CUST_248,2025-05-09 15:26:00,Ziguinchor,Carte Bancaire,Paiement,iPhone,24364,0,0,Normal
7544,CUST_333,2025-02-05 00:00:00,Saint-Louis,Carte Bancaire,Retrait,Android,1816,0,0,Normal
7545,CUST_380,2025-05-30 11:36:00,Thiès,Carte Bancaire,Retrait,Android,57392,0,0,Normal
7546,CUST_712,2025-03-10 10:44:00,Thiès,Wave,Transfert,Android,31866,0,0,Normal
7547,CUST_344,2025-04-09 09:05:00,Ziguinchor,Carte Bancaire,Retrait,Android,20394,0,0,Normal
7548,CUST_804,2025-04-15 15:41:00,Thiès,Orange Money,Transfert,Android,5762,0,0,Normal
7549,CUST_873,2025-05-25 18:09:00,Ziguinchor,Wave,Paiement,iPhone,66527,0,0,Normal
7550,CUST_94,2025-05-13 14:08:00,Ziguinchor,Wave,Transfert,Android,38698,0,0,Normal
7551,CUST_38,2025-06-11 06:52:00,Ziguinchor,Wave,Retrait,Android,50941,0,0,Normal
7552,CUST_977,2025-03-27 11:02:00,Thiès,Free Money,Retrait,iPhone,11905,0,0,Normal
7553,CUST_371,2025-04-29 19:07:00,Thiès,Orange Money,Paiement,iPhone,19853,0,0,Normal
7554,CUST_860,2025-04-21 08:06:00,Saint-Louis,Wave,Transfert,Android,70701,0,0,Normal
7555,CUST_960,2025-02-22 18:13:00,Ziguinchor,Carte Bancaire,Paiement,Android,9222,0,0,Normal
7556,CUST_808,2025-03-25 03:16:00,Dakar,Free Money,Paiement,Android,14476,25,0,Normal
7557,CUST_447,2025-03-02 18:59:00,Dakar,Free Money,Retrait,Android,21362,0,0,Normal
7558,CUST_407,2025-04-12 10:56:00,Kaolack,Orange Money,Retrait,iPhone,19092,0,0,Normal
7559,CUST_161,2025-02-12 16:28:00,Saint-Louis,Orange Money,Transfert,Android,29840,0,0,Normal
7560,CUST_694,2025-04-29 11:59:00,Thiès,Orange Money,Retrait,Android,500,0,0,Normal
7561,CUST_612,2025-03-26 14:39:00,Ziguinchor,Wave,Retrait,Android,3918,0,0,Normal
7562,CUST_11,2025-04-07 10:20:00,Dakar,Orange Money,Paiement,Android,13378,0,0,Normal
7563,CUST_450,2025-04-02 11:51:00,Kaolack,Free Money,Transfert,Android,16069,0,0,Normal
7564,CUST_622,2025-01-07 13:00:00,Kaolack,Carte Bancaire,Paiement,Android,16160,0,0,Normal
7565,CUST_653,2025-01-24 21:00:00,Ziguinchor,Carte Bancaire,Transfert,iPhone,4215,0,0,Normal
7566,CUST_202,2025-05-25 11:57:00,Saint-Louis,Wave,Paiement,Android,25836,0,0,Normal
7567,CUST_473,2025-01-17 09:27:00,Ziguinchor,Free Money,Retrait,iPhone,14297,30,0,Normal
7568,CUST_323,2025-02-14 12:01:00,Kaolack,Free Money,Retrait,iPhone,500,0,0,Normal
7569,CUST_139,2025-05-23 00:53:00,Kaolack,Carte Bancaire,Paiement,Android,19765,0,0,Normal
7570,CUST_827,2025-04-20 15:17:00,Kaolack,Free Money,Transfert,Android,6793,0,0,Normal
7571,CUST_643,2025-01-05 21:20:00,Saint-Louis,Wave,Transfert,iPhone,17456,0,0,Normal
7572,CUST_656,2025-04-19 15:53:00,Dakar,Carte Bancaire,Paiement,iPhone,9725,0,0,Normal
7573,CUST_161,2025-06-10 18:27:00,Saint-Louis,Free Money,Transfert,iPhone,34632,0,0,Normal
7574,CUST_607,2025-02-05 06:44:00,Thiès,Orange Money,Transfert,iPhone,25668,0,0,Normal
7575,CUST_913,2025-03-01 09:51:00,Kaolack,Orange Money,Retrait,Android,8122,0,0,Normal
7576,CUST_479,2025-05-16 10:27:00,Dakar,Wave,Paiement,iPhone,11435,0,0,Normal
7577,CUST_235,2025-02-26 11:21:00,Thiès,Free Money,Paiement,Android,52724,30,0,Normal
7578,CUST_976,2025-01-26 11:59:00,Dakar,Wave,Retrait,Android,36488,0,0,Normal
7579,CUST_183,2025-05-21 03:55:00,Thiès,Free Money,Transfert,Android,8369,25,0,Normal
7580,CUST_902,2025-01-04 08:59:00,Thiès,Wave,Paiement,Android,13220,0,0,Normal
7581,CUST_402,2025-02-03 13:29:00,Ziguinchor,Free Money,Retrait,iPhone,12755,0,0,Normal
7582,CUST_583,2025-05-27 06:57:00,Saint-Louis,Orange Money,Transfert,Android,7463,0,0,Normal
7583,CUST_325,2025-02-17 16:33:00,Ziguinchor,Carte Bancaire,Transfert,iPhone,65391,0,0,Normal
7584,CUST_338,2025-05-18 09:44:00,Thiès,Free Money,Retrait,iPhone,5635,0,0,Normal
7585,CUST_333,2025-04-02 15:28:00,Saint-Louis,Free Money,Paiement,Android,17641,0,0,Normal
7586,CUST_406,2025-02-02 00:02:00,Kaolack,Wave,Paiement,iPhone,18050,0,0,Normal
7587,CUST_611,2025-04-03 03:36:00,Kaolack,Free Money,Transfert,iPhone,26053,25,0,Normal
7588,CUST_75,2025-03-24 17:19:00,Thiès,Carte Bancaire,Transfert,iPhone,18313,0,0,Normal
7589,CUST_972,2025-01-20 15:12:00,Ziguinchor,Carte Bancaire,Retrait,Android,30793,0,0,Normal
7590,CUST_318,2025-04-14 15:49:00,Kaolack,Free Money,Transfert,iPhone,10179,0,0,Normal
7591,CUST_264,2025-06-05 08:07:00,Kaolack,Carte Bancaire,Retrait,Android,24396,0,0,Normal
7592,CUST_967,2025-06-17 17:07:00,Ziguinchor,Wave,Retrait,Android,37573,0,0,Normal
7593,CUST_979,2025-06-28 07:29:00,Thiès,Wave,Retrait,Android,40675,0,0,Normal
7594,CUST_641,2025-04-05 11:11:00,Kaolack,Carte Bancaire,Retrait,iPhone,46386,0,0,Normal
7595,CUST_281,2025-02-28 19:03:00,Thiès,Carte Bancaire,Transfert,iPhone,37724,0,0,Normal
7596,CUST_986,2025-03-17 11:03:00,Kaolack,Wave,Retrait,iPhone,9632,0,0,Normal
7597,CUST_586,2025-06-23 11:06:00,Saint-Louis,Free Money,Paiement,Android,27698,30,0,Normal
7598,CUST_576,2025-01-08 12:58:00,Ziguinchor,Free Money,Retrait,iPhone,46456,35,1,Comportement suspect
7599,CUST_726,2025-01-28 09:33:00,Thiès,Orange Money,Retrait,iPhone,22598,0,0,Normal
7600,CUST_636,2025-04-19 19:34:00,Kaolack,Carte Bancaire,Transfert,iPhone,60847,0,0,Normal
7601,CUST_675,2025-03-30 23:16:00,Thiès,Wave,Transfert,Android,500,0,0,Normal
7602,CUST_904,2025-05-17 13:39:00,Ziguinchor,Free Money,Paiement,iPhone,3911,0,0,Normal
7603,CUST_716,2025-01-20 11:59:00,Kaolack,Orange Money,Retrait,Android,12137,0,0,Normal
7604,CUST_138,2025-03-28 12:41:00,Ziguinchor,Free Money,Transfert,iPhone,22407,0,0,Normal
7605,CUST_960,2025-01-15 15:10:00,Ziguinchor,Wave,Transfert,Android,13262,0,0,Normal
7606,CUST_743,2025-02-20 08:27:00,Ziguinchor,Free Money,Paiement,Android,34544,0,0,Normal
7607,CUST_583,2025-03-24 14:51:00,Saint-Louis,Orange Money,Retrait,iPhone,22657,0,0,Normal
7608,CUST_334,2025-06-10 12:59:00,Kaolack,Wave,Paiement,Android,500,0,0,Normal
7609,CUST_343,2025-03-22 17:41:00,Ziguinchor,Orange Money,Retrait,Android,4296,0,0,Normal
7610,CUST_227,2025-03-18 10:17:00,Ziguinchor,Free Money,Paiement,iPhone,7281,0,0,Normal
7611,CUST_21,2025-04-04 11:48:00,Dakar,Free Money,Paiement,Android,19385,0,0,Normal
7612,CUST_252,2025-03-17 15:56:00,Thiès,Orange Money,Transfert,iPhone,27381,0,0,Normal
7613,CUST_965,2025-06-21 21:12:00,Thiès,Carte Bancaire,Retrait,Android,76679,0,0,Normal
7614,CUST_83,2025-02-02 17:42:00,Dakar,Wave,Retrait,iPhone,41835,0,0,Normal
7615,CUST_168,2025-01-16 12:22:00,Kaolack,Carte Bancaire,Paiement,Android,23331,0,0,Normal
7616,CUST_51,2025-03-22 22:36:00,Thiès,Wave,Retrait,iPhone,18378,0,0,Normal
7617,CUST_826,2025-02-28 05:08:00,Saint-Louis,Wave,Retrait,iPhone,38510,0,0,Normal
7618,CUST_145,2025-03-15 20:06:00,Dakar,Orange Money,Retrait,iPhone,16815,0,0,Normal
7619,CUST_988,2025-01-13 17:33:00,Kaolack,Free Money,Paiement,Android,28641,0,0,Normal
7620,CUST_11,2025-02-21 11:03:00,Dakar,Free Money,Retrait,iPhone,16187,0,0,Normal
7621,CUST_786,2025-03-24 14:26:00,Dakar,Carte Bancaire,Paiement,iPhone,14925,0,0,Normal
7622,CUST_635,2025-05-08 19:04:00,Ziguinchor,Wave,Retrait,Android,35568,0,0,Normal
7623,CUST_739,2025-05-19 06:39:00,Thiès,Orange Money,Paiement,Android,13326,0,0,Normal
7624,CUST_65,2025-02-15 15:27:00,Saint-Louis,Wave,Paiement,Android,26746,0,0,Normal
7625,CUST_829,2025-02-15 12:32:00,Ziguinchor,Free Money,Retrait,iPhone,14478,0,0,Normal
7626,CUST_786,2025-02-14 14:44:00,Dakar,Carte Bancaire,Retrait,Android,41253,0,0,Normal
7627,CUST_897,2025-06-09 17:21:00,Thiès,Free Money,Paiement,iPhone,37976,0,0,Normal
7628,CUST_977,2025-06-13 07:27:00,Thiès,Carte Bancaire,Retrait,iPhone,5944,0,0,Normal
7629,CUST_32,2025-01-22 12:17:00,Thiès,Wave,Paiement,Android,50838,0,0,Normal
7630,CUST_173,2025-01-17 05:24:00,Saint-Louis,Carte Bancaire,Retrait,iPhone,11959,0,0,Normal
7631,CUST_765,2025-06-19 11:58:00,Thiès,Orange Money,Paiement,Android,7940,0,0,Normal
7632,CUST_24,2025-02-04 12:05:00,Thiès,Free Money,Retrait,iPhone,15758,0,0,Normal
7633,CUST_283,2025-01-28 06:58:00,Kaolack,Orange Money,Paiement,Android,8853,0,0,Normal
7634,CUST_482,2025-05-02 10:09:00,Saint-Louis,Carte Bancaire,Retrait,Android,6116,0,0,Normal
7635,CUST_196,2025-06-11 13:57:00,Saint-Louis,Orange Money,Paiement,iPhone,11329,0,0,Normal
7636,CUST_417,2025-02-12 17:25:00,Ziguinchor,Free Money,Retrait,iPhone,51142,35,1,Comportement suspect
7637,CUST_880,2025-01-14 12:38:00,Saint-Louis,Orange Money,Paiement,iPhone,3446,0,0,Normal
7638,CUST_466,2025-03-31 12:46:00,Dakar,Orange Money,Transfert,Android,16508,0,0,Normal
7639,CUST_112,2025-03-01 16:19:00,Thiès,Carte Bancaire,Transfert,iPhone,70399,0,0,Normal
7640,CUST_87,2025-03-06 18:49:00,Ziguinchor,Wave,Retrait,Android,62910,0,0,Normal
7641,CUST_203,2025-03-13 12:23:00,Ziguinchor,Carte Bancaire,Transfert,Android,76957,0,0,Normal
7642,CUST_82,2025-01-01 19:33:00,Ziguinchor,Wave,Paiement,iPhone,45440,0,0,Normal
7643,CUST_525,2025-01-06 06:26:00,Kaolack,Orange Money,Paiement,Android,4365,0,0,Normal
7644,CUST_393,2025-03-07 09:09:00,Saint-Louis,Orange Money,Transfert,iPhone,40088,0,0,Normal
7645,CUST_27,2025-04-08 07:20:00,Saint-Louis,Orange Money,Transfert,iPhone,5627,0,0,Normal
7646,CUST_308,2025-06-15 16:55:00,Dakar,Wave,Retrait,iPhone,19676,0,0,Normal
7647,CUST_127,2025-04-02 11:42:00,Dakar,Wave,Transfert,Android,88105,0,0,Normal
7648,CUST_194,2025-02-28 14:12:00,Thiès,Free Money,Retrait,iPhone,13790,0,0,Normal
7649,CUST_38,2025-04-18 20:09:00,Ziguinchor,Carte Bancaire,Retrait,iPhone,12419,0,0,Normal
7650,CUST_232,2025-03-02 13:00:00,Saint-Louis,Wave,Transfert,Android,10729,0,0,Normal
7651,CUST_24,2025-02-17 14:31:00,Thiès,Carte Bancaire,Paiement,iPhone,7549,0,0,Normal
7652,CUST_605,2025-01-04 09:35:00,Dakar,Wave,Paiement,iPhone,3772,0,0,Normal
7653,CUST_1000,2025-06-18 09:45:00,Dakar,Free Money,Retrait,Android,35357,0,0,Normal
7654,CUST_953,2025-01-23 09:32:00,Saint-Louis,Carte Bancaire,Paiement,iPhone,10588,0,0,Normal
7655,CUST_51,2025-04-21 19:50:00,Thiès,Carte Bancaire,Retrait,Android,20317,0,0,Normal
7656,CUST_2,2025-01-23 09:31:00,Kaolack,Free Money,Retrait,Android,52626,0,0,Normal
7657,CUST_286,2025-02-03 14:38:00,Thiès,Orange Money,Retrait,iPhone,29602,0,0,Normal
7658,CUST_899,2025-05-07 12:35:00,Dakar,Wave,Paiement,iPhone,21062,0,0,Normal
7659,CUST_580,2025-05-14 07:25:00,Saint-Louis,Wave,Retrait,iPhone,2797,0,0,Normal
7660,CUST_752,2025-05-09 12:25:00,Saint-Louis,Wave,Paiement,Android,16919,0,0,Normal
7661,CUST_455,2025-05-02 15:14:00,Thiès,Wave,Paiement,Android,4802,0,0,Normal
7662,CUST_720,2025-05-06 01:29:00,Ziguinchor,Orange Money,Paiement,iPhone,13297,25,0,Normal
7663,CUST_548,2025-04-19 10:23:00,Saint-Louis,Free Money,Paiement,Android,34548,0,0,Normal
7664,CUST_788,2025-03-28 02:14:00,Saint-Louis,Wave,Transfert,Android,500,25,0,Normal
7665,CUST_539,2025-04-14 08:28:00,Ziguinchor,Carte Bancaire,Paiement,Android,8651,0,0,Normal
7666,CUST_93,2025-03-17 08:00:00,Saint-Louis,Wave,Retrait,Android,34908,0,0,Normal
7667,CUST_338,2025-05-11 12:19:00,Thiès,Orange Money,Paiement,Android,21988,0,0,Normal
7668,CUST_179,2025-05-09 06:05:00,Dakar,Orange Money,Paiement,iPhone,59223,0,0,Normal
7669,CUST_685,2025-05-26 13:29:00,Dakar,Orange Money,Retrait,iPhone,16011,0,0,Normal
7670,CUST_124,2025-02-17 09:46:00,Dakar,Orange Money,Paiement,Android,38839,0,0,Normal
7671,CUST_583,2025-05-08 04:47:00,Saint-Louis,Carte Bancaire,Paiement,Android,47441,25,0,Normal
7672,CUST_780,2025-04-18 13:33:00,Saint-Louis,Wave,Retrait,iPhone,76844,0,0,Normal
7673,CUST_990,2025-01-15 08:11:00,Thiès,Free Money,Transfert,Android,6391,0,0,Normal
7674,CUST_586,2025-04-02 02:26:00,Saint-Louis,Carte Bancaire,Paiement,iPhone,24724,25,0,Normal
7675,CUST_375,2025-05-10 09:32:00,Dakar,Carte Bancaire,Transfert,Android,37945,35,1,Comportement suspect
7676,CUST_394,2025-03-27 11:28:00,Dakar,Orange Money,Retrait,iPhone,7021,0,0,Normal
7677,CUST_77,2025-04-07 21:30:00,Thiès,Carte Bancaire,Paiement,Android,10109,0,0,Normal
7678,CUST_117,2025-03-15 16:27:00,Dakar,Orange Money,Transfert,Android,500,0,0,Normal
7679,CUST_255,2025-02-28 13:38:00,Thiès,Orange Money,Paiement,iPhone,32976,0,0,Normal
7680,CUST_328,2025-01-10 18:46:00,Thiès,Free Money,Retrait,Android,67331,0,0,Normal
7681,CUST_622,2025-01-18 15:49:00,Kaolack,Free Money,Transfert,Android,21322,0,0,Normal
7682,CUST_483,2025-05-24 11:23:00,Ziguinchor,Wave,Paiement,iPhone,20251,0,0,Normal
7683,CUST_139,2025-03-20 20:24:00,Kaolack,Orange Money,Transfert,iPhone,43105,0,0,Normal
7684,CUST_573,2025-05-23 12:29:00,Dakar,Carte Bancaire,Paiement,iPhone,21457,0,0,Normal
7685,CUST_737,2025-01-07 11:33:00,Dakar,Orange Money,Transfert,Android,35220,0,0,Normal
7686,CUST_97,2025-05-01 17:23:00,Kaolack,Orange Money,Retrait,iPhone,67138,0,0,Normal
7687,CUST_462,2025-04-30 06:49:00,Dakar,Free Money,Paiement,iPhone,11902,0,0,Normal
7688,CUST_713,2025-05-05 12:27:00,Kaolack,Wave,Transfert,Android,9973,0,0,Normal
7689,CUST_958,2025-03-03 05:35:00,Thiès,Carte Bancaire,Paiement,iPhone,3692,0,0,Normal
7690,CUST_985,2025-03-27 11:07:00,Ziguinchor,Wave,Paiement,iPhone,4820,0,0,Normal
7691,CUST_813,2025-02-26 02:03:00,Dakar,Free Money,Retrait,iPhone,15941,25,0,Normal
7692,CUST_255,2025-05-19 04:38:00,Thiès,Orange Money,Transfert,iPhone,43620,25,0,Normal
7693,CUST_442,2025-01-04 11:06:00,Ziguinchor,Carte Bancaire,Retrait,iPhone,12377,0,0,Normal
7694,CUST_455,2025-06-23 13:36:00,Thiès,Free Money,Retrait,Android,5360,0,0,Normal
7695,CUST_674,2025-01-16 05:09:00,Thiès,Free Money,Transfert,Android,23084,0,0,Normal
7696,CUST_793,2025-03-05 16:00:00,Kaolack,Carte Bancaire,Retrait,Android,8168,0,0,Normal
7697,CUST_333,2025-05-22 06:06:00,Saint-Louis,Carte Bancaire,Transfert,iPhone,500,0,0,Normal
7698,CUST_900,2025-01-24 14:31:00,Kaolack,Orange Money,Transfert,Android,56875,0,0,Normal
7699,CUST_780,2025-06-03 12:26:00,Saint-Louis,Wave,Transfert,Android,19934,0,0,Normal
7700,CUST_266,2025-05-31 15:01:00,Saint-Louis,Wave,Paiement,iPhone,53045,0,0,Normal
7701,CUST_755,2025-06-23 17:12:00,Saint-Louis,Carte Bancaire,Paiement,Android,33013,0,0,Normal
7702,CUST_706,2025-01-28 09:54:00,Dakar,Wave,Transfert,Android,21000,0,0,Normal
7703,CUST_717,2025-05-24 10:10:00,Thiès,Orange Money,Transfert,Android,9270,0,0,Normal
7704,CUST_904,2025-02-27 10:36:00,Ziguinchor,Free Money,Transfert,iPhone,500,0,0,Normal
7705,CUST_243,2025-03-13 09:33:00,Kaolack,Carte Bancaire,Retrait,iPhone,10613,0,0,Normal
7706,CUST_592,2025-02-26 06:10:00,Kaolack,Carte Bancaire,Transfert,Android,17949,0,0,Normal
7707,CUST_631,2025-06-14 15:33:00,Thiès,Orange Money,Transfert,Android,6562,0,0,Normal
7708,CUST_161,2025-04-13 04:32:00,Saint-Louis,Carte Bancaire,Retrait,iPhone,5475,25,0,Normal
7709,CUST_613,2025-04-06 14:16:00,Saint-Louis,Orange Money,Transfert,Android,18599,0,0,Normal
7710,CUST_42,2025-05-09 08:30:00,Ziguinchor,Free Money,Retrait,Android,41114,0,0,Normal
7711,CUST_968,2025-06-30 16:00:00,Saint-Louis,Free Money,Retrait,Android,15960,0,0,Normal
7712,CUST_962,2025-06-25 14:19:00,Thiès,Wave,Transfert,Android,35511,0,0,Normal
7713,CUST_492,2025-06-28 06:32:00,Ziguinchor,Carte Bancaire,Retrait,Android,73746,0,0,Normal
7714,CUST_854,2025-02-18 14:41:00,Saint-Louis,Free Money,Transfert,Android,1322,0,0,Normal
7715,CUST_697,2025-03-13 13:30:00,Thiès,Orange Money,Retrait,Android,25248,0,0,Normal
7716,CUST_27,2025-02-11 11:50:00,Saint-Louis,Carte Bancaire,Transfert,iPhone,10534,0,0,Normal
7717,CUST_863,2025-03-11 10:38:00,Dakar,Carte Bancaire,Retrait,Android,3319,0,0,Normal
7718,CUST_865,2025-04-12 15:36:00,Ziguinchor,Carte Bancaire,Retrait,iPhone,7949,0,0,Normal
7719,CUST_275,2025-04-15 16:37:00,Kaolack,Carte Bancaire,Transfert,Android,54588,0,0,Normal
7720,CUST_142,2025-03-31 18:26:00,Thiès,Orange Money,Transfert,Android,23049,0,0,Normal
7721,CUST_160,2025-05-20 23:22:00,Dakar,Orange Money,Transfert,Android,41949,0,0,Normal
7722,CUST_498,2025-05-16 15:38:00,Saint-Louis,Wave,Transfert,Android,28030,0,0,Normal
7723,CUST_555,2025-05-09 15:29:00,Saint-Louis,Free Money,Retrait,iPhone,37149,0,0,Normal
7724,CUST_803,2025-03-05 12:14:00,Dakar,Orange Money,Transfert,Android,34547,0,0,Normal
7725,CUST_664,2025-02-15 14:19:00,Ziguinchor,Orange Money,Retrait,iPhone,42207,0,0,Normal
7726,CUST_323,2025-05-31 17:54:00,Kaolack,Orange Money,Retrait,iPhone,2203,0,0,Normal
7727,CUST_729,2025-04-13 14:10:00,Kaolack,Orange Money,Transfert,iPhone,38725,0,0,Normal
7728,CUST_32,2025-06-23 09:51:00,Thiès,Wave,Paiement,iPhone,32062,0,0,Normal
7729,CUST_769,2025-01-08 12:20:00,Ziguinchor,Carte Bancaire,Paiement,Android,11751,0,0,Normal
7730,CUST_346,2025-01-23 07:33:00,Thiès,Carte Bancaire,Transfert,iPhone,3651,0,0,Normal
7731,CUST_195,2025-01-01 08:22:00,Ziguinchor,Wave,Paiement,iPhone,21196,0,0,Normal
7732,CUST_569,2025-02-13 19:58:00,Saint-Louis,Wave,Transfert,Android,20144,0,0,Normal
7733,CUST_919,2025-04-07 11:44:00,Saint-Louis,Free Money,Transfert,Android,12911,0,0,Normal
7734,CUST_987,2025-03-09 12:41:00,Thiès,Orange Money,Transfert,iPhone,30195,0,0,Normal
7735,CUST_248,2025-04-21 09:42:00,Ziguinchor,Free Money,Paiement,Android,37411,0,0,Normal
7736,CUST_154,2025-03-02 12:13:00,Kaolack,Orange Money,Paiement,iPhone,9416,0,0,Normal
7737,CUST_697,2025-05-18 11:27:00,Thiès,Wave,Retrait,Android,47320,0,0,Normal
7738,CUST_39,2025-01-10 20:18:00,Kaolack,Orange Money,Retrait,Android,66035,0,0,Normal
7739,CUST_684,2025-03-09 19:59:00,Dakar,Orange Money,Transfert,iPhone,19028,0,0,Normal
7740,CUST_3,2025-03-06 10:12:00,Kaolack,Carte Bancaire,Retrait,Android,20457,0,0,Normal
7741,CUST_576,2025-01-31 13:57:00,Kaolack,Carte Bancaire,Retrait,iPhone,32905,0,0,Normal
7742,CUST_180,2025-02-11 09:14:00,Dakar,Free Money,Paiement,Android,51088,0,0,Normal
7743,CUST_176,2025-04-22 16:11:00,Saint-Louis,Carte Bancaire,Transfert,Android,1516,0,0,Normal
7744,CUST_429,2025-03-03 07:56:00,Ziguinchor,Carte Bancaire,Transfert,iPhone,25600,0,0,Normal
7745,CUST_271,2025-04-08 18:28:00,Dakar,Orange Money,Paiement,Android,29483,0,0,Normal
7746,CUST_801,2025-06-11 13:23:00,Dakar,Free Money,Transfert,Android,44110,0,0,Normal
7747,CUST_787,2025-06-30 02:51:00,Ziguinchor,Wave,Paiement,Android,30985,25,0,Normal
7748,CUST_811,2025-02-02 08:18:00,Dakar,Carte Bancaire,Retrait,iPhone,36780,0,0,Normal
7749,CUST_752,2025-06-20 14:43:00,Saint-Louis,Wave,Paiement,Android,5361,0,0,Normal
7750,CUST_893,2025-04-25 11:38:00,Saint-Louis,Free Money,Paiement,iPhone,22242,0,0,Normal
7751,CUST_344,2025-05-25 02:09:00,Ziguinchor,Carte Bancaire,Paiement,iPhone,41925,25,0,Normal
7752,CUST_141,2025-04-14 17:06:00,Thiès,Wave,Retrait,iPhone,21804,0,0,Normal
7753,CUST_966,2025-06-26 06:52:00,Dakar,Carte Bancaire,Retrait,Android,47732,0,0,Normal
7754,CUST_867,2025-02-02 12:29:00,Ziguinchor,Free Money,Retrait,Android,21814,0,0,Normal
7755,CUST_559,2025-01-08 06:28:00,Saint-Louis,Carte Bancaire,Paiement,Android,27945,0,0,Normal
7756,CUST_773,2025-05-18 12:10:00,Saint-Louis,Wave,Paiement,Android,16303,0,0,Normal
7757,CUST_693,2025-01-28 11:33:00,Saint-Louis,Carte Bancaire,Transfert,Android,4305,0,0,Normal
7758,CUST_375,2025-05-01 14:42:00,Kaolack,Orange Money,Retrait,Android,10682,0,0,Normal
7759,CUST_258,2025-03-07 11:10:00,Ziguinchor,Orange Money,Transfert,Android,28065,0,0,Normal
7760,CUST_19,2025-06-04 09:12:00,Thiès,Orange Money,Retrait,iPhone,24668,0,0,Normal
7761,CUST_752,2025-03-03 16:19:00,Saint-Louis,Orange Money,Retrait,iPhone,33267,0,0,Normal
7762,CUST_195,2025-02-16 09:04:00,Ziguinchor,Carte Bancaire,Transfert,Android,13789,0,0,Normal
7763,CUST_274,2025-06-24 15:31:00,Dakar,Orange Money,Paiement,iPhone,55065,0,0,Normal
7764,CUST_42,2025-02-03 11:51:00,Ziguinchor,Free Money,Retrait,iPhone,73030,0,0,Normal
7765,CUST_478,2025-06-30 13:59:00,Dakar,Wave,Retrait,iPhone,52144,0,0,Normal
7766,CUST_250,2025-05-22 08:04:00,Dakar,Free Money,Retrait,iPhone,44061,0,0,Normal
7767,CUST_609,2025-06-03 12:34:00,Kaolack,Wave,Transfert,Android,53322,0,0,Normal
7768,CUST_302,2025-02-08 11:38:00,Saint-Louis,Orange Money,Transfert,Android,31008,0,0,Normal
7769,CUST_483,2025-06-24 08:49:00,Ziguinchor,Free Money,Paiement,iPhone,35601,0,0,Normal
7770,CUST_812,2025-06-09 21:15:00,Thiès,Orange Money,Transfert,iPhone,8178,0,0,Normal
7771,CUST_618,2025-01-04 15:34:00,Ziguinchor,Carte Bancaire,Retrait,Android,1455,0,0,Normal
7772,CUST_495,2025-03-17 17:25:00,Saint-Louis,Orange Money,Paiement,iPhone,12328,0,0,Normal
7773,CUST_947,2025-02-13 21:05:00,Dakar,Wave,Transfert,Android,48590,0,0,Normal
7774,CUST_714,2025-05-04 16:16:00,Ziguinchor,Wave,Retrait,iPhone,29296,0,0,Normal
7775,CUST_265,2025-01-14 15:51:00,Kaolack,Carte Bancaire,Transfert,Android,15160,0,0,Normal
7776,CUST_107,2025-03-23 02:35:00,Thiès,Free Money,Paiement,iPhone,22716,60,1,Transaction nocturne
7777,CUST_662,2025-04-27 09:30:00,Ziguinchor,Wave,Transfert,iPhone,27688,0,0,Normal
7778,CUST_417,2025-02-02 17:04:00,Thiès,Carte Bancaire,Retrait,iPhone,53423,0,0,Normal
7779,CUST_938,2025-05-20 13:25:00,Kaolack,Orange Money,Transfert,Android,27491,0,0,Normal
7780,CUST_34,2025-01-23 07:24:00,Thiès,Wave,Retrait,Android,7378,0,0,Normal
7781,CUST_714,2025-02-07 19:48:00,Ziguinchor,Wave,Transfert,Android,42236,0,0,Normal
7782,CUST_606,2025-05-26 23:25:00,Ziguinchor,Free Money,Paiement,iPhone,62951,0,0,Normal
7783,CUST_666,2025-05-25 10:28:00,Kaolack,Wave,Retrait,iPhone,46144,0,0,Normal
7784,CUST_64,2025-04-12 11:19:00,Dakar,Free Money,Paiement,iPhone,12930,0,0,Normal
7785,CUST_932,2025-04-16 10:50:00,Ziguinchor,Free Money,Transfert,Android,36457,0,0,Normal
7786,CUST_252,2025-05-08 16:20:00,Thiès,Carte Bancaire,Transfert,Android,32962,0,0,Normal
7787,CUST_621,2025-06-10 10:44:00,Thiès,Free Money,Paiement,Android,44981,0,0,Normal
7788,CUST_286,2025-01-25 03:17:00,Thiès,Free Money,Paiement,Android,39381,25,0,Normal
7789,CUST_850,2025-04-11 11:15:00,Dakar,Carte Bancaire,Transfert,iPhone,17663,0,0,Normal
7790,CUST_277,2025-04-29 15:33:00,Ziguinchor,Free Money,Transfert,Android,57461,0,0,Normal
7791,CUST_448,2025-05-14 06:21:00,Ziguinchor,Wave,Retrait,iPhone,68538,0,0,Normal
7792,CUST_934,2025-04-26 08:34:00,Dakar,Wave,Retrait,iPhone,9658,0,0,Normal
7793,CUST_199,2025-05-21 16:53:00,Saint-Louis,Orange Money,Transfert,Android,28800,0,0,Normal
7794,CUST_337,2025-05-12 18:55:00,Thiès,Wave,Paiement,Android,43082,0,0,Normal
7795,CUST_285,2025-03-23 11:53:00,Thiès,Carte Bancaire,Transfert,Android,50204,0,0,Normal
7796,CUST_840,2025-01-16 08:58:00,Kaolack,Orange Money,Transfert,Android,16671,0,0,Normal
7797,CUST_792,2025-04-13 09:47:00,Kaolack,Wave,Paiement,iPhone,15253,0,0,Normal
7798,CUST_777,2025-01-22 08:14:00,Dakar,Free Money,Paiement,iPhone,9513,35,1,Comportement suspect
7799,CUST_782,2025-03-25 02:00:00,Dakar,Orange Money,Transfert,iPhone,27950,25,0,Normal
7800,CUST_869,2025-06-01 14:09:00,Kaolack,Carte Bancaire,Transfert,iPhone,14326,0,0,Normal
7801,CUST_193,2025-04-19 03:39:00,Thiès,Orange Money,Retrait,iPhone,46895,25,0,Normal
7802,CUST_366,2025-04-05 13:13:00,Ziguinchor,Free Money,Retrait,iPhone,18293,0,0,Normal
7803,CUST_586,2025-06-22 15:34:00,Saint-Louis,Wave,Paiement,Android,23332,0,0,Normal
7804,CUST_426,2025-06-11 11:10:00,Kaolack,Carte Bancaire,Transfert,iPhone,9117,0,0,Normal
7805,CUST_927,2025-02-13 13:48:00,Dakar,Wave,Retrait,iPhone,500,0,0,Normal
7806,CUST_396,2025-03-12 23:42:00,Thiès,Carte Bancaire,Retrait,Android,29648,0,0,Normal
7807,CUST_96,2025-04-27 13:12:00,Saint-Louis,Free Money,Paiement,iPhone,56056,0,0,Normal
7808,CUST_193,2025-04-26 10:10:00,Thiès,Orange Money,Paiement,Android,31595,0,0,Normal
7809,CUST_395,2025-01-16 18:52:00,Saint-Louis,Carte Bancaire,Transfert,Android,59007,0,0,Normal
7810,CUST_83,2025-01-19 00:35:00,Dakar,Carte Bancaire,Paiement,iPhone,62130,0,0,Normal
7811,CUST_87,2025-05-28 07:32:00,Ziguinchor,Orange Money,Transfert,Android,43166,0,0,Normal
7812,CUST_588,2025-04-10 07:44:00,Ziguinchor,Free Money,Paiement,iPhone,19021,0,0,Normal
7813,CUST_753,2025-03-14 10:47:00,Saint-Louis,Carte Bancaire,Retrait,Android,9709,0,0,Normal
7814,CUST_503,2025-02-17 06:15:00,Dakar,Carte Bancaire,Paiement,Android,48282,0,0,Normal
7815,CUST_998,2025-06-26 13:17:00,Kaolack,Free Money,Transfert,iPhone,31223,0,0,Normal
7816,CUST_65,2025-02-17 14:21:00,Saint-Louis,Wave,Retrait,iPhone,33087,0,0,Normal
7817,CUST_197,2025-03-06 13:18:00,Thiès,Carte Bancaire,Paiement,Android,31334,0,0,Normal
7818,CUST_492,2025-03-20 23:49:00,Ziguinchor,Orange Money,Retrait,iPhone,55740,0,0,Normal
7819,CUST_805,2025-05-11 14:19:00,Saint-Louis,Orange Money,Transfert,Android,2373,0,0,Normal
7820,CUST_535,2025-04-06 07:46:00,Ziguinchor,Free Money,Retrait,iPhone,2680,0,0,Normal
7821,CUST_153,2025-05-01 15:28:00,Kaolack,Carte Bancaire,Paiement,iPhone,76638,0,0,Normal
7822,CUST_776,2025-05-02 12:51:00,Kaolack,Wave,Transfert,Android,25791,0,0,Normal
7823,CUST_461,2025-01-10 17:00:00,Ziguinchor,Free Money,Retrait,Android,8802,0,0,Normal
7824,CUST_951,2025-02-13 13:53:00,Dakar,Carte Bancaire,Transfert,iPhone,8319,0,0,Normal
7825,CUST_678,2025-05-24 14:16:00,Saint-Louis,Free Money,Transfert,Android,16638,0,0,Normal
7826,CUST_778,2025-01-02 09:46:00,Dakar,Wave,Paiement,Android,37255,0,0,Normal
7827,CUST_986,2025-02-13 18:02:00,Kaolack,Carte Bancaire,Retrait,iPhone,18656,0,0,Normal
7828,CUST_554,2025-04-21 13:38:00,Dakar,Carte Bancaire,Paiement,Android,73251,0,0,Normal
7829,CUST_582,2025-01-18 12:13:00,Dakar,Carte Bancaire,Retrait,iPhone,22522,0,0,Normal
7830,CUST_900,2025-06-07 06:34:00,Kaolack,Free Money,Transfert,iPhone,32063,0,0,Normal
7831,CUST_600,2025-04-28 19:35:00,Saint-Louis,Wave,Paiement,Android,7054,30,0,Normal
7832,CUST_400,2025-06-30 09:28:00,Dakar,Carte Bancaire,Paiement,Android,7117,35,1,Comportement suspect
7833,CUST_390,2025-02-25 10:01:00,Kaolack,Carte Bancaire,Retrait,Android,49501,0,0,Normal
7834,CUST_804,2025-06-03 16:13:00,Thiès,Wave,Paiement,Android,7756,0,0,Normal
7835,CUST_451,2025-03-21 00:20:00,Kaolack,Carte Bancaire,Transfert,Android,16422,0,0,Normal
7836,CUST_651,2025-04-27 11:08:00,Dakar,Wave,Transfert,Android,10322,0,0,Normal
7837,CUST_451,2025-04-15 16:10:00,Kaolack,Carte Bancaire,Retrait,Android,20249,0,0,Normal
7838,CUST_480,2025-05-01 13:05:00,Ziguinchor,Free Money,Retrait,iPhone,7542,0,0,Normal
7839,CUST_609,2025-02-15 12:38:00,Kaolack,Free Money,Retrait,Android,34120,0,0,Normal
7840,CUST_3,2025-03-15 19:05:00,Kaolack,Wave,Paiement,iPhone,2360,0,0,Normal
7841,CUST_238,2025-02-16 07:08:00,Saint-Louis,Carte Bancaire,Retrait,iPhone,33749,0,0,Normal
7842,CUST_492,2025-02-18 15:07:00,Ziguinchor,Orange Money,Paiement,iPhone,25010,0,0,Normal
7843,CUST_186,2025-03-25 09:04:00,Kaolack,Carte Bancaire,Transfert,Android,35966,0,0,Normal
7844,CUST_527,2025-02-23 13:48:00,Saint-Louis,Orange Money,Transfert,Android,47678,0,0,Normal
7845,CUST_195,2025-01-01 11:17:00,Ziguinchor,Carte Bancaire,Retrait,Android,22454,0,0,Normal
7846,CUST_949,2025-02-09 16:40:00,Thiès,Free Money,Retrait,Android,15950,0,0,Normal
7847,CUST_67,2025-05-04 10:16:00,Thiès,Carte Bancaire,Retrait,iPhone,19375,0,0,Normal
7848,CUST_8,2025-01-13 17:47:00,Thiès,Carte Bancaire,Transfert,iPhone,27696,0,0,Normal
7849,CUST_181,2025-02-06 05:51:00,Ziguinchor,Free Money,Retrait,iPhone,22400,0,0,Normal
7850,CUST_79,2025-02-22 15:15:00,Ziguinchor,Wave,Retrait,iPhone,23521,0,0,Normal
7851,CUST_960,2025-02-10 19:15:00,Ziguinchor,Wave,Retrait,iPhone,20814,0,0,Normal
7852,CUST_660,2025-01-09 10:20:00,Dakar,Wave,Retrait,iPhone,6389,0,0,Normal
7853,CUST_763,2025-03-08 13:57:00,Dakar,Orange Money,Paiement,iPhone,17223,0,0,Normal
7854,CUST_325,2025-05-06 06:42:00,Ziguinchor,Wave,Paiement,iPhone,1382,0,0,Normal
7855,CUST_76,2025-02-20 00:46:00,Ziguinchor,Orange Money,Paiement,iPhone,825,0,0,Normal
7856,CUST_284,2025-06-15 17:16:00,Saint-Louis,Wave,Paiement,Android,7372,0,0,Normal
7857,CUST_616,2025-01-29 12:26:00,Thiès,Wave,Paiement,Android,6943,0,0,Normal
7858,CUST_283,2025-02-08 08:05:00,Kaolack,Orange Money,Paiement,Android,6305,0,0,Normal
7859,CUST_442,2025-02-15 08:22:00,Saint-Louis,Free Money,Transfert,iPhone,8960,35,1,Comportement suspect
7860,CUST_141,2025-02-11 10:33:00,Thiès,Carte Bancaire,Paiement,Android,17087,0,0,Normal
7861,CUST_627,2025-03-28 16:28:00,Kaolack,Free Money,Paiement,Android,12190,0,0,Normal
7862,CUST_697,2025-04-09 13:21:00,Thiès,Free Money,Retrait,Android,36645,0,0,Normal
7863,CUST_821,2025-04-27 10:42:00,Saint-Louis,Wave,Paiement,Android,10294,0,0,Normal
7864,CUST_978,2025-05-31 07:25:00,Kaolack,Free Money,Transfert,Android,50626,0,0,Normal
7865,CUST_857,2025-02-14 13:22:00,Kaolack,Orange Money,Retrait,iPhone,30606,0,0,Normal
7866,CUST_451,2025-06-13 14:56:00,Kaolack,Carte Bancaire,Paiement,iPhone,28154,0,0,Normal
7867,CUST_523,2025-02-14 13:35:00,Kaolack,Carte Bancaire,Retrait,Android,44513,0,0,Normal
7868,CUST_982,2025-05-12 14:21:00,Saint-Louis,Wave,Paiement,iPhone,25137,0,0,Normal
7869,CUST_77,2025-04-24 06:19:00,Thiès,Free Money,Retrait,iPhone,6454,0,0,Normal
7870,CUST_249,2025-05-07 11:15:00,Saint-Louis,Orange Money,Paiement,iPhone,21458,0,0,Normal
7871,CUST_512,2025-01-27 21:16:00,Thiès,Carte Bancaire,Transfert,iPhone,50782,0,0,Normal
7872,CUST_774,2025-05-16 17:08:00,Dakar,Wave,Paiement,iPhone,8161,0,0,Normal
7873,CUST_578,2025-06-16 14:36:00,Thiès,Free Money,Paiement,iPhone,29493,0,0,Normal
7874,CUST_758,2025-03-19 18:43:00,Dakar,Carte Bancaire,Paiement,iPhone,19671,0,0,Normal
7875,CUST_361,2025-02-04 09:19:00,Dakar,Orange Money,Retrait,iPhone,23826,0,0,Normal
7876,CUST_352,2025-05-15 17:21:00,Ziguinchor,Carte Bancaire,Paiement,iPhone,7829,0,0,Normal
7877,CUST_429,2025-03-10 14:51:00,Ziguinchor,Wave,Retrait,Android,26399,0,0,Normal
7878,CUST_872,2025-01-02 09:52:00,Ziguinchor,Wave,Paiement,Android,16712,0,0,Normal
7879,CUST_913,2025-03-31 20:05:00,Kaolack,Carte Bancaire,Transfert,iPhone,5066,0,0,Normal
7880,CUST_895,2025-01-04 10:41:00,Kaolack,Wave,Retrait,iPhone,22050,0,0,Normal
7881,CUST_206,2025-06-17 11:34:00,Ziguinchor,Orange Money,Paiement,Android,10824,0,0,Normal
7882,CUST_187,2025-06-20 11:05:00,Dakar,Free Money,Transfert,Android,18284,0,0,Normal
7883,CUST_236,2025-01-26 19:44:00,Ziguinchor,Carte Bancaire,Paiement,iPhone,25908,0,0,Normal
7884,CUST_173,2025-05-12 17:41:00,Saint-Louis,Orange Money,Retrait,iPhone,3793,0,0,Normal
7885,CUST_918,2025-04-08 14:13:00,Ziguinchor,Orange Money,Paiement,iPhone,55297,35,1,Comportement suspect
7886,CUST_508,2025-02-18 18:19:00,Dakar,Wave,Paiement,iPhone,81947,0,0,Normal
7887,CUST_901,2025-06-05 14:19:00,Dakar,Orange Money,Transfert,iPhone,13164,0,0,Normal
7888,CUST_82,2025-01-04 15:30:00,Ziguinchor,Wave,Retrait,iPhone,53406,0,0,Normal
7889,CUST_296,2025-05-08 14:31:00,Dakar,Carte Bancaire,Transfert,iPhone,12652,0,0,Normal
7890,CUST_885,2025-01-04 07:55:00,Saint-Louis,Orange Money,Transfert,iPhone,4215,0,0,Normal
7891,CUST_727,2025-04-10 09:15:00,Saint-Louis,Carte Bancaire,Transfert,Android,16405,0,0,Normal
7892,CUST_959,2025-05-10 06:03:00,Ziguinchor,Orange Money,Retrait,iPhone,11192,0,0,Normal
7893,CUST_629,2025-04-07 12:53:00,Saint-Louis,Orange Money,Transfert,iPhone,42548,0,0,Normal
7894,CUST_686,2025-06-14 10:59:00,Kaolack,Orange Money,Retrait,iPhone,48518,0,0,Normal
7895,CUST_861,2025-04-25 15:18:00,Ziguinchor,Free Money,Paiement,iPhone,26077,0,0,Normal
7896,CUST_709,2025-04-24 05:44:00,Ziguinchor,Orange Money,Paiement,Android,45834,0,0,Normal
7897,CUST_172,2025-02-26 14:13:00,Thiès,Wave,Paiement,Android,16230,0,0,Normal
7898,CUST_861,2025-01-12 18:47:00,Ziguinchor,Carte Bancaire,Paiement,iPhone,54128,0,0,Normal
7899,CUST_863,2025-02-10 20:23:00,Dakar,Carte Bancaire,Paiement,Android,9308,0,0,Normal
7900,CUST_380,2025-03-29 14:59:00,Thiès,Free Money,Retrait,iPhone,71776,0,0,Normal
7901,CUST_615,2025-05-24 14:41:00,Ziguinchor,Carte Bancaire,Transfert,iPhone,26784,0,0,Normal
7902,CUST_425,2025-01-17 01:46:00,Ziguinchor,Wave,Retrait,iPhone,32177,25,0,Normal
7903,CUST_498,2025-02-16 09:47:00,Saint-Louis,Carte Bancaire,Paiement,iPhone,57631,0,0,Normal
7904,CUST_815,2025-03-13 07:14:00,Kaolack,Wave,Retrait,iPhone,26215,0,0,Normal
7905,CUST_977,2025-04-27 10:21:00,Thiès,Wave,Retrait,iPhone,12871,0,0,Normal
7906,CUST_864,2025-01-24 09:19:00,Kaolack,Carte Bancaire,Transfert,iPhone,22238,0,0,Normal
7907,CUST_213,2025-05-03 09:09:00,Ziguinchor,Carte Bancaire,Retrait,iPhone,44379,0,0,Normal
7908,CUST_458,2025-05-15 09:45:00,Dakar,Carte Bancaire,Retrait,iPhone,35610,0,0,Normal
7909,CUST_701,2025-06-09 16:30:00,Thiès,Wave,Retrait,iPhone,115511,0,0,Normal
7910,CUST_100,2025-04-22 11:47:00,Dakar,Carte Bancaire,Transfert,Android,11536,0,0,Normal
7911,CUST_293,2025-06-12 08:59:00,Thiès,Orange Money,Paiement,iPhone,15446,0,0,Normal
7912,CUST_567,2025-01-26 15:35:00,Thiès,Wave,Paiement,iPhone,47272,35,1,Comportement suspect
7913,CUST_626,2025-05-06 06:23:00,Kaolack,Free Money,Paiement,Android,48910,35,1,Comportement suspect
7914,CUST_530,2025-03-01 15:48:00,Dakar,Free Money,Retrait,iPhone,8918,0,0,Normal
7915,CUST_784,2025-05-23 17:12:00,Saint-Louis,Carte Bancaire,Transfert,iPhone,31627,0,0,Normal
7916,CUST_383,2025-01-27 07:00:00,Dakar,Wave,Transfert,iPhone,9613,0,0,Normal
7917,CUST_380,2025-02-18 13:47:00,Thiès,Wave,Paiement,iPhone,81217,0,0,Normal
7918,CUST_653,2025-01-29 14:35:00,Ziguinchor,Free Money,Paiement,iPhone,8378,0,0,Normal
7919,CUST_297,2025-03-07 18:44:00,Kaolack,Wave,Retrait,Android,87416,0,0,Normal
7920,CUST_877,2025-01-29 12:51:00,Dakar,Carte Bancaire,Retrait,Android,2135,0,0,Normal
7921,CUST_406,2025-06-22 14:21:00,Kaolack,Wave,Transfert,iPhone,17051,0,0,Normal
7922,CUST_581,2025-05-11 14:18:00,Dakar,Carte Bancaire,Paiement,iPhone,26176,0,0,Normal
7923,CUST_417,2025-01-17 15:43:00,Thiès,Wave,Paiement,Android,47815,0,0,Normal
7924,CUST_31,2025-03-28 11:45:00,Kaolack,Orange Money,Transfert,Android,29630,0,0,Normal
7925,CUST_388,2025-02-01 11:09:00,Kaolack,Free Money,Retrait,Android,17251,0,0,Normal
7926,CUST_283,2025-02-03 07:41:00,Kaolack,Carte Bancaire,Transfert,iPhone,3021,0,0,Normal
7927,CUST_410,2025-06-21 11:25:00,Saint-Louis,Wave,Retrait,iPhone,57758,0,0,Normal
7928,CUST_927,2025-04-12 09:17:00,Dakar,Carte Bancaire,Transfert,iPhone,23787,0,0,Normal
7929,CUST_637,2025-06-19 07:14:00,Kaolack,Orange Money,Paiement,Android,77263,0,0,Normal
7930,CUST_908,2025-04-16 15:39:00,Dakar,Free Money,Transfert,iPhone,20856,0,0,Normal
7931,CUST_614,2025-01-08 14:57:00,Saint-Louis,Wave,Transfert,Android,3456,0,0,Normal
7932,CUST_242,2025-05-02 11:28:00,Thiès,Carte Bancaire,Transfert,Android,14760,0,0,Normal
7933,CUST_895,2025-01-29 11:34:00,Kaolack,Wave,Paiement,iPhone,25535,0,0,Normal
7934,CUST_647,2025-01-14 01:28:00,Dakar,Wave,Paiement,Android,14799,25,0,Normal
7935,CUST_801,2025-05-15 17:12:00,Dakar,Carte Bancaire,Transfert,iPhone,49149,0,0,Normal
7936,CUST_632,2025-03-10 12:02:00,Thiès,Wave,Retrait,iPhone,22411,0,0,Normal
7937,CUST_947,2025-06-06 09:32:00,Dakar,Free Money,Retrait,iPhone,43412,0,0,Normal
7938,CUST_919,2025-04-09 07:23:00,Saint-Louis,Wave,Paiement,iPhone,6947,0,0,Normal
7939,CUST_822,2025-04-11 20:22:00,Thiès,Orange Money,Retrait,iPhone,13646,0,0,Normal
7940,CUST_271,2025-02-14 11:23:00,Dakar,Orange Money,Paiement,iPhone,32954,0,0,Normal
7941,CUST_415,2025-03-29 12:09:00,Saint-Louis,Free Money,Retrait,Android,48141,0,0,Normal
7942,CUST_802,2025-04-17 06:51:00,Kaolack,Orange Money,Paiement,iPhone,19388,0,0,Normal
7943,CUST_808,2025-05-04 09:37:00,Dakar,Free Money,Retrait,Android,6410,0,0,Normal
7944,CUST_108,2025-03-10 14:26:00,Dakar,Orange Money,Retrait,iPhone,38727,0,0,Normal
7945,CUST_337,2025-05-16 14:25:00,Thiès,Orange Money,Paiement,iPhone,30071,0,0,Normal
7946,CUST_268,2025-04-16 06:01:00,Thiès,Carte Bancaire,Transfert,Android,36858,0,0,Normal
7947,CUST_822,2025-03-18 08:02:00,Thiès,Carte Bancaire,Transfert,iPhone,27314,0,0,Normal
7948,CUST_167,2025-01-12 02:48:00,Saint-Louis,Carte Bancaire,Paiement,iPhone,35923,25,0,Normal
7949,CUST_887,2025-04-07 11:24:00,Thiès,Free Money,Retrait,Android,13222,0,0,Normal
7950,CUST_187,2025-02-21 10:57:00,Dakar,Free Money,Retrait,Android,66081,0,0,Normal
7951,CUST_146,2025-06-06 16:52:00,Dakar,Free Money,Retrait,iPhone,26414,0,0,Normal
7952,CUST_814,2025-06-27 11:04:00,Kaolack,Carte Bancaire,Transfert,Android,15484,0,0,Normal
7953,CUST_3,2025-03-06 11:29:00,Kaolack,Wave,Transfert,Android,24867,0,0,Normal
7954,CUST_416,2025-02-15 13:09:00,Thiès,Wave,Retrait,Android,19174,0,0,Normal
7955,CUST_153,2025-06-22 07:16:00,Kaolack,Wave,Transfert,Android,40947,0,0,Normal
7956,CUST_269,2025-05-17 15:25:00,Kaolack,Carte Bancaire,Transfert,Android,21689,0,0,Normal
7957,CUST_135,2025-03-30 11:39:00,Dakar,Wave,Transfert,iPhone,4103,0,0,Normal
7958,CUST_481,2025-06-10 17:01:00,Kaolack,Wave,Retrait,iPhone,17764,0,0,Normal
7959,CUST_854,2025-06-10 12:42:00,Saint-Louis,Carte Bancaire,Retrait,Android,14150,0,0,Normal
7960,CUST_129,2025-06-19 08:38:00,Saint-Louis,Wave,Retrait,Android,14569,0,0,Normal
7961,CUST_485,2025-01-05 12:36:00,Kaolack,Wave,Transfert,iPhone,16621,0,0,Normal
7962,CUST_570,2025-03-07 09:06:00,Kaolack,Orange Money,Paiement,iPhone,6299,35,1,Comportement suspect
7963,CUST_345,2025-05-19 15:07:00,Ziguinchor,Orange Money,Retrait,Android,54169,0,0,Normal
7964,CUST_918,2025-06-17 17:05:00,Saint-Louis,Wave,Transfert,Android,14633,0,0,Normal
7965,CUST_415,2025-03-25 11:14:00,Saint-Louis,Wave,Paiement,Android,30402,30,0,Normal
7966,CUST_464,2025-05-14 10:51:00,Ziguinchor,Wave,Transfert,Android,23952,0,0,Normal
7967,CUST_824,2025-02-17 08:57:00,Kaolack,Wave,Transfert,iPhone,98829,0,0,Normal
7968,CUST_521,2025-03-31 09:19:00,Kaolack,Free Money,Paiement,Android,21205,0,0,Normal
7969,CUST_298,2025-04-25 13:03:00,Saint-Louis,Free Money,Paiement,Android,33164,0,0,Normal
7970,CUST_114,2025-02-12 10:55:00,Thiès,Orange Money,Transfert,iPhone,32006,0,0,Normal
7971,CUST_564,2025-06-08 17:45:00,Saint-Louis,Carte Bancaire,Transfert,iPhone,48032,0,0,Normal
7972,CUST_292,2025-05-31 21:39:00,Saint-Louis,Free Money,Transfert,iPhone,33136,0,0,Normal
7973,CUST_587,2025-04-29 17:33:00,Thiès,Orange Money,Paiement,iPhone,29179,0,0,Normal
7974,CUST_517,2025-04-12 07:02:00,Kaolack,Wave,Transfert,iPhone,500,0,0,Normal
7975,CUST_755,2025-06-19 07:43:00,Saint-Louis,Orange Money,Transfert,iPhone,62776,0,0,Normal
7976,CUST_557,2025-06-02 11:02:00,Dakar,Orange Money,Paiement,iPhone,10502,0,0,Normal
7977,CUST_757,2025-06-16 00:29:00,Thiès,Free Money,Paiement,Android,56814,0,0,Normal
7978,CUST_586,2025-01-12 09:18:00,Saint-Louis,Free Money,Transfert,iPhone,9384,0,0,Normal
7979,CUST_285,2025-04-10 14:35:00,Thiès,Orange Money,Transfert,Android,55884,0,0,Normal
7980,CUST_934,2025-01-04 09:51:00,Dakar,Wave,Paiement,Android,14106,0,0,Normal
7981,CUST_629,2025-05-21 15:13:00,Saint-Louis,Free Money,Transfert,Android,39533,0,0,Normal
7982,CUST_741,2025-02-05 10:01:00,Kaolack,Orange Money,Retrait,iPhone,18790,0,0,Normal
7983,CUST_799,2025-03-21 08:31:00,Kaolack,Carte Bancaire,Transfert,Android,16859,0,0,Normal
7984,CUST_404,2025-04-16 11:33:00,Dakar,Wave,Paiement,Android,53850,0,0,Normal
7985,CUST_97,2025-06-22 08:03:00,Kaolack,Wave,Retrait,Android,33410,0,0,Normal
7986,CUST_759,2025-01-28 14:01:00,Ziguinchor,Free Money,Retrait,iPhone,9306,35,1,Comportement suspect
7987,CUST_831,2025-02-23 11:26:00,Ziguinchor,Orange Money,Retrait,Android,39463,0,0,Normal
7988,CUST_690,2025-05-03 21:14:00,Kaolack,Orange Money,Paiement,Android,3165,0,0,Normal
7989,CUST_766,2025-06-27 12:00:00,Thiès,Free Money,Paiement,Android,23209,0,0,Normal
7990,CUST_382,2025-03-13 14:06:00,Dakar,Wave,Transfert,iPhone,4147,0,0,Normal
7991,CUST_798,2025-03-14 13:47:00,Dakar,Wave,Retrait,Android,36789,0,0,Normal
7992,CUST_116,2025-01-25 11:16:00,Ziguinchor,Free Money,Transfert,iPhone,24185,0,0,Normal
7993,CUST_694,2025-04-29 13:11:00,Thiès,Wave,Paiement,Android,11045,0,0,Normal
7994,CUST_945,2025-02-20 21:43:00,Ziguinchor,Carte Bancaire,Paiement,Android,50594,0,0,Normal
7995,CUST_668,2025-04-11 17:41:00,Kaolack,Wave,Transfert,iPhone,73865,0,0,Normal
7996,CUST_4,2025-04-18 12:22:00,Kaolack,Carte Bancaire,Paiement,iPhone,14689,0,0,Normal
7997,CUST_713,2025-01-18 14:42:00,Kaolack,Carte Bancaire,Paiement,Android,4153,0,0,Normal
7998,CUST_655,2025-04-14 13:55:00,Thiès,Carte Bancaire,Retrait,iPhone,13046,0,0,Normal
7999,CUST_428,2025-03-06 22:20:00,Dakar,Orange Money,Transfert,Android,53404,0,0,Normal
8000,CUST_237,2025-02-24 15:52:00,Saint-Louis,Free Money,Retrait,Android,32598,0,0,Normal
8001,CUST_440,2025-02-20 22:24:00,Dakar,Free Money,Transfert,Android,8595,0,0,Normal
8002,CUST_41,2025-02-18 09:40:00,Saint-Louis,Wave,Paiement,Android,10777,0,0,Normal
8003,CUST_482,2025-06-17 08:48:00,Saint-Louis,Orange Money,Transfert,Android,7350,0,0,Normal
8004,CUST_343,2025-03-03 04:08:00,Ziguinchor,Free Money,Paiement,Android,5650,25,0,Normal
8005,CUST_66,2025-06-09 14:46:00,Kaolack,Orange Money,Retrait,iPhone,59570,0,0,Normal
8006,CUST_268,2025-05-11 17:56:00,Thiès,Free Money,Paiement,Android,51134,0,0,Normal
8007,CUST_115,2025-01-02 04:17:00,Saint-Louis,Orange Money,Transfert,iPhone,11810,25,0,Normal
8008,CUST_389,2025-02-14 13:02:00,Dakar,Free Money,Paiement,Android,25070,0,0,Normal
8009,CUST_231,2025-04-13 19:00:00,Saint-Louis,Orange Money,Retrait,iPhone,34589,0,0,Normal
8010,CUST_755,2025-05-06 18:44:00,Saint-Louis,Orange Money,Paiement,Android,500,0,0,Normal
8011,CUST_978,2025-04-07 13:53:00,Kaolack,Orange Money,Paiement,Android,50506,0,0,Normal
8012,CUST_410,2025-06-11 08:30:00,Saint-Louis,Wave,Transfert,iPhone,42137,0,0,Normal
8013,CUST_550,2025-02-24 12:27:00,Dakar,Orange Money,Retrait,Android,10241,0,0,Normal
8014,CUST_851,2025-01-31 02:02:00,Ziguinchor,Free Money,Transfert,iPhone,58677,25,0,Normal
8015,CUST_625,2025-06-08 21:42:00,Saint-Louis,Free Money,Paiement,Android,8982,0,0,Normal
8016,CUST_906,2025-06-28 05:24:00,Saint-Louis,Wave,Paiement,Android,10048,0,0,Normal
8017,CUST_490,2025-05-03 19:49:00,Saint-Louis,Orange Money,Paiement,Android,500,0,0,Normal
8018,CUST_394,2025-04-20 09:35:00,Dakar,Carte Bancaire,Paiement,Android,6921,0,0,Normal
8019,CUST_6,2025-03-04 13:27:00,Thiès,Free Money,Retrait,iPhone,10242,0,0,Normal
8020,CUST_516,2025-05-16 08:35:00,Thiès,Wave,Paiement,Android,41302,0,0,Normal
8021,CUST_816,2025-06-26 12:36:00,Ziguinchor,Carte Bancaire,Retrait,Android,6483,0,0,Normal
8022,CUST_658,2025-03-25 10:11:00,Kaolack,Carte Bancaire,Transfert,Android,25350,0,0,Normal
8023,CUST_15,2025-04-17 15:10:00,Saint-Louis,Free Money,Retrait,Android,50652,0,0,Normal
8024,CUST_965,2025-04-28 14:05:00,Thiès,Free Money,Retrait,Android,70841,0,0,Normal
8025,CUST_553,2025-01-10 12:31:00,Thiès,Wave,Transfert,Android,7013,0,0,Normal
8026,CUST_639,2025-02-18 07:29:00,Kaolack,Wave,Paiement,Android,39369,35,1,Comportement suspect
8027,CUST_911,2025-06-03 17:05:00,Ziguinchor,Orange Money,Transfert,iPhone,31589,0,0,Normal
8028,CUST_793,2025-01-31 07:57:00,Thiès,Orange Money,Transfert,Android,21326,35,1,Comportement suspect
8029,CUST_241,2025-03-13 11:44:00,Thiès,Free Money,Paiement,Android,47030,0,0,Normal
8030,CUST_489,2025-02-01 12:26:00,Saint-Louis,Free Money,Transfert,Android,22412,0,0,Normal
8031,CUST_637,2025-02-10 17:36:00,Kaolack,Carte Bancaire,Transfert,iPhone,85531,0,0,Normal
8032,CUST_129,2025-04-06 18:33:00,Saint-Louis,Orange Money,Retrait,iPhone,11093,0,0,Normal
8033,CUST_422,2025-04-06 12:47:00,Thiès,Carte Bancaire,Paiement,iPhone,38297,0,0,Normal
8034,CUST_371,2025-03-27 13:00:00,Thiès,Carte Bancaire,Transfert,iPhone,16760,0,0,Normal
8035,CUST_584,2025-04-17 14:53:00,Dakar,Wave,Transfert,iPhone,42468,0,0,Normal
8036,CUST_541,2025-05-04 07:26:00,Ziguinchor,Orange Money,Paiement,iPhone,44739,0,0,Normal
8037,CUST_404,2025-02-14 04:23:00,Dakar,Free Money,Transfert,iPhone,23434,25,0,Normal
8038,CUST_249,2025-01-14 08:12:00,Saint-Louis,Orange Money,Paiement,Android,8912,0,0,Normal
8039,CUST_966,2025-02-07 05:11:00,Dakar,Wave,Retrait,Android,61054,0,0,Normal
8040,CUST_984,2025-05-11 06:07:00,Thiès,Wave,Paiement,iPhone,18097,0,0,Normal
8041,CUST_510,2025-03-17 17:06:00,Kaolack,Free Money,Paiement,iPhone,22026,0,0,Normal
8042,CUST_315,2025-05-15 10:01:00,Saint-Louis,Wave,Retrait,iPhone,16140,0,0,Normal
8043,CUST_347,2025-06-12 16:17:00,Thiès,Free Money,Retrait,iPhone,4036,0,0,Normal
8044,CUST_185,2025-05-10 08:40:00,Saint-Louis,Orange Money,Retrait,Android,5433,0,0,Normal
8045,CUST_18,2025-05-04 15:00:00,Dakar,Free Money,Transfert,iPhone,8596,0,0,Normal
8046,CUST_310,2025-04-04 15:36:00,Kaolack,Orange Money,Transfert,Android,20042,0,0,Normal
8047,CUST_40,2025-05-28 15:03:00,Thiès,Orange Money,Transfert,Android,11224,35,1,Comportement suspect
8048,CUST_114,2025-04-11 21:51:00,Thiès,Carte Bancaire,Retrait,iPhone,36176,0,0,Normal
8049,CUST_634,2025-02-06 07:01:00,Kaolack,Carte Bancaire,Paiement,Android,35938,0,0,Normal
8050,CUST_71,2025-03-07 13:06:00,Ziguinchor,Carte Bancaire,Transfert,Android,75173,0,0,Normal
8051,CUST_441,2025-02-01 14:55:00,Ziguinchor,Wave,Retrait,iPhone,12374,0,0,Normal
8052,CUST_84,2025-03-31 16:31:00,Thiès,Carte Bancaire,Paiement,iPhone,18581,0,0,Normal
8053,CUST_518,2025-05-11 15:43:00,Thiès,Orange Money,Transfert,Android,69645,0,0,Normal
8054,CUST_397,2025-02-05 06:14:00,Kaolack,Free Money,Retrait,Android,20091,0,0,Normal
8055,CUST_476,2025-02-24 10:22:00,Ziguinchor,Free Money,Paiement,Android,24738,0,0,Normal
8056,CUST_35,2025-05-24 10:11:00,Thiès,Wave,Retrait,Android,500,0,0,Normal
8057,CUST_262,2025-03-04 09:39:00,Ziguinchor,Free Money,Paiement,Android,48616,0,0,Normal
8058,CUST_508,2025-06-18 17:04:00,Dakar,Orange Money,Retrait,Android,37378,0,0,Normal
8059,CUST_320,2025-04-24 16:53:00,Kaolack,Free Money,Retrait,iPhone,2060,0,0,Normal
8060,CUST_270,2025-01-17 22:00:00,Dakar,Wave,Paiement,Android,30133,0,0,Normal
8061,CUST_745,2025-02-06 19:39:00,Kaolack,Orange Money,Transfert,iPhone,47036,0,0,Normal
8062,CUST_419,2025-04-25 16:05:00,Dakar,Free Money,Retrait,iPhone,29447,0,0,Normal
8063,CUST_715,2025-05-30 10:28:00,Dakar,Carte Bancaire,Transfert,iPhone,73102,0,0,Normal
8064,CUST_964,2025-05-28 10:25:00,Saint-Louis,Free Money,Paiement,Android,15317,0,0,Normal
8065,CUST_812,2025-04-26 15:08:00,Thiès,Carte Bancaire,Retrait,iPhone,23126,0,0,Normal
8066,CUST_875,2025-03-21 05:55:00,Ziguinchor,Carte Bancaire,Transfert,iPhone,5523,0,0,Normal
8067,CUST_984,2025-04-05 01:20:00,Thiès,Carte Bancaire,Retrait,Android,27102,25,0,Normal
8068,CUST_976,2025-01-02 12:01:00,Dakar,Wave,Retrait,iPhone,51244,0,0,Normal
8069,CUST_824,2025-04-21 14:38:00,Kaolack,Orange Money,Retrait,iPhone,30578,0,0,Normal
8070,CUST_787,2025-01-07 18:21:00,Ziguinchor,Carte Bancaire,Retrait,Android,50771,0,0,Normal
8071,CUST_640,2025-04-03 21:06:00,Dakar,Free Money,Retrait,iPhone,27551,0,0,Normal
8072,CUST_461,2025-02-05 12:57:00,Ziguinchor,Free Money,Transfert,iPhone,66173,0,0,Normal
8073,CUST_921,2025-01-07 16:39:00,Thiès,Orange Money,Paiement,Android,47523,0,0,Normal
8074,CUST_264,2025-05-19 07:37:00,Kaolack,Carte Bancaire,Paiement,iPhone,27722,0,0,Normal
8075,CUST_765,2025-06-29 10:14:00,Thiès,Wave,Paiement,Android,6837,0,0,Normal
8076,CUST_850,2025-01-03 09:23:00,Dakar,Free Money,Transfert,iPhone,13662,0,0,Normal
8077,CUST_747,2025-06-18 10:12:00,Thiès,Carte Bancaire,Paiement,iPhone,500,0,0,Normal
8078,CUST_225,2025-04-21 10:02:00,Saint-Louis,Wave,Paiement,iPhone,54101,0,0,Normal
8079,CUST_754,2025-04-28 12:02:00,Ziguinchor,Orange Money,Paiement,iPhone,11134,0,0,Normal
8080,CUST_112,2025-01-01 05:31:00,Thiès,Free Money,Retrait,iPhone,23823,0,0,Normal
8081,CUST_327,2025-01-13 11:20:00,Thiès,Free Money,Paiement,Android,4774,35,1,Comportement suspect
8082,CUST_20,2025-02-20 11:19:00,Kaolack,Carte Bancaire,Transfert,iPhone,41336,0,0,Normal
8083,CUST_998,2025-01-29 02:10:00,Kaolack,Orange Money,Retrait,iPhone,14284,25,0,Normal
8084,CUST_728,2025-05-04 14:22:00,Thiès,Free Money,Transfert,iPhone,24040,0,0,Normal
8085,CUST_975,2025-06-19 14:03:00,Saint-Louis,Carte Bancaire,Retrait,iPhone,17027,0,0,Normal
8086,CUST_675,2025-04-14 09:52:00,Thiès,Orange Money,Transfert,Android,43371,0,0,Normal
8087,CUST_372,2025-06-19 11:28:00,Dakar,Free Money,Retrait,Android,11058,0,0,Normal
8088,CUST_102,2025-03-06 07:05:00,Kaolack,Orange Money,Transfert,iPhone,38440,0,0,Normal
8089,CUST_379,2025-03-24 21:59:00,Saint-Louis,Orange Money,Retrait,Android,22796,0,0,Normal
8090,CUST_820,2025-03-23 14:53:00,Ziguinchor,Carte Bancaire,Retrait,Android,10754,0,0,Normal
8091,CUST_860,2025-04-21 06:48:00,Saint-Louis,Wave,Retrait,iPhone,45268,0,0,Normal
8092,CUST_852,2025-05-07 13:45:00,Dakar,Free Money,Transfert,iPhone,26249,0,0,Normal
8093,CUST_129,2025-05-03 07:24:00,Ziguinchor,Free Money,Retrait,iPhone,12183,35,1,Comportement suspect
8094,CUST_806,2025-06-12 13:59:00,Saint-Louis,Orange Money,Transfert,iPhone,41767,0,0,Normal
8095,CUST_743,2025-01-28 20:18:00,Ziguinchor,Wave,Transfert,Android,62483,0,0,Normal
8096,CUST_62,2025-03-27 15:12:00,Thiès,Free Money,Paiement,Android,22799,0,0,Normal
8097,CUST_885,2025-01-14 10:36:00,Ziguinchor,Wave,Transfert,iPhone,6897,35,1,Comportement suspect
8098,CUST_108,2025-01-19 11:01:00,Dakar,Orange Money,Paiement,Android,38570,0,0,Normal
8099,CUST_921,2025-05-16 13:42:00,Thiès,Wave,Transfert,Android,37200,0,0,Normal
8100,CUST_373,2025-01-22 12:05:00,Kaolack,Orange Money,Retrait,Android,12575,0,0,Normal
8101,CUST_237,2025-05-04 14:47:00,Saint-Louis,Wave,Retrait,Android,35004,0,0,Normal
8102,CUST_397,2025-04-07 21:33:00,Kaolack,Orange Money,Paiement,iPhone,40815,0,0,Normal
8103,CUST_42,2025-05-08 15:09:00,Ziguinchor,Carte Bancaire,Transfert,iPhone,22952,0,0,Normal
8104,CUST_436,2025-04-02 13:08:00,Thiès,Orange Money,Paiement,Android,34332,0,0,Normal
8105,CUST_255,2025-01-18 08:27:00,Thiès,Wave,Paiement,Android,9888,0,0,Normal
8106,CUST_799,2025-05-26 16:43:00,Saint-Louis,Orange Money,Transfert,Android,11841,35,1,Comportement suspect
8107,CUST_406,2025-03-28 18:38:00,Kaolack,Carte Bancaire,Retrait,iPhone,11128,0,0,Normal
8108,CUST_321,2025-03-02 09:48:00,Ziguinchor,Orange Money,Paiement,iPhone,13891,0,0,Normal
8109,CUST_305,2025-03-09 19:31:00,Kaolack,Orange Money,Retrait,Android,16325,0,0,Normal
8110,CUST_23,2025-01-17 10:12:00,Ziguinchor,Wave,Retrait,Android,1650,0,0,Normal
8111,CUST_99,2025-02-14 23:16:00,Dakar,Free Money,Retrait,Android,16272,0,0,Normal
8112,CUST_926,2025-06-27 09:02:00,Thiès,Wave,Retrait,Android,110469,0,0,Normal
8113,CUST_718,2025-06-01 02:23:00,Ziguinchor,Free Money,Transfert,iPhone,5358,25,0,Normal
8114,CUST_638,2025-05-08 12:58:00,Saint-Louis,Free Money,Retrait,Android,18843,0,0,Normal
8115,CUST_948,2025-06-06 18:26:00,Ziguinchor,Wave,Transfert,iPhone,500,0,0,Normal
8116,CUST_971,2025-06-09 08:40:00,Dakar,Carte Bancaire,Paiement,iPhone,47283,0,0,Normal
8117,CUST_106,2025-01-04 07:54:00,Saint-Louis,Carte Bancaire,Paiement,iPhone,58926,0,0,Normal
8118,CUST_891,2025-04-02 18:23:00,Dakar,Wave,Transfert,iPhone,21205,0,0,Normal
8119,CUST_174,2025-02-23 12:40:00,Kaolack,Orange Money,Transfert,iPhone,63712,0,0,Normal
8120,CUST_534,2025-01-13 09:16:00,Kaolack,Wave,Paiement,iPhone,31091,0,0,Normal
8121,CUST_924,2025-05-07 16:36:00,Kaolack,Carte Bancaire,Retrait,Android,27535,0,0,Normal
8122,CUST_556,2025-01-31 09:22:00,Thiès,Carte Bancaire,Retrait,Android,45211,0,0,Normal
8123,CUST_362,2025-01-06 18:27:00,Saint-Louis,Orange Money,Paiement,iPhone,31907,0,0,Normal
8124,CUST_197,2025-04-21 10:59:00,Thiès,Orange Money,Transfert,iPhone,13180,0,0,Normal
8125,CUST_898,2025-06-17 12:43:00,Kaolack,Wave,Paiement,Android,72196,0,0,Normal
8126,CUST_123,2025-03-02 09:53:00,Dakar,Wave,Transfert,iPhone,15109,0,0,Normal
8127,CUST_40,2025-05-26 16:14:00,Ziguinchor,Carte Bancaire,Retrait,Android,14410,0,0,Normal
8128,CUST_37,2025-02-08 10:32:00,Thiès,Carte Bancaire,Transfert,Android,7524,0,0,Normal
8129,CUST_742,2025-03-31 12:00:00,Ziguinchor,Orange Money,Retrait,Android,8108,0,0,Normal
8130,CUST_30,2025-02-06 17:31:00,Kaolack,Free Money,Transfert,iPhone,500,0,0,Normal
8131,CUST_403,2025-01-27 06:41:00,Dakar,Wave,Retrait,Android,7152,0,0,Normal
8132,CUST_350,2025-05-03 08:23:00,Kaolack,Free Money,Transfert,Android,12500,0,0,Normal
8133,CUST_32,2025-04-22 11:25:00,Thiès,Carte Bancaire,Transfert,Android,43669,30,0,Normal
8134,CUST_137,2025-02-12 12:11:00,Thiès,Wave,Transfert,Android,59069,0,0,Normal
8135,CUST_555,2025-03-19 15:32:00,Saint-Louis,Wave,Transfert,Android,44580,0,0,Normal
8136,CUST_992,2025-02-15 04:33:00,Saint-Louis,Orange Money,Paiement,iPhone,61232,25,0,Normal
8137,CUST_689,2025-04-19 16:33:00,Thiès,Orange Money,Paiement,Android,11217,0,0,Normal
8138,CUST_239,2025-05-25 10:16:00,Dakar,Wave,Paiement,Android,18540,0,0,Normal
8139,CUST_203,2025-05-13 19:08:00,Ziguinchor,Wave,Transfert,Android,29392,0,0,Normal
8140,CUST_282,2025-06-06 15:50:00,Saint-Louis,Wave,Transfert,Android,16099,0,0,Normal
8141,CUST_324,2025-04-22 10:16:00,Dakar,Wave,Transfert,iPhone,43623,0,0,Normal
8142,CUST_53,2025-03-12 21:28:00,Ziguinchor,Orange Money,Retrait,Android,23359,0,0,Normal
8143,CUST_834,2025-06-06 07:28:00,Ziguinchor,Carte Bancaire,Transfert,Android,500,0,0,Normal
8144,CUST_227,2025-05-18 10:36:00,Ziguinchor,Wave,Retrait,iPhone,3047,0,0,Normal
8145,CUST_169,2025-05-12 10:17:00,Thiès,Wave,Transfert,Android,23430,0,0,Normal
8146,CUST_393,2025-01-24 15:35:00,Saint-Louis,Free Money,Transfert,iPhone,25322,30,0,Normal
8147,CUST_635,2025-03-09 19:03:00,Saint-Louis,Carte Bancaire,Transfert,Android,57589,35,1,Comportement suspect
8148,CUST_136,2025-06-20 11:05:00,Dakar,Free Money,Paiement,Android,85985,0,0,Normal
8149,CUST_502,2025-04-09 21:38:00,Kaolack,Carte Bancaire,Transfert,iPhone,27129,0,0,Normal
8150,CUST_550,2025-05-29 10:27:00,Dakar,Wave,Paiement,iPhone,500,0,0,Normal
8151,CUST_167,2025-02-17 05:01:00,Saint-Louis,Carte Bancaire,Paiement,Android,44026,0,0,Normal
8152,CUST_148,2025-02-25 15:21:00,Ziguinchor,Wave,Transfert,iPhone,9533,0,0,Normal
8153,CUST_709,2025-06-18 07:20:00,Ziguinchor,Carte Bancaire,Paiement,iPhone,73849,0,0,Normal
8154,CUST_392,2025-01-20 16:50:00,Dakar,Carte Bancaire,Transfert,Android,18171,0,0,Normal
8155,CUST_460,2025-04-11 15:27:00,Dakar,Free Money,Retrait,Android,500,0,0,Normal
8156,CUST_117,2025-03-31 14:27:00,Dakar,Free Money,Transfert,Android,26250,0,0,Normal
8157,CUST_361,2025-06-03 04:45:00,Dakar,Wave,Paiement,Android,36568,25,0,Normal
8158,CUST_933,2025-02-07 06:04:00,Dakar,Orange Money,Retrait,Android,16780,0,0,Normal
8159,CUST_687,2025-05-26 16:00:00,Ziguinchor,Wave,Transfert,iPhone,22001,0,0,Normal
8160,CUST_490,2025-06-18 09:31:00,Saint-Louis,Carte Bancaire,Transfert,iPhone,35237,0,0,Normal
8161,CUST_154,2025-06-09 21:00:00,Kaolack,Wave,Paiement,iPhone,16141,0,0,Normal
8162,CUST_41,2025-03-21 13:52:00,Saint-Louis,Carte Bancaire,Paiement,iPhone,32774,0,0,Normal
8163,CUST_631,2025-06-30 23:32:00,Thiès,Orange Money,Transfert,Android,29486,0,0,Normal
8164,CUST_620,2025-06-16 04:15:00,Thiès,Free Money,Transfert,Android,4485,25,0,Normal
8165,CUST_950,2025-05-22 14:49:00,Kaolack,Carte Bancaire,Paiement,iPhone,58367,0,0,Normal
8166,CUST_249,2025-06-23 13:16:00,Saint-Louis,Free Money,Transfert,Android,17744,0,0,Normal
8167,CUST_581,2025-04-28 15:33:00,Dakar,Wave,Paiement,Android,58465,0,0,Normal
8168,CUST_219,2025-04-14 12:54:00,Kaolack,Carte Bancaire,Retrait,iPhone,50131,30,0,Normal
8169,CUST_101,2025-05-21 11:03:00,Ziguinchor,Free Money,Transfert,Android,13621,0,0,Normal
8170,CUST_26,2025-06-07 15:21:00,Kaolack,Free Money,Transfert,iPhone,16526,0,0,Normal
8171,CUST_936,2025-05-07 12:32:00,Kaolack,Orange Money,Retrait,Android,39314,0,0,Normal
8172,CUST_543,2025-05-06 19:38:00,Ziguinchor,Free Money,Retrait,iPhone,47058,0,0,Normal
8173,CUST_224,2025-01-01 11:41:00,Dakar,Carte Bancaire,Paiement,iPhone,25511,0,0,Normal
8174,CUST_444,2025-02-12 07:54:00,Saint-Louis,Free Money,Transfert,Android,34824,0,0,Normal
8175,CUST_144,2025-01-28 18:34:00,Kaolack,Carte Bancaire,Paiement,iPhone,17597,0,0,Normal
8176,CUST_84,2025-01-09 08:03:00,Thiès,Wave,Retrait,Android,9255,0,0,Normal
8177,CUST_572,2025-05-27 06:57:00,Thiès,Wave,Retrait,iPhone,17924,0,0,Normal
8178,CUST_127,2025-02-06 13:49:00,Thiès,Wave,Paiement,Android,47902,35,1,Comportement suspect
8179,CUST_910,2025-05-16 20:14:00,Saint-Louis,Free Money,Paiement,Android,8103,0,0,Normal
8180,CUST_316,2025-05-14 14:06:00,Saint-Louis,Free Money,Transfert,iPhone,31027,0,0,Normal
8181,CUST_778,2025-02-06 15:48:00,Dakar,Wave,Paiement,iPhone,47780,0,0,Normal
8182,CUST_63,2025-01-16 12:09:00,Kaolack,Orange Money,Retrait,Android,80815,0,0,Normal
8183,CUST_695,2025-04-22 17:23:00,Thiès,Wave,Paiement,Android,5636,0,0,Normal
8184,CUST_618,2025-04-04 06:31:00,Ziguinchor,Free Money,Paiement,Android,6608,0,0,Normal
8185,CUST_356,2025-06-20 16:50:00,Ziguinchor,Orange Money,Transfert,iPhone,11861,0,0,Normal
8186,CUST_141,2025-06-28 20:01:00,Thiès,Orange Money,Transfert,Android,26207,0,0,Normal
8187,CUST_793,2025-06-09 15:42:00,Kaolack,Orange Money,Retrait,iPhone,6117,0,0,Normal
8188,CUST_855,2025-03-15 13:51:00,Dakar,Wave,Retrait,Android,14885,0,0,Normal
8189,CUST_397,2025-01-31 08:36:00,Kaolack,Carte Bancaire,Transfert,Android,73540,0,0,Normal
8190,CUST_278,2025-05-21 15:15:00,Dakar,Orange Money,Paiement,iPhone,45016,0,0,Normal
8191,CUST_260,2025-03-24 17:23:00,Dakar,Orange Money,Paiement,iPhone,39558,0,0,Normal
8192,CUST_74,2025-03-30 13:22:00,Ziguinchor,Wave,Retrait,iPhone,1790,0,0,Normal
8193,CUST_891,2025-05-24 22:19:00,Thiès,Carte Bancaire,Transfert,Android,14364,35,1,Comportement suspect
8194,CUST_771,2025-01-13 13:21:00,Thiès,Free Money,Retrait,iPhone,13332,0,0,Normal
8195,CUST_376,2025-04-15 13:28:00,Saint-Louis,Wave,Retrait,Android,30345,0,0,Normal
8196,CUST_111,2025-06-08 13:21:00,Thiès,Orange Money,Paiement,iPhone,8512,0,0,Normal
8197,CUST_386,2025-03-24 06:10:00,Saint-Louis,Free Money,Paiement,iPhone,15851,0,0,Normal
8198,CUST_261,2025-03-27 12:02:00,Kaolack,Wave,Paiement,iPhone,16886,0,0,Normal
8199,CUST_280,2025-04-05 03:39:00,Thiès,Free Money,Transfert,Android,17045,25,0,Normal
8200,CUST_483,2025-02-12 18:53:00,Ziguinchor,Carte Bancaire,Transfert,Android,8692,0,0,Normal
8201,CUST_71,2025-03-21 16:18:00,Ziguinchor,Free Money,Paiement,iPhone,500,0,0,Normal
8202,CUST_256,2025-03-07 16:21:00,Thiès,Carte Bancaire,Transfert,iPhone,27915,0,0,Normal
8203,CUST_763,2025-04-11 06:47:00,Dakar,Wave,Paiement,iPhone,32067,0,0,Normal
8204,CUST_535,2025-01-30 18:49:00,Ziguinchor,Orange Money,Transfert,Android,14148,0,0,Normal
8205,CUST_202,2025-03-07 14:44:00,Saint-Louis,Orange Money,Retrait,Android,21159,0,0,Normal
8206,CUST_940,2025-05-07 11:35:00,Kaolack,Carte Bancaire,Retrait,Android,13129,0,0,Normal
8207,CUST_282,2025-05-03 17:03:00,Saint-Louis,Orange Money,Retrait,Android,46511,30,0,Normal
8208,CUST_75,2025-05-21 15:49:00,Thiès,Orange Money,Transfert,Android,11841,0,0,Normal
8209,CUST_275,2025-03-06 15:30:00,Kaolack,Carte Bancaire,Retrait,Android,500,0,0,Normal
8210,CUST_483,2025-04-04 11:29:00,Ziguinchor,Free Money,Retrait,iPhone,45401,0,0,Normal
8211,CUST_828,2025-01-01 11:45:00,Dakar,Orange Money,Retrait,iPhone,13934,0,0,Normal
8212,CUST_40,2025-01-16 18:11:00,Ziguinchor,Orange Money,Retrait,iPhone,31294,0,0,Normal
8213,CUST_980,2025-04-11 09:24:00,Saint-Louis,Wave,Paiement,iPhone,32864,0,0,Normal
8214,CUST_9,2025-02-15 16:59:00,Thiès,Orange Money,Transfert,Android,12286,0,0,Normal
8215,CUST_32,2025-05-16 19:52:00,Thiès,Orange Money,Paiement,Android,56409,0,0,Normal
8216,CUST_546,2025-04-30 13:45:00,Saint-Louis,Orange Money,Retrait,Android,3981,0,0,Normal
8217,CUST_918,2025-03-01 01:04:00,Saint-Louis,Wave,Retrait,iPhone,32426,25,0,Normal
8218,CUST_438,2025-05-04 09:35:00,Dakar,Free Money,Paiement,iPhone,29702,0,0,Normal
8219,CUST_719,2025-01-01 14:46:00,Dakar,Wave,Retrait,Android,22293,0,0,Normal
8220,CUST_272,2025-06-27 21:23:00,Thiès,Wave,Paiement,Android,9096,0,0,Normal
8221,CUST_71,2025-03-21 11:40:00,Ziguinchor,Carte Bancaire,Paiement,Android,20422,0,0,Normal
8222,CUST_261,2025-06-13 16:29:00,Kaolack,Wave,Paiement,Android,22279,0,0,Normal
8223,CUST_544,2025-02-07 21:28:00,Dakar,Free Money,Retrait,Android,19152,0,0,Normal
8224,CUST_762,2025-06-04 12:07:00,Kaolack,Carte Bancaire,Transfert,iPhone,68004,0,0,Normal
8225,CUST_54,2025-01-13 08:02:00,Thiès,Orange Money,Paiement,Android,19389,0,0,Normal
8226,CUST_612,2025-06-07 15:12:00,Ziguinchor,Orange Money,Retrait,Android,4681,0,0,Normal
8227,CUST_220,2025-06-17 00:57:00,Saint-Louis,Wave,Transfert,Android,52681,0,0,Normal
8228,CUST_513,2025-04-19 12:18:00,Kaolack,Wave,Transfert,iPhone,27200,0,0,Normal
8229,CUST_260,2025-01-01 08:26:00,Dakar,Orange Money,Transfert,iPhone,35705,0,0,Normal
8230,CUST_134,2025-05-15 08:53:00,Kaolack,Free Money,Paiement,Android,77221,0,0,Normal
8231,CUST_206,2025-04-30 17:51:00,Ziguinchor,Free Money,Retrait,iPhone,14179,0,0,Normal
8232,CUST_734,2025-06-15 18:02:00,Dakar,Free Money,Transfert,Android,16894,0,0,Normal
8233,CUST_715,2025-03-05 06:29:00,Dakar,Orange Money,Retrait,iPhone,71352,0,0,Normal
8234,CUST_659,2025-01-03 17:40:00,Ziguinchor,Orange Money,Transfert,iPhone,3841,0,0,Normal
8235,CUST_587,2025-05-27 07:11:00,Thiès,Wave,Paiement,iPhone,26530,0,0,Normal
8236,CUST_132,2025-03-16 13:58:00,Saint-Louis,Orange Money,Paiement,iPhone,28338,0,0,Normal
8237,CUST_315,2025-01-23 20:43:00,Saint-Louis,Orange Money,Transfert,iPhone,11044,0,0,Normal
8238,CUST_217,2025-04-04 21:22:00,Kaolack,Free Money,Transfert,Android,4439,0,0,Normal
8239,CUST_804,2025-01-01 10:42:00,Kaolack,Orange Money,Transfert,iPhone,16891,35,1,Comportement suspect
8240,CUST_115,2025-03-15 08:16:00,Saint-Louis,Orange Money,Paiement,Android,10743,0,0,Normal
8241,CUST_254,2025-02-13 16:00:00,Saint-Louis,Wave,Paiement,iPhone,21647,0,0,Normal
8242,CUST_171,2025-06-13 12:37:00,Kaolack,Free Money,Retrait,iPhone,40245,0,0,Normal
8243,CUST_643,2025-06-06 08:21:00,Saint-Louis,Carte Bancaire,Paiement,iPhone,25242,0,0,Normal
8244,CUST_761,2025-06-26 20:54:00,Thiès,Wave,Retrait,iPhone,32340,0,0,Normal
8245,CUST_827,2025-03-31 16:48:00,Kaolack,Carte Bancaire,Retrait,iPhone,9889,30,0,Normal
8246,CUST_261,2025-01-22 19:27:00,Kaolack,Orange Money,Paiement,iPhone,21876,0,0,Normal
8247,CUST_188,2025-02-18 13:27:00,Thiès,Free Money,Paiement,iPhone,23939,0,0,Normal
8248,CUST_518,2025-05-27 13:10:00,Thiès,Orange Money,Transfert,iPhone,63734,0,0,Normal
8249,CUST_702,2025-05-27 13:41:00,Ziguinchor,Wave,Paiement,Android,32143,0,0,Normal
8250,CUST_137,2025-06-06 12:24:00,Thiès,Wave,Transfert,Android,27212,0,0,Normal
8251,CUST_82,2025-01-22 20:49:00,Ziguinchor,Wave,Retrait,iPhone,18284,0,0,Normal
8252,CUST_87,2025-03-07 08:38:00,Ziguinchor,Wave,Transfert,Android,39465,0,0,Normal
8253,CUST_638,2025-05-16 19:43:00,Saint-Louis,Wave,Retrait,Android,23017,0,0,Normal
8254,CUST_920,2025-02-19 07:51:00,Kaolack,Wave,Transfert,Android,24433,0,0,Normal
8255,CUST_286,2025-03-25 10:05:00,Thiès,Orange Money,Retrait,iPhone,33012,0,0,Normal
8256,CUST_717,2025-06-19 19:56:00,Dakar,Orange Money,Retrait,Android,57048,35,1,Comportement suspect
8257,CUST_985,2025-06-03 07:06:00,Ziguinchor,Orange Money,Paiement,iPhone,3903,0,0,Normal
8258,CUST_555,2025-02-08 14:32:00,Saint-Louis,Wave,Transfert,iPhone,36884,0,0,Normal
8259,CUST_179,2025-01-12 13:48:00,Kaolack,Orange Money,Retrait,iPhone,32432,35,1,Comportement suspect
8260,CUST_460,2025-03-23 00:32:00,Dakar,Wave,Retrait,iPhone,9083,0,0,Normal
8261,CUST_230,2025-03-23 16:54:00,Thiès,Carte Bancaire,Paiement,iPhone,25137,0,0,Normal
8262,CUST_599,2025-01-22 11:30:00,Thiès,Orange Money,Paiement,iPhone,61716,0,0,Normal
8263,CUST_8,2025-04-02 09:18:00,Thiès,Wave,Retrait,Android,30752,0,0,Normal
8264,CUST_344,2025-01-18 06:14:00,Ziguinchor,Free Money,Retrait,iPhone,11836,0,0,Normal
8265,CUST_216,2025-02-15 10:08:00,Dakar,Wave,Transfert,iPhone,19785,0,0,Normal
8266,CUST_21,2025-06-24 13:03:00,Dakar,Free Money,Transfert,Android,14222,0,0,Normal
8267,CUST_193,2025-06-12 13:42:00,Thiès,Free Money,Retrait,Android,6597,30,0,Normal
8268,CUST_85,2025-01-01 16:46:00,Dakar,Free Money,Retrait,Android,6160,0,0,Normal
8269,CUST_40,2025-01-13 19:14:00,Ziguinchor,Orange Money,Retrait,iPhone,37319,0,0,Normal
8270,CUST_878,2025-03-15 18:12:00,Thiès,Orange Money,Transfert,iPhone,23689,0,0,Normal
8271,CUST_501,2025-03-14 09:23:00,Saint-Louis,Free Money,Retrait,iPhone,35868,0,0,Normal
8272,CUST_3,2025-03-26 16:42:00,Kaolack,Carte Bancaire,Transfert,Android,18238,0,0,Normal
8273,CUST_989,2025-01-02 09:53:00,Thiès,Free Money,Retrait,iPhone,55086,0,0,Normal
8274,CUST_298,2025-02-12 08:09:00,Saint-Louis,Orange Money,Transfert,iPhone,46995,0,0,Normal
8275,CUST_555,2025-05-28 12:11:00,Saint-Louis,Orange Money,Transfert,Android,10711,0,0,Normal
8276,CUST_379,2025-01-17 01:29:00,Saint-Louis,Carte Bancaire,Paiement,Android,37527,25,0,Normal
8277,CUST_318,2025-03-26 12:50:00,Kaolack,Wave,Retrait,Android,18300,0,0,Normal
8278,CUST_931,2025-02-25 08:16:00,Dakar,Free Money,Paiement,Android,24505,0,0,Normal
8279,CUST_567,2025-05-11 20:08:00,Dakar,Carte Bancaire,Transfert,Android,30033,0,0,Normal
8280,CUST_899,2025-06-10 10:44:00,Dakar,Wave,Paiement,Android,10108,0,0,Normal
8281,CUST_342,2025-06-29 09:03:00,Ziguinchor,Wave,Transfert,Android,6292,30,0,Normal
8282,CUST_635,2025-01-04 19:59:00,Ziguinchor,Free Money,Retrait,iPhone,40530,0,0,Normal
8283,CUST_778,2025-05-17 12:14:00,Dakar,Free Money,Retrait,iPhone,54085,0,0,Normal
8284,CUST_960,2025-02-22 08:56:00,Ziguinchor,Wave,Retrait,iPhone,13809,0,0,Normal
8285,CUST_69,2025-06-24 11:07:00,Thiès,Carte Bancaire,Paiement,Android,9488,0,0,Normal
8286,CUST_244,2025-02-06 11:18:00,Saint-Louis,Carte Bancaire,Transfert,iPhone,32406,0,0,Normal
8287,CUST_269,2025-03-31 08:15:00,Kaolack,Orange Money,Retrait,Android,14200,0,0,Normal
8288,CUST_496,2025-04-14 16:20:00,Ziguinchor,Orange Money,Transfert,iPhone,27811,0,0,Normal
8289,CUST_155,2025-01-27 14:08:00,Saint-Louis,Free Money,Paiement,Android,13266,0,0,Normal
8290,CUST_461,2025-05-14 08:10:00,Ziguinchor,Orange Money,Transfert,Android,46574,0,0,Normal
8291,CUST_931,2025-06-25 16:31:00,Dakar,Free Money,Retrait,iPhone,33788,0,0,Normal
8292,CUST_61,2025-05-28 15:25:00,Dakar,Orange Money,Paiement,Android,8867,0,0,Normal
8293,CUST_75,2025-03-28 06:41:00,Thiès,Free Money,Retrait,iPhone,19488,0,0,Normal
8294,CUST_987,2025-01-17 23:24:00,Thiès,Free Money,Retrait,Android,6489,0,0,Normal
8295,CUST_436,2025-04-29 14:38:00,Thiès,Wave,Retrait,iPhone,29771,0,0,Normal
8296,CUST_587,2025-06-09 11:37:00,Thiès,Wave,Retrait,Android,31220,0,0,Normal
8297,CUST_670,2025-06-28 11:08:00,Kaolack,Wave,Retrait,iPhone,4030,0,0,Normal
8298,CUST_626,2025-02-21 13:56:00,Thiès,Carte Bancaire,Transfert,Android,41095,0,0,Normal
8299,CUST_987,2025-04-29 13:55:00,Thiès,Wave,Transfert,Android,57085,0,0,Normal
8300,CUST_599,2025-01-05 07:05:00,Thiès,Carte Bancaire,Paiement,Android,15958,0,0,Normal
8301,CUST_203,2025-04-30 14:23:00,Ziguinchor,Orange Money,Retrait,Android,58177,0,0,Normal
8302,CUST_753,2025-04-02 15:18:00,Saint-Louis,Wave,Retrait,Android,10842,0,0,Normal
8303,CUST_526,2025-03-08 08:53:00,Thiès,Carte Bancaire,Paiement,iPhone,17144,0,0,Normal
8304,CUST_431,2025-01-07 08:18:00,Saint-Louis,Free Money,Paiement,iPhone,17797,0,0,Normal
8305,CUST_105,2025-02-10 15:58:00,Thiès,Orange Money,Retrait,iPhone,42649,0,0,Normal
8306,CUST_732,2025-05-29 05:59:00,Dakar,Carte Bancaire,Paiement,Android,15219,0,0,Normal
8307,CUST_769,2025-04-16 09:29:00,Ziguinchor,Carte Bancaire,Transfert,Android,33186,0,0,Normal
8308,CUST_20,2025-02-26 11:38:00,Kaolack,Orange Money,Paiement,Android,34689,0,0,Normal
8309,CUST_225,2025-05-23 15:38:00,Saint-Louis,Wave,Transfert,Android,60889,0,0,Normal
8310,CUST_490,2025-04-08 05:21:00,Saint-Louis,Carte Bancaire,Transfert,Android,30828,0,0,Normal
8311,CUST_248,2025-04-18 16:51:00,Ziguinchor,Orange Money,Transfert,iPhone,22205,0,0,Normal
8312,CUST_486,2025-01-25 02:45:00,Thiès,Orange Money,Retrait,iPhone,64677,25,0,Normal
8313,CUST_458,2025-04-29 11:42:00,Dakar,Free Money,Retrait,Android,34672,0,0,Normal
8314,CUST_430,2025-06-18 16:16:00,Saint-Louis,Orange Money,Retrait,Android,8576,0,0,Normal
8315,CUST_90,2025-03-31 15:45:00,Ziguinchor,Free Money,Transfert,Android,57684,0,0,Normal
8316,CUST_806,2025-06-17 03:16:00,Saint-Louis,Free Money,Transfert,Android,34641,25,0,Normal
8317,CUST_491,2025-03-04 12:57:00,Dakar,Carte Bancaire,Retrait,iPhone,33554,0,0,Normal
8318,CUST_811,2025-05-29 16:49:00,Dakar,Orange Money,Retrait,Android,16362,0,0,Normal
8319,CUST_293,2025-05-28 13:08:00,Dakar,Free Money,Retrait,Android,39351,35,1,Comportement suspect
8320,CUST_510,2025-05-24 05:56:00,Kaolack,Orange Money,Retrait,Android,24612,0,0,Normal
8321,CUST_894,2025-03-16 21:35:00,Ziguinchor,Carte Bancaire,Paiement,Android,27379,0,0,Normal
8322,CUST_539,2025-06-19 17:16:00,Ziguinchor,Orange Money,Paiement,Android,18605,0,0,Normal
8323,CUST_575,2025-02-27 04:48:00,Thiès,Wave,Paiement,Android,9268,25,0,Normal
8324,CUST_422,2025-01-13 06:10:00,Thiès,Carte Bancaire,Transfert,Android,9235,0,0,Normal
8325,CUST_117,2025-02-28 14:05:00,Dakar,Free Money,Retrait,Android,19498,0,0,Normal
8326,CUST_97,2025-01-07 06:03:00,Kaolack,Wave,Transfert,Android,43893,0,0,Normal
8327,CUST_490,2025-02-25 08:34:00,Saint-Louis,Wave,Retrait,iPhone,39479,0,0,Normal
8328,CUST_70,2025-04-15 12:19:00,Saint-Louis,Wave,Retrait,Android,42843,0,0,Normal
8329,CUST_941,2025-06-28 09:48:00,Ziguinchor,Wave,Retrait,Android,64819,0,0,Normal
8330,CUST_382,2025-04-17 09:06:00,Dakar,Free Money,Transfert,iPhone,3684,0,0,Normal
8331,CUST_333,2025-05-17 09:10:00,Saint-Louis,Orange Money,Paiement,iPhone,19380,0,0,Normal
8332,CUST_456,2025-01-28 07:24:00,Kaolack,Orange Money,Transfert,iPhone,21782,0,0,Normal
8333,CUST_482,2025-06-04 18:36:00,Saint-Louis,Carte Bancaire,Paiement,Android,9720,0,0,Normal
8334,CUST_877,2025-01-15 09:14:00,Dakar,Wave,Paiement,iPhone,1612,0,0,Normal
8335,CUST_934,2025-01-16 06:40:00,Dakar,Free Money,Transfert,Android,25133,0,0,Normal
8336,CUST_766,2025-06-19 02:39:00,Thiès,Orange Money,Transfert,Android,15912,25,0,Normal
8337,CUST_977,2025-04-01 19:14:00,Thiès,Wave,Transfert,Android,7186,0,0,Normal
8338,CUST_145,2025-01-25 15:48:00,Dakar,Carte Bancaire,Paiement,iPhone,19514,0,0,Normal
8339,CUST_102,2025-04-23 17:55:00,Kaolack,Carte Bancaire,Retrait,Android,51411,0,0,Normal
8340,CUST_692,2025-04-30 08:31:00,Ziguinchor,Wave,Paiement,Android,10055,0,0,Normal
8341,CUST_954,2025-05-12 14:16:00,Ziguinchor,Free Money,Paiement,iPhone,22458,0,0,Normal
8342,CUST_411,2025-03-19 15:24:00,Saint-Louis,Free Money,Transfert,Android,19520,0,0,Normal
8343,CUST_332,2025-04-30 10:51:00,Ziguinchor,Carte Bancaire,Paiement,iPhone,18520,0,0,Normal
8344,CUST_613,2025-03-02 12:33:00,Saint-Louis,Carte Bancaire,Paiement,iPhone,33391,0,0,Normal
8345,CUST_191,2025-05-26 16:26:00,Dakar,Free Money,Transfert,Android,31805,0,0,Normal
8346,CUST_178,2025-06-03 12:55:00,Ziguinchor,Wave,Paiement,iPhone,21177,35,1,Comportement suspect
8347,CUST_374,2025-03-09 16:13:00,Ziguinchor,Wave,Transfert,Android,9243,0,0,Normal
8348,CUST_881,2025-05-11 19:36:00,Kaolack,Free Money,Retrait,Android,38086,0,0,Normal
8349,CUST_732,2025-04-17 16:13:00,Dakar,Orange Money,Transfert,Android,1384,0,0,Normal
8350,CUST_210,2025-02-06 12:17:00,Dakar,Orange Money,Retrait,iPhone,73088,0,0,Normal
8351,CUST_296,2025-01-13 08:28:00,Dakar,Wave,Retrait,Android,28567,0,0,Normal
8352,CUST_176,2025-02-20 10:45:00,Saint-Louis,Orange Money,Retrait,iPhone,4681,0,0,Normal
8353,CUST_416,2025-03-28 10:07:00,Thiès,Wave,Paiement,iPhone,48713,0,0,Normal
8354,CUST_567,2025-01-26 18:42:00,Dakar,Carte Bancaire,Retrait,iPhone,43331,0,0,Normal
8355,CUST_570,2025-05-31 09:46:00,Saint-Louis,Orange Money,Retrait,Android,3552,0,0,Normal
8356,CUST_453,2025-03-21 12:34:00,Dakar,Free Money,Paiement,Android,45315,0,0,Normal
8357,CUST_317,2025-04-03 15:05:00,Saint-Louis,Wave,Paiement,Android,14105,0,0,Normal
8358,CUST_579,2025-04-16 15:49:00,Ziguinchor,Orange Money,Transfert,Android,14958,0,0,Normal
8359,CUST_113,2025-05-07 15:14:00,Ziguinchor,Orange Money,Transfert,Android,53447,0,0,Normal
8360,CUST_650,2025-05-11 19:10:00,Ziguinchor,Carte Bancaire,Paiement,Android,6108,0,0,Normal
8361,CUST_631,2025-04-30 07:19:00,Thiès,Carte Bancaire,Transfert,Android,24573,0,0,Normal
8362,CUST_872,2025-05-09 16:49:00,Ziguinchor,Carte Bancaire,Retrait,iPhone,10497,0,0,Normal
8363,CUST_57,2025-01-20 14:49:00,Ziguinchor,Wave,Retrait,Android,38570,0,0,Normal
8364,CUST_125,2025-06-02 09:33:00,Kaolack,Carte Bancaire,Paiement,Android,17359,0,0,Normal
8365,CUST_621,2025-05-04 14:06:00,Thiès,Orange Money,Paiement,Android,100913,0,0,Normal
8366,CUST_74,2025-06-06 07:13:00,Ziguinchor,Free Money,Transfert,Android,9219,0,0,Normal
8367,CUST_37,2025-01-06 13:32:00,Thiès,Free Money,Transfert,Android,4588,0,0,Normal
8368,CUST_664,2025-04-26 12:49:00,Ziguinchor,Orange Money,Transfert,Android,20845,0,0,Normal
8369,CUST_229,2025-02-21 17:54:00,Dakar,Carte Bancaire,Retrait,Android,19380,0,0,Normal
8370,CUST_386,2025-05-15 12:30:00,Saint-Louis,Free Money,Retrait,Android,12698,0,0,Normal
8371,CUST_937,2025-06-26 07:22:00,Saint-Louis,Wave,Paiement,Android,2485,0,0,Normal
8372,CUST_321,2025-06-02 12:43:00,Ziguinchor,Wave,Retrait,Android,15144,0,0,Normal
8373,CUST_685,2025-05-21 14:46:00,Dakar,Orange Money,Retrait,iPhone,22392,0,0,Normal
8374,CUST_834,2025-01-05 15:18:00,Ziguinchor,Orange Money,Transfert,iPhone,15741,0,0,Normal
8375,CUST_173,2025-04-06 10:50:00,Saint-Louis,Free Money,Transfert,iPhone,4050,0,0,Normal
8376,CUST_897,2025-05-03 05:19:00,Thiès,Free Money,Retrait,iPhone,44742,0,0,Normal
8377,CUST_850,2025-01-26 11:55:00,Dakar,Wave,Transfert,Android,35137,0,0,Normal
8378,CUST_867,2025-04-18 11:00:00,Ziguinchor,Free Money,Transfert,Android,1692,0,0,Normal
8379,CUST_321,2025-04-30 12:11:00,Ziguinchor,Carte Bancaire,Transfert,iPhone,9772,0,0,Normal
8380,CUST_442,2025-01-19 11:32:00,Ziguinchor,Orange Money,Transfert,Android,12821,30,0,Normal
8381,CUST_513,2025-05-24 10:11:00,Kaolack,Orange Money,Retrait,Android,7827,0,0,Normal
8382,CUST_484,2025-04-30 16:24:00,Saint-Louis,Free Money,Paiement,iPhone,59064,0,0,Normal
8383,CUST_743,2025-03-21 21:37:00,Ziguinchor,Wave,Transfert,Android,71312,0,0,Normal
8384,CUST_34,2025-05-25 14:59:00,Thiès,Free Money,Retrait,iPhone,5845,0,0,Normal
8385,CUST_2,2025-06-15 16:04:00,Kaolack,Orange Money,Retrait,Android,70568,30,0,Normal
8386,CUST_68,2025-02-05 13:16:00,Saint-Louis,Orange Money,Retrait,iPhone,89817,0,0,Normal
8387,CUST_989,2025-06-18 13:07:00,Thiès,Orange Money,Retrait,Android,34868,0,0,Normal
8388,CUST_967,2025-01-23 09:39:00,Ziguinchor,Free Money,Retrait,iPhone,500,0,0,Normal
8389,CUST_247,2025-06-12 08:22:00,Kaolack,Orange Money,Transfert,Android,1382,0,0,Normal
8390,CUST_773,2025-03-27 09:28:00,Saint-Louis,Carte Bancaire,Transfert,Android,1583,0,0,Normal
8391,CUST_894,2025-05-20 17:11:00,Ziguinchor,Free Money,Retrait,Android,28221,0,0,Normal
8392,CUST_390,2025-01-02 14:22:00,Kaolack,Orange Money,Transfert,iPhone,24483,0,0,Normal
8393,CUST_164,2025-02-28 10:18:00,Dakar,Wave,Transfert,Android,21976,0,0,Normal
8394,CUST_877,2025-01-03 19:52:00,Dakar,Carte Bancaire,Retrait,Android,7038,0,0,Normal
8395,CUST_941,2025-05-01 10:11:00,Ziguinchor,Orange Money,Retrait,iPhone,21104,0,0,Normal
8396,CUST_97,2025-01-03 15:45:00,Kaolack,Wave,Transfert,iPhone,59840,0,0,Normal
8397,CUST_220,2025-03-14 17:31:00,Saint-Louis,Free Money,Paiement,Android,21211,0,0,Normal
8398,CUST_229,2025-02-16 13:31:00,Dakar,Wave,Retrait,iPhone,27790,0,0,Normal
8399,CUST_626,2025-02-18 12:40:00,Thiès,Orange Money,Paiement,iPhone,11152,0,0,Normal
8400,CUST_346,2025-01-04 15:25:00,Thiès,Free Money,Paiement,iPhone,3678,0,0,Normal
8401,CUST_860,2025-04-07 08:39:00,Saint-Louis,Free Money,Paiement,iPhone,68615,0,0,Normal
8402,CUST_274,2025-03-01 08:50:00,Dakar,Wave,Retrait,Android,6855,0,0,Normal
8403,CUST_442,2025-01-15 10:58:00,Ziguinchor,Carte Bancaire,Transfert,iPhone,7956,0,0,Normal
8404,CUST_310,2025-06-17 13:51:00,Kaolack,Carte Bancaire,Transfert,Android,27911,0,0,Normal
8405,CUST_630,2025-01-20 10:26:00,Saint-Louis,Carte Bancaire,Transfert,Android,14282,0,0,Normal
8406,CUST_603,2025-03-03 05:18:00,Saint-Louis,Carte Bancaire,Retrait,Android,5336,0,0,Normal
8407,CUST_346,2025-06-19 10:14:00,Thiès,Orange Money,Transfert,Android,3382,0,0,Normal
8408,CUST_347,2025-04-23 06:02:00,Thiès,Free Money,Paiement,iPhone,3448,0,0,Normal
8409,CUST_846,2025-04-17 05:27:00,Ziguinchor,Carte Bancaire,Transfert,Android,39446,0,0,Normal
8410,CUST_470,2025-04-25 15:26:00,Thiès,Orange Money,Retrait,Android,42407,0,0,Normal
8411,CUST_366,2025-05-18 09:17:00,Ziguinchor,Orange Money,Paiement,iPhone,36893,0,0,Normal
8412,CUST_380,2025-01-29 16:09:00,Thiès,Free Money,Retrait,iPhone,20495,0,0,Normal
8413,CUST_671,2025-02-16 14:36:00,Ziguinchor,Orange Money,Transfert,Android,20113,0,0,Normal
8414,CUST_430,2025-06-07 03:02:00,Saint-Louis,Carte Bancaire,Paiement,Android,27562,25,0,Normal
8415,CUST_344,2025-05-07 14:51:00,Ziguinchor,Wave,Transfert,iPhone,67563,0,0,Normal
8416,CUST_400,2025-03-08 18:06:00,Ziguinchor,Carte Bancaire,Paiement,iPhone,15341,0,0,Normal
8417,CUST_121,2025-02-02 19:46:00,Dakar,Orange Money,Retrait,Android,9691,0,0,Normal
8418,CUST_26,2025-06-27 12:25:00,Dakar,Carte Bancaire,Paiement,Android,6970,35,1,Comportement suspect
8419,CUST_641,2025-02-28 11:20:00,Kaolack,Orange Money,Transfert,iPhone,40522,0,0,Normal
8420,CUST_230,2025-05-09 15:36:00,Thiès,Free Money,Retrait,iPhone,28536,0,0,Normal
8421,CUST_502,2025-06-22 18:56:00,Kaolack,Orange Money,Paiement,iPhone,32152,0,0,Normal
8422,CUST_284,2025-04-07 15:34:00,Saint-Louis,Carte Bancaire,Transfert,Android,11846,0,0,Normal
8423,CUST_370,2025-01-02 08:14:00,Kaolack,Free Money,Paiement,iPhone,88323,0,0,Normal
8424,CUST_5,2025-05-05 13:45:00,Thiès,Carte Bancaire,Paiement,iPhone,27791,0,0,Normal
8425,CUST_666,2025-02-09 08:44:00,Kaolack,Carte Bancaire,Retrait,Android,22193,0,0,Normal
8426,CUST_978,2025-05-15 14:32:00,Kaolack,Orange Money,Paiement,Android,55421,0,0,Normal
8427,CUST_6,2025-06-15 19:53:00,Thiès,Free Money,Retrait,iPhone,33671,0,0,Normal
8428,CUST_746,2025-02-19 10:55:00,Ziguinchor,Orange Money,Transfert,iPhone,46801,0,0,Normal
8429,CUST_750,2025-05-23 17:09:00,Ziguinchor,Orange Money,Transfert,iPhone,47097,0,0,Normal
8430,CUST_952,2025-01-10 19:14:00,Kaolack,Wave,Paiement,Android,55441,0,0,Normal
8431,CUST_483,2025-01-03 10:23:00,Ziguinchor,Wave,Transfert,Android,28442,0,0,Normal
8432,CUST_31,2025-02-23 23:30:00,Kaolack,Free Money,Retrait,iPhone,65079,0,0,Normal
8433,CUST_32,2025-04-22 10:35:00,Thiès,Free Money,Retrait,Android,90789,0,0,Normal
8434,CUST_337,2025-05-26 13:38:00,Thiès,Free Money,Paiement,Android,15255,0,0,Normal
8435,CUST_537,2025-01-06 12:55:00,Thiès,Carte Bancaire,Transfert,Android,11395,0,0,Normal
8436,CUST_671,2025-05-14 14:15:00,Ziguinchor,Wave,Paiement,iPhone,28582,0,0,Normal
8437,CUST_64,2025-03-25 15:30:00,Dakar,Wave,Transfert,iPhone,31530,30,0,Normal
8438,CUST_587,2025-01-26 01:22:00,Thiès,Wave,Paiement,iPhone,26115,25,0,Normal
8439,CUST_238,2025-06-10 06:00:00,Saint-Louis,Wave,Retrait,iPhone,31643,0,0,Normal
8440,CUST_669,2025-03-23 03:37:00,Kaolack,Orange Money,Retrait,Android,22995,25,0,Normal
8441,CUST_989,2025-05-28 08:51:00,Thiès,Orange Money,Transfert,Android,20322,0,0,Normal
8442,CUST_792,2025-04-02 15:27:00,Kaolack,Wave,Transfert,Android,21403,0,0,Normal
8443,CUST_847,2025-06-14 16:45:00,Dakar,Carte Bancaire,Retrait,Android,77033,0,0,Normal
8444,CUST_951,2025-03-16 19:17:00,Dakar,Carte Bancaire,Retrait,Android,28142,0,0,Normal
8445,CUST_675,2025-05-19 06:45:00,Thiès,Orange Money,Retrait,Android,3750,0,0,Normal
8446,CUST_181,2025-02-07 16:23:00,Ziguinchor,Carte Bancaire,Transfert,Android,27787,0,0,Normal
8447,CUST_116,2025-01-23 20:27:00,Ziguinchor,Free Money,Paiement,Android,5285,0,0,Normal
8448,CUST_535,2025-01-24 00:07:00,Ziguinchor,Free Money,Paiement,iPhone,13296,0,0,Normal
8449,CUST_611,2025-04-20 11:04:00,Kaolack,Carte Bancaire,Transfert,Android,26970,0,0,Normal
8450,CUST_113,2025-03-05 07:33:00,Ziguinchor,Free Money,Paiement,iPhone,61210,0,0,Normal
8451,CUST_129,2025-01-20 16:25:00,Saint-Louis,Free Money,Paiement,Android,13090,0,0,Normal
8452,CUST_9,2025-05-11 14:48:00,Thiès,Orange Money,Paiement,Android,14688,0,0,Normal
8453,CUST_153,2025-02-05 12:12:00,Kaolack,Orange Money,Paiement,Android,68679,0,0,Normal
8454,CUST_301,2025-06-30 10:11:00,Saint-Louis,Wave,Paiement,Android,39241,0,0,Normal
8455,CUST_317,2025-03-05 01:19:00,Saint-Louis,Orange Money,Retrait,iPhone,39263,25,0,Normal
8456,CUST_301,2025-05-15 13:41:00,Saint-Louis,Carte Bancaire,Paiement,iPhone,33852,0,0,Normal
8457,CUST_690,2025-02-06 08:51:00,Kaolack,Carte Bancaire,Transfert,Android,5458,0,0,Normal
8458,CUST_535,2025-06-08 11:13:00,Ziguinchor,Wave,Retrait,Android,500,0,0,Normal
8459,CUST_760,2025-02-24 12:21:00,Saint-Louis,Orange Money,Paiement,Android,37402,0,0,Normal
8460,CUST_510,2025-02-07 13:30:00,Kaolack,Orange Money,Retrait,iPhone,14849,0,0,Normal
8461,CUST_42,2025-02-13 07:21:00,Ziguinchor,Orange Money,Retrait,Android,53542,30,0,Normal
8462,CUST_566,2025-06-27 20:16:00,Saint-Louis,Free Money,Retrait,iPhone,56065,0,0,Normal
8463,CUST_416,2025-06-25 14:06:00,Thiès,Carte Bancaire,Transfert,iPhone,29633,0,0,Normal
8464,CUST_538,2025-03-19 15:36:00,Saint-Louis,Wave,Transfert,Android,40705,0,0,Normal
8465,CUST_81,2025-06-19 14:47:00,Thiès,Free Money,Retrait,Android,54670,0,0,Normal
8466,CUST_966,2025-04-15 09:40:00,Dakar,Wave,Transfert,iPhone,37273,0,0,Normal
8467,CUST_919,2025-01-17 02:35:00,Saint-Louis,Wave,Retrait,iPhone,8361,25,0,Normal
8468,CUST_284,2025-06-05 21:45:00,Saint-Louis,Orange Money,Paiement,Android,12503,0,0,Normal
8469,CUST_92,2025-01-20 01:28:00,Saint-Louis,Free Money,Paiement,Android,5362,25,0,Normal
8470,CUST_502,2025-04-28 06:21:00,Kaolack,Free Money,Retrait,Android,32801,0,0,Normal
8471,CUST_543,2025-06-12 11:26:00,Saint-Louis,Wave,Paiement,Android,28554,35,1,Comportement suspect
8472,CUST_141,2025-06-24 10:50:00,Thiès,Carte Bancaire,Transfert,Android,13131,0,0,Normal
8473,CUST_188,2025-05-23 16:24:00,Thiès,Orange Money,Retrait,iPhone,43765,0,0,Normal
8474,CUST_218,2025-06-07 10:58:00,Ziguinchor,Wave,Transfert,iPhone,16521,0,0,Normal
8475,CUST_367,2025-05-09 08:31:00,Saint-Louis,Free Money,Paiement,Android,27737,0,0,Normal
8476,CUST_962,2025-03-20 16:20:00,Thiès,Orange Money,Paiement,Android,24909,0,0,Normal
8477,CUST_600,2025-05-15 09:17:00,Saint-Louis,Carte Bancaire,Transfert,Android,10371,0,0,Normal
8478,CUST_422,2025-02-13 08:34:00,Thiès,Carte Bancaire,Paiement,iPhone,11460,0,0,Normal
8479,CUST_553,2025-06-26 11:14:00,Thiès,Carte Bancaire,Transfert,iPhone,8690,0,0,Normal
8480,CUST_625,2025-05-20 08:52:00,Saint-Louis,Carte Bancaire,Transfert,Android,7730,0,0,Normal
8481,CUST_288,2025-01-19 10:54:00,Saint-Louis,Orange Money,Retrait,iPhone,60771,0,0,Normal
8482,CUST_66,2025-05-20 11:19:00,Kaolack,Free Money,Transfert,Android,18819,0,0,Normal
8483,CUST_564,2025-04-04 08:23:00,Saint-Louis,Orange Money,Paiement,Android,89474,0,0,Normal
8484,CUST_823,2025-01-25 06:04:00,Dakar,Free Money,Paiement,Android,7606,0,0,Normal
8485,CUST_148,2025-02-25 13:17:00,Saint-Louis,Orange Money,Paiement,Android,2601,35,1,Comportement suspect
8486,CUST_100,2025-02-26 15:46:00,Dakar,Orange Money,Paiement,Android,22949,0,0,Normal
8487,CUST_314,2025-02-23 13:17:00,Ziguinchor,Orange Money,Transfert,Android,4593,0,0,Normal
8488,CUST_630,2025-05-30 10:26:00,Saint-Louis,Wave,Retrait,Android,6552,0,0,Normal
8489,CUST_561,2025-06-17 17:46:00,Kaolack,Free Money,Retrait,Android,3272,0,0,Normal
8490,CUST_109,2025-05-14 15:19:00,Dakar,Wave,Retrait,Android,69966,0,0,Normal
8491,CUST_98,2025-06-19 12:38:00,Kaolack,Carte Bancaire,Paiement,iPhone,73667,0,0,Normal
8492,CUST_800,2025-02-25 16:13:00,Ziguinchor,Orange Money,Transfert,Android,9230,0,0,Normal
8493,CUST_976,2025-04-20 06:39:00,Dakar,Carte Bancaire,Paiement,Android,24716,0,0,Normal
8494,CUST_461,2025-04-16 10:04:00,Ziguinchor,Carte Bancaire,Transfert,Android,83712,0,0,Normal
8495,CUST_282,2025-03-15 17:09:00,Saint-Louis,Wave,Paiement,iPhone,43157,0,0,Normal
8496,CUST_964,2025-06-02 21:47:00,Thiès,Free Money,Retrait,Android,15301,35,1,Comportement suspect
8497,CUST_999,2025-03-12 03:29:00,Thiès,Orange Money,Paiement,iPhone,7691,25,0,Normal
8498,CUST_889,2025-02-28 11:31:00,Kaolack,Wave,Retrait,iPhone,15109,35,1,Comportement suspect
8499,CUST_702,2025-04-15 13:05:00,Ziguinchor,Free Money,Retrait,iPhone,29076,0,0,Normal
8500,CUST_921,2025-03-19 20:07:00,Thiès,Carte Bancaire,Transfert,Android,25760,0,0,Normal
8501,CUST_913,2025-01-09 18:59:00,Kaolack,Carte Bancaire,Transfert,Android,2284,0,0,Normal
8502,CUST_716,2025-03-18 18:30:00,Kaolack,Carte Bancaire,Paiement,Android,10932,0,0,Normal
8503,CUST_107,2025-05-09 14:25:00,Dakar,Carte Bancaire,Transfert,Android,49386,0,0,Normal
8504,CUST_621,2025-04-26 02:36:00,Thiès,Wave,Paiement,Android,30077,25,0,Normal
8505,CUST_516,2025-04-06 10:15:00,Thiès,Wave,Paiement,iPhone,33583,0,0,Normal
8506,CUST_663,2025-06-24 22:19:00,Thiès,Orange Money,Retrait,Android,28875,0,0,Normal
8507,CUST_396,2025-06-24 05:18:00,Thiès,Free Money,Paiement,Android,41046,0,0,Normal
8508,CUST_517,2025-06-18 21:06:00,Kaolack,Orange Money,Paiement,Android,63073,0,0,Normal
8509,CUST_975,2025-01-13 09:00:00,Saint-Louis,Free Money,Retrait,iPhone,11066,0,0,Normal
8510,CUST_649,2025-03-20 11:17:00,Saint-Louis,Orange Money,Paiement,Android,17590,0,0,Normal
8511,CUST_384,2025-01-21 08:05:00,Kaolack,Orange Money,Transfert,Android,44715,0,0,Normal
8512,CUST_271,2025-05-28 09:57:00,Dakar,Wave,Paiement,Android,42448,0,0,Normal
8513,CUST_646,2025-05-31 16:52:00,Dakar,Free Money,Retrait,iPhone,3352,0,0,Normal
8514,CUST_813,2025-02-27 20:30:00,Dakar,Wave,Retrait,Android,14692,0,0,Normal
8515,CUST_593,2025-03-31 07:40:00,Ziguinchor,Free Money,Retrait,iPhone,26413,0,0,Normal
8516,CUST_465,2025-03-16 19:45:00,Saint-Louis,Orange Money,Paiement,Android,3364,0,0,Normal
8517,CUST_118,2025-02-18 10:23:00,Thiès,Orange Money,Retrait,Android,29728,0,0,Normal
8518,CUST_646,2025-01-23 14:51:00,Dakar,Carte Bancaire,Paiement,Android,6274,0,0,Normal
8519,CUST_978,2025-05-05 18:13:00,Kaolack,Wave,Paiement,Android,34740,0,0,Normal
8520,CUST_585,2025-04-06 06:21:00,Saint-Louis,Carte Bancaire,Transfert,iPhone,15431,0,0,Normal
8521,CUST_748,2025-01-05 08:09:00,Kaolack,Orange Money,Retrait,iPhone,42130,0,0,Normal
8522,CUST_280,2025-06-08 18:09:00,Thiès,Orange Money,Transfert,iPhone,40817,0,0,Normal
8523,CUST_300,2025-01-06 13:26:00,Dakar,Orange Money,Transfert,Android,42631,0,0,Normal
8524,CUST_488,2025-02-03 11:56:00,Saint-Louis,Orange Money,Paiement,Android,27555,0,0,Normal
8525,CUST_998,2025-02-18 11:54:00,Kaolack,Carte Bancaire,Transfert,Android,27934,0,0,Normal
8526,CUST_980,2025-05-21 17:12:00,Saint-Louis,Carte Bancaire,Transfert,Android,41629,0,0,Normal
8527,CUST_195,2025-05-30 21:38:00,Ziguinchor,Carte Bancaire,Retrait,iPhone,11717,0,0,Normal
8528,CUST_559,2025-04-03 07:12:00,Saint-Louis,Wave,Paiement,iPhone,25954,0,0,Normal
8529,CUST_202,2025-05-03 08:15:00,Saint-Louis,Free Money,Paiement,Android,500,0,0,Normal
8530,CUST_419,2025-05-15 14:05:00,Dakar,Free Money,Paiement,Android,16994,0,0,Normal
8531,CUST_588,2025-01-28 09:40:00,Ziguinchor,Carte Bancaire,Retrait,iPhone,13299,0,0,Normal
8532,CUST_173,2025-05-27 14:58:00,Saint-Louis,Wave,Transfert,iPhone,17089,0,0,Normal
8533,CUST_263,2025-04-14 09:07:00,Dakar,Wave,Transfert,Android,60658,0,0,Normal
8534,CUST_569,2025-02-26 13:02:00,Saint-Louis,Wave,Paiement,Android,16330,0,0,Normal
8535,CUST_495,2025-05-23 13:24:00,Saint-Louis,Orange Money,Paiement,Android,29332,0,0,Normal
8536,CUST_14,2025-05-08 08:59:00,Ziguinchor,Wave,Transfert,Android,11482,0,0,Normal
8537,CUST_875,2025-06-23 09:53:00,Ziguinchor,Free Money,Retrait,Android,13007,0,0,Normal
8538,CUST_360,2025-06-23 23:59:00,Kaolack,Carte Bancaire,Transfert,iPhone,2511,0,0,Normal
8539,CUST_829,2025-01-21 16:45:00,Ziguinchor,Free Money,Retrait,iPhone,21129,0,0,Normal
8540,CUST_974,2025-06-30 16:06:00,Dakar,Orange Money,Transfert,iPhone,18926,0,0,Normal
8541,CUST_426,2025-03-31 09:09:00,Kaolack,Carte Bancaire,Retrait,Android,59588,0,0,Normal
8542,CUST_904,2025-06-13 13:27:00,Ziguinchor,Free Money,Transfert,iPhone,30388,0,0,Normal
8543,CUST_540,2025-06-13 12:57:00,Saint-Louis,Orange Money,Transfert,iPhone,24797,0,0,Normal
8544,CUST_358,2025-06-12 13:15:00,Ziguinchor,Free Money,Retrait,iPhone,12689,0,0,Normal
8545,CUST_881,2025-01-15 01:56:00,Kaolack,Wave,Transfert,Android,37430,25,0,Normal
8546,CUST_205,2025-02-19 09:08:00,Dakar,Carte Bancaire,Transfert,Android,54305,0,0,Normal
8547,CUST_507,2025-02-28 14:16:00,Thiès,Carte Bancaire,Transfert,iPhone,25473,0,0,Normal
8548,CUST_774,2025-05-03 22:02:00,Dakar,Free Money,Paiement,Android,3760,0,0,Normal
8549,CUST_705,2025-01-16 10:19:00,Thiès,Wave,Retrait,iPhone,57395,0,0,Normal
8550,CUST_942,2025-05-20 09:01:00,Thiès,Wave,Transfert,iPhone,2973,0,0,Normal
8551,CUST_341,2025-05-02 18:57:00,Kaolack,Wave,Transfert,Android,2194,35,1,Comportement suspect
8552,CUST_735,2025-06-25 04:28:00,Saint-Louis,Orange Money,Paiement,Android,33101,25,0,Normal
8553,CUST_456,2025-05-14 00:06:00,Kaolack,Wave,Transfert,iPhone,25531,0,0,Normal
8554,CUST_228,2025-04-14 08:11:00,Saint-Louis,Wave,Paiement,Android,36305,0,0,Normal
8555,CUST_343,2025-03-22 12:16:00,Ziguinchor,Free Money,Retrait,Android,3423,0,0,Normal
8556,CUST_138,2025-05-27 14:57:00,Ziguinchor,Carte Bancaire,Paiement,Android,44410,0,0,Normal
8557,CUST_457,2025-05-27 06:54:00,Kaolack,Wave,Retrait,iPhone,67825,0,0,Normal
8558,CUST_922,2025-03-12 16:17:00,Saint-Louis,Orange Money,Transfert,iPhone,75204,0,0,Normal
8559,CUST_269,2025-01-08 14:30:00,Kaolack,Wave,Paiement,iPhone,37814,0,0,Normal
8560,CUST_692,2025-03-04 13:07:00,Ziguinchor,Orange Money,Retrait,iPhone,5970,0,0,Normal
8561,CUST_338,2025-02-10 16:10:00,Thiès,Carte Bancaire,Paiement,iPhone,500,0,0,Normal
8562,CUST_888,2025-05-02 09:59:00,Thiès,Orange Money,Transfert,iPhone,9117,0,0,Normal
8563,CUST_334,2025-04-12 09:59:00,Kaolack,Carte Bancaire,Transfert,iPhone,500,0,0,Normal
8564,CUST_258,2025-01-07 08:51:00,Ziguinchor,Carte Bancaire,Retrait,Android,32923,0,0,Normal
8565,CUST_834,2025-05-18 11:04:00,Ziguinchor,Free Money,Paiement,iPhone,8667,0,0,Normal
8566,CUST_870,2025-02-06 15:46:00,Ziguinchor,Free Money,Retrait,iPhone,22684,0,0,Normal
8567,CUST_258,2025-06-03 16:54:00,Ziguinchor,Free Money,Retrait,Android,27811,0,0,Normal
8568,CUST_981,2025-06-26 12:30:00,Thiès,Free Money,Paiement,iPhone,4092,0,0,Normal
8569,CUST_215,2025-03-17 21:28:00,Dakar,Orange Money,Paiement,iPhone,9875,0,0,Normal
8570,CUST_761,2025-06-21 18:49:00,Thiès,Free Money,Paiement,Android,64318,0,0,Normal
8571,CUST_265,2025-02-28 09:39:00,Kaolack,Wave,Paiement,Android,18926,0,0,Normal
8572,CUST_421,2025-04-14 08:09:00,Dakar,Free Money,Retrait,Android,5524,0,0,Normal
8573,CUST_872,2025-04-05 11:35:00,Ziguinchor,Free Money,Retrait,iPhone,18836,0,0,Normal
8574,CUST_395,2025-06-12 04:16:00,Saint-Louis,Wave,Paiement,Android,44361,25,0,Normal
8575,CUST_499,2025-06-11 13:43:00,Thiès,Orange Money,Retrait,Android,766,0,0,Normal
8576,CUST_711,2025-01-18 10:55:00,Ziguinchor,Orange Money,Paiement,iPhone,43015,0,0,Normal
8577,CUST_791,2025-03-21 15:17:00,Kaolack,Carte Bancaire,Transfert,iPhone,29833,0,0,Normal
8578,CUST_999,2025-06-07 11:01:00,Thiès,Orange Money,Transfert,Android,34224,0,0,Normal
8579,CUST_93,2025-02-27 17:51:00,Saint-Louis,Wave,Paiement,Android,16044,0,0,Normal
8580,CUST_132,2025-01-30 09:26:00,Thiès,Free Money,Paiement,iPhone,14056,35,1,Comportement suspect
8581,CUST_85,2025-05-04 12:36:00,Dakar,Orange Money,Transfert,iPhone,7517,0,0,Normal
8582,CUST_581,2025-05-28 09:05:00,Dakar,Wave,Paiement,Android,22756,0,0,Normal
8583,CUST_480,2025-05-20 16:23:00,Ziguinchor,Carte Bancaire,Paiement,Android,8942,0,0,Normal
8584,CUST_884,2025-04-01 10:17:00,Kaolack,Wave,Retrait,Android,4283,0,0,Normal
8585,CUST_951,2025-02-06 16:45:00,Dakar,Orange Money,Paiement,Android,14373,30,0,Normal
8586,CUST_233,2025-06-23 19:50:00,Saint-Louis,Free Money,Paiement,iPhone,31572,0,0,Normal
8587,CUST_404,2025-03-30 13:03:00,Dakar,Carte Bancaire,Paiement,iPhone,52156,0,0,Normal
8588,CUST_895,2025-03-26 08:03:00,Kaolack,Orange Money,Paiement,iPhone,27373,0,0,Normal
8589,CUST_175,2025-01-17 12:55:00,Kaolack,Free Money,Transfert,iPhone,24063,0,0,Normal
8590,CUST_491,2025-03-19 12:35:00,Dakar,Orange Money,Retrait,Android,26461,0,0,Normal
8591,CUST_209,2025-06-21 11:46:00,Saint-Louis,Free Money,Transfert,iPhone,58423,0,0,Normal
8592,CUST_841,2025-01-26 09:36:00,Thiès,Free Money,Paiement,iPhone,500,0,0,Normal
8593,CUST_91,2025-06-05 16:47:00,Saint-Louis,Free Money,Retrait,iPhone,19331,0,0,Normal
8594,CUST_532,2025-01-05 19:51:00,Saint-Louis,Carte Bancaire,Paiement,Android,55418,0,0,Normal
8595,CUST_852,2025-04-18 22:13:00,Dakar,Free Money,Transfert,Android,25953,0,0,Normal
8596,CUST_974,2025-04-21 10:14:00,Dakar,Free Money,Transfert,Android,38392,0,0,Normal
8597,CUST_497,2025-01-10 12:09:00,Thiès,Wave,Retrait,iPhone,7794,0,0,Normal
8598,CUST_52,2025-01-22 05:35:00,Kaolack,Wave,Transfert,Android,12973,0,0,Normal
8599,CUST_443,2025-02-27 10:37:00,Ziguinchor,Orange Money,Paiement,iPhone,6118,0,0,Normal
8600,CUST_659,2025-06-07 10:04:00,Ziguinchor,Wave,Transfert,iPhone,8162,0,0,Normal
8601,CUST_234,2025-06-19 09:07:00,Ziguinchor,Orange Money,Retrait,iPhone,27675,0,0,Normal
8602,CUST_153,2025-05-31 14:30:00,Kaolack,Wave,Transfert,Android,23096,0,0,Normal
8603,CUST_749,2025-01-30 06:41:00,Thiès,Orange Money,Transfert,iPhone,9727,0,0,Normal
8604,CUST_977,2025-03-05 09:17:00,Thiès,Wave,Transfert,iPhone,3844,0,0,Normal
8605,CUST_206,2025-04-24 16:38:00,Ziguinchor,Free Money,Transfert,iPhone,500,0,0,Normal
8606,CUST_351,2025-06-17 15:02:00,Kaolack,Free Money,Paiement,iPhone,23379,0,0,Normal
8607,CUST_427,2025-04-28 11:50:00,Kaolack,Wave,Retrait,iPhone,28455,0,0,Normal
8608,CUST_953,2025-05-17 11:10:00,Saint-Louis,Carte Bancaire,Transfert,Android,33604,0,0,Normal
8609,CUST_75,2025-03-19 06:48:00,Thiès,Free Money,Retrait,Android,15480,0,0,Normal
8610,CUST_419,2025-02-11 09:27:00,Dakar,Wave,Transfert,Android,18547,0,0,Normal
8611,CUST_483,2025-06-10 15:15:00,Ziguinchor,Free Money,Retrait,Android,4980,0,0,Normal
8612,CUST_939,2025-05-14 00:02:00,Kaolack,Orange Money,Retrait,Android,20592,0,0,Normal
8613,CUST_804,2025-06-22 07:20:00,Thiès,Carte Bancaire,Transfert,iPhone,7293,0,0,Normal
8614,CUST_104,2025-02-08 11:22:00,Dakar,Orange Money,Retrait,iPhone,18445,0,0,Normal
8615,CUST_497,2025-01-25 14:42:00,Thiès,Free Money,Retrait,iPhone,2598,0,0,Normal
8616,CUST_737,2025-03-23 12:59:00,Dakar,Carte Bancaire,Paiement,iPhone,67052,0,0,Normal
8617,CUST_317,2025-02-16 08:29:00,Saint-Louis,Carte Bancaire,Paiement,Android,47217,0,0,Normal
8618,CUST_761,2025-06-12 19:16:00,Thiès,Wave,Transfert,iPhone,23491,30,0,Normal
8619,CUST_466,2025-02-13 04:54:00,Dakar,Orange Money,Paiement,Android,19985,25,0,Normal
8620,CUST_573,2025-01-01 09:18:00,Dakar,Wave,Paiement,iPhone,34220,0,0,Normal
8621,CUST_249,2025-04-29 08:58:00,Saint-Louis,Carte Bancaire,Transfert,Android,32486,0,0,Normal
8622,CUST_580,2025-05-07 09:03:00,Saint-Louis,Carte Bancaire,Retrait,iPhone,2288,0,0,Normal
8623,CUST_787,2025-05-13 04:38:00,Ziguinchor,Orange Money,Retrait,Android,13497,25,0,Normal
8624,CUST_91,2025-02-06 21:09:00,Saint-Louis,Carte Bancaire,Paiement,iPhone,25888,0,0,Normal
8625,CUST_188,2025-05-19 05:00:00,Thiès,Wave,Transfert,Android,34985,0,0,Normal
8626,CUST_62,2025-04-25 20:03:00,Dakar,Orange Money,Paiement,Android,39743,35,1,Comportement suspect
8627,CUST_740,2025-04-09 12:19:00,Dakar,Orange Money,Transfert,iPhone,6802,0,0,Normal
8628,CUST_42,2025-03-27 17:14:00,Ziguinchor,Free Money,Transfert,iPhone,29971,0,0,Normal
8629,CUST_143,2025-05-07 09:23:00,Ziguinchor,Orange Money,Retrait,Android,15875,0,0,Normal
8630,CUST_229,2025-03-20 15:06:00,Dakar,Free Money,Transfert,Android,25619,0,0,Normal
8631,CUST_815,2025-05-21 16:12:00,Kaolack,Wave,Transfert,iPhone,30177,0,0,Normal
8632,CUST_61,2025-06-05 00:53:00,Ziguinchor,Orange Money,Transfert,Android,45534,35,1,Comportement suspect
8633,CUST_771,2025-01-18 08:24:00,Thiès,Carte Bancaire,Paiement,Android,26449,0,0,Normal
8634,CUST_507,2025-03-23 10:58:00,Thiès,Carte Bancaire,Paiement,Android,31633,0,0,Normal
8635,CUST_31,2025-05-04 07:58:00,Kaolack,Carte Bancaire,Transfert,Android,51098,0,0,Normal
8636,CUST_167,2025-01-11 13:58:00,Saint-Louis,Wave,Transfert,Android,1749,0,0,Normal
8637,CUST_658,2025-06-10 05:27:00,Kaolack,Wave,Transfert,iPhone,28740,0,0,Normal
8638,CUST_201,2025-05-23 12:13:00,Kaolack,Carte Bancaire,Transfert,iPhone,30082,0,0,Normal
8639,CUST_466,2025-02-08 08:23:00,Dakar,Wave,Retrait,Android,18177,0,0,Normal
8640,CUST_179,2025-01-18 06:32:00,Dakar,Orange Money,Retrait,iPhone,500,0,0,Normal
8641,CUST_7,2025-02-17 10:54:00,Ziguinchor,Wave,Transfert,iPhone,22266,0,0,Normal
8642,CUST_154,2025-05-09 14:56:00,Kaolack,Free Money,Retrait,Android,15608,0,0,Normal
8643,CUST_239,2025-02-27 15:34:00,Dakar,Free Money,Retrait,iPhone,16413,0,0,Normal
8644,CUST_682,2025-05-30 16:14:00,Saint-Louis,Orange Money,Retrait,iPhone,27466,0,0,Normal
8645,CUST_823,2025-06-06 09:03:00,Dakar,Carte Bancaire,Retrait,Android,20232,0,0,Normal
8646,CUST_987,2025-06-27 22:59:00,Thiès,Orange Money,Paiement,Android,45663,0,0,Normal
8647,CUST_309,2025-02-08 12:04:00,Dakar,Wave,Transfert,iPhone,53491,0,0,Normal
8648,CUST_799,2025-04-13 11:10:00,Kaolack,Free Money,Retrait,Android,24939,0,0,Normal
8649,CUST_203,2025-01-03 12:00:00,Ziguinchor,Orange Money,Transfert,iPhone,22330,0,0,Normal
8650,CUST_286,2025-04-06 13:35:00,Thiès,Wave,Retrait,Android,25761,0,0,Normal
8651,CUST_411,2025-02-11 06:33:00,Saint-Louis,Wave,Retrait,iPhone,56240,0,0,Normal
8652,CUST_538,2025-01-31 10:05:00,Saint-Louis,Orange Money,Paiement,Android,73925,0,0,Normal
8653,CUST_331,2025-01-13 10:39:00,Kaolack,Orange Money,Transfert,iPhone,4951,0,0,Normal
8654,CUST_596,2025-06-29 04:36:00,Ziguinchor,Carte Bancaire,Retrait,iPhone,9832,25,0,Normal
8655,CUST_659,2025-05-14 10:06:00,Ziguinchor,Orange Money,Paiement,Android,11871,0,0,Normal
8656,CUST_774,2025-02-24 12:23:00,Dakar,Orange Money,Transfert,Android,5507,0,0,Normal
8657,CUST_615,2025-05-31 09:00:00,Ziguinchor,Free Money,Paiement,iPhone,25878,0,0,Normal
8658,CUST_28,2025-03-21 09:37:00,Ziguinchor,Free Money,Retrait,Android,11342,0,0,Normal
8659,CUST_362,2025-06-06 14:16:00,Saint-Louis,Wave,Transfert,Android,49128,0,0,Normal
8660,CUST_71,2025-01-20 15:02:00,Ziguinchor,Free Money,Retrait,iPhone,49888,0,0,Normal
8661,CUST_26,2025-03-25 07:59:00,Kaolack,Wave,Transfert,iPhone,10272,0,0,Normal
8662,CUST_20,2025-04-13 05:15:00,Kaolack,Carte Bancaire,Paiement,iPhone,21982,0,0,Normal
8663,CUST_443,2025-03-21 11:00:00,Ziguinchor,Free Money,Transfert,Android,17796,0,0,Normal
8664,CUST_155,2025-04-07 13:09:00,Saint-Louis,Wave,Retrait,Android,11814,0,0,Normal
8665,CUST_592,2025-05-03 09:09:00,Kaolack,Wave,Transfert,iPhone,15487,0,0,Normal
8666,CUST_493,2025-06-01 11:49:00,Saint-Louis,Wave,Transfert,iPhone,39360,0,0,Normal
8667,CUST_393,2025-03-11 17:41:00,Saint-Louis,Wave,Transfert,Android,27908,0,0,Normal
8668,CUST_600,2025-06-04 21:15:00,Saint-Louis,Carte Bancaire,Paiement,iPhone,12104,0,0,Normal
8669,CUST_773,2025-06-11 10:22:00,Saint-Louis,Free Money,Transfert,Android,27354,0,0,Normal
8670,CUST_341,2025-03-31 08:37:00,Saint-Louis,Wave,Paiement,Android,3653,0,0,Normal
8671,CUST_96,2025-03-20 23:37:00,Saint-Louis,Wave,Paiement,Android,30422,0,0,Normal
8672,CUST_592,2025-05-31 11:26:00,Kaolack,Wave,Paiement,Android,14309,0,0,Normal
8673,CUST_960,2025-03-15 11:33:00,Ziguinchor,Wave,Retrait,Android,29890,0,0,Normal
8674,CUST_851,2025-01-09 05:23:00,Ziguinchor,Free Money,Transfert,iPhone,16486,0,0,Normal
8675,CUST_452,2025-01-17 19:12:00,Saint-Louis,Free Money,Retrait,iPhone,24212,0,0,Normal
8676,CUST_570,2025-06-23 10:05:00,Saint-Louis,Orange Money,Paiement,iPhone,4782,0,0,Normal
8677,CUST_731,2025-03-30 14:50:00,Ziguinchor,Orange Money,Retrait,Android,68842,0,0,Normal
8678,CUST_510,2025-06-11 11:29:00,Kaolack,Carte Bancaire,Retrait,Android,13246,0,0,Normal
8679,CUST_898,2025-05-06 12:16:00,Kaolack,Wave,Transfert,Android,49884,0,0,Normal
8680,CUST_124,2025-02-15 09:13:00,Dakar,Carte Bancaire,Retrait,iPhone,46161,0,0,Normal
8681,CUST_54,2025-04-17 12:47:00,Thiès,Free Money,Transfert,Android,14330,0,0,Normal
8682,CUST_805,2025-06-12 11:35:00,Saint-Louis,Free Money,Transfert,Android,8990,0,0,Normal
8683,CUST_425,2025-06-04 14:26:00,Ziguinchor,Wave,Transfert,Android,14841,0,0,Normal
8684,CUST_477,2025-06-30 15:57:00,Thiès,Free Money,Transfert,Android,18940,0,0,Normal
8685,CUST_362,2025-02-08 18:10:00,Saint-Louis,Carte Bancaire,Paiement,Android,35076,0,0,Normal
8686,CUST_763,2025-03-17 09:58:00,Dakar,Carte Bancaire,Transfert,Android,22748,0,0,Normal
8687,CUST_741,2025-06-20 08:41:00,Kaolack,Wave,Paiement,iPhone,42872,0,0,Normal
8688,CUST_244,2025-02-10 08:19:00,Saint-Louis,Orange Money,Transfert,Android,73292,0,0,Normal
8689,CUST_987,2025-01-16 23:41:00,Thiès,Free Money,Paiement,Android,43226,0,0,Normal
8690,CUST_308,2025-01-12 11:55:00,Dakar,Free Money,Transfert,Android,18276,0,0,Normal
8691,CUST_500,2025-02-02 23:43:00,Dakar,Free Money,Transfert,iPhone,21983,0,0,Normal
8692,CUST_426,2025-02-21 03:06:00,Kaolack,Free Money,Transfert,iPhone,28058,25,0,Normal
8693,CUST_645,2025-05-10 13:17:00,Thiès,Wave,Paiement,Android,500,0,0,Normal
8694,CUST_762,2025-05-24 13:40:00,Kaolack,Carte Bancaire,Transfert,iPhone,28560,0,0,Normal
8695,CUST_215,2025-02-17 17:00:00,Dakar,Wave,Transfert,iPhone,23000,0,0,Normal
8696,CUST_569,2025-04-25 06:43:00,Saint-Louis,Wave,Transfert,iPhone,2860,0,0,Normal
8697,CUST_774,2025-04-14 06:04:00,Dakar,Carte Bancaire,Retrait,iPhone,8100,0,0,Normal
8698,CUST_330,2025-01-14 03:23:00,Ziguinchor,Orange Money,Transfert,Android,20386,25,0,Normal
8699,CUST_22,2025-01-08 18:10:00,Dakar,Orange Money,Retrait,iPhone,28198,0,0,Normal
8700,CUST_243,2025-01-20 18:01:00,Kaolack,Wave,Transfert,Android,14266,0,0,Normal
8701,CUST_325,2025-03-19 08:32:00,Ziguinchor,Free Money,Transfert,Android,67072,0,0,Normal
8702,CUST_202,2025-06-17 16:59:00,Saint-Louis,Carte Bancaire,Paiement,iPhone,24471,0,0,Normal
8703,CUST_35,2025-02-02 16:15:00,Thiès,Orange Money,Transfert,iPhone,6933,0,0,Normal
8704,CUST_374,2025-02-08 12:45:00,Ziguinchor,Carte Bancaire,Retrait,Android,18438,0,0,Normal
8705,CUST_398,2025-04-06 13:24:00,Dakar,Free Money,Paiement,Android,13339,0,0,Normal
8706,CUST_148,2025-01-09 20:34:00,Ziguinchor,Free Money,Transfert,Android,12155,0,0,Normal
8707,CUST_294,2025-05-30 19:44:00,Thiès,Wave,Retrait,Android,43692,0,0,Normal
8708,CUST_812,2025-01-31 07:52:00,Thiès,Orange Money,Paiement,iPhone,20571,0,0,Normal
8709,CUST_465,2025-02-13 09:40:00,Saint-Louis,Free Money,Transfert,Android,17712,0,0,Normal
8710,CUST_191,2025-04-19 01:00:00,Dakar,Free Money,Paiement,Android,21582,25,0,Normal
8711,CUST_955,2025-02-20 11:27:00,Saint-Louis,Orange Money,Transfert,iPhone,26480,0,0,Normal
8712,CUST_685,2025-05-17 10:54:00,Dakar,Carte Bancaire,Retrait,iPhone,27583,0,0,Normal
8713,CUST_79,2025-05-29 16:02:00,Ziguinchor,Wave,Paiement,iPhone,24901,0,0,Normal
8714,CUST_80,2025-04-30 05:19:00,Ziguinchor,Free Money,Paiement,Android,7258,0,0,Normal
8715,CUST_251,2025-02-26 14:17:00,Ziguinchor,Wave,Paiement,Android,1558,0,0,Normal
8716,CUST_475,2025-05-18 12:18:00,Kaolack,Free Money,Transfert,Android,15907,30,0,Normal
8717,CUST_241,2025-05-22 23:20:00,Thiès,Wave,Paiement,Android,41629,0,0,Normal
8718,CUST_907,2025-04-16 17:12:00,Ziguinchor,Free Money,Transfert,iPhone,42329,0,0,Normal
8719,CUST_790,2025-01-12 06:29:00,Ziguinchor,Carte Bancaire,Retrait,iPhone,24485,0,0,Normal
8720,CUST_514,2025-01-18 10:28:00,Saint-Louis,Free Money,Retrait,iPhone,64217,0,0,Normal
8721,CUST_995,2025-05-29 13:00:00,Kaolack,Carte Bancaire,Transfert,Android,12726,0,0,Normal
8722,CUST_145,2025-06-27 07:45:00,Dakar,Free Money,Paiement,iPhone,28324,0,0,Normal
8723,CUST_691,2025-03-22 11:42:00,Dakar,Free Money,Retrait,iPhone,44278,0,0,Normal
8724,CUST_839,2025-06-18 16:51:00,Kaolack,Orange Money,Transfert,iPhone,71724,0,0,Normal
8725,CUST_267,2025-01-27 12:19:00,Thiès,Wave,Retrait,Android,21500,0,0,Normal
8726,CUST_410,2025-06-20 16:41:00,Saint-Louis,Orange Money,Transfert,Android,41027,0,0,Normal
8727,CUST_548,2025-05-15 10:26:00,Saint-Louis,Orange Money,Retrait,Android,29700,0,0,Normal
8728,CUST_435,2025-03-05 14:42:00,Saint-Louis,Orange Money,Paiement,Android,28769,0,0,Normal
8729,CUST_748,2025-01-22 16:39:00,Kaolack,Wave,Paiement,iPhone,62129,0,0,Normal
8730,CUST_312,2025-05-01 17:49:00,Dakar,Wave,Retrait,iPhone,21886,0,0,Normal
8731,CUST_736,2025-06-27 14:45:00,Dakar,Orange Money,Transfert,Android,45457,0,0,Normal
8732,CUST_862,2025-05-18 15:08:00,Kaolack,Carte Bancaire,Paiement,iPhone,18332,0,0,Normal
8733,CUST_108,2025-04-17 19:38:00,Dakar,Free Money,Retrait,Android,41823,0,0,Normal
8734,CUST_687,2025-04-17 08:32:00,Ziguinchor,Free Money,Transfert,Android,38730,0,0,Normal
8735,CUST_501,2025-01-23 10:21:00,Saint-Louis,Wave,Retrait,Android,44372,0,0,Normal
8736,CUST_306,2025-03-03 13:43:00,Saint-Louis,Free Money,Transfert,Android,24891,0,0,Normal
8737,CUST_530,2025-05-11 11:46:00,Dakar,Free Money,Paiement,Android,29433,0,0,Normal
8738,CUST_161,2025-02-25 15:09:00,Saint-Louis,Free Money,Transfert,iPhone,14464,0,0,Normal
8739,CUST_396,2025-06-01 13:18:00,Thiès,Wave,Paiement,Android,41864,0,0,Normal
8740,CUST_318,2025-05-07 15:08:00,Kaolack,Orange Money,Retrait,Android,22923,0,0,Normal
8741,CUST_239,2025-04-26 12:48:00,Dakar,Carte Bancaire,Paiement,Android,16686,0,0,Normal
8742,CUST_39,2025-04-27 09:11:00,Kaolack,Orange Money,Retrait,iPhone,36682,0,0,Normal
8743,CUST_56,2025-02-05 02:04:00,Kaolack,Wave,Paiement,iPhone,30723,25,0,Normal
8744,CUST_845,2025-06-19 16:06:00,Kaolack,Orange Money,Retrait,iPhone,23183,0,0,Normal
8745,CUST_638,2025-02-06 14:30:00,Saint-Louis,Orange Money,Paiement,iPhone,21861,0,0,Normal
8746,CUST_366,2025-06-12 07:29:00,Ziguinchor,Carte Bancaire,Paiement,Android,24678,0,0,Normal
8747,CUST_985,2025-03-26 17:30:00,Ziguinchor,Wave,Retrait,iPhone,5044,0,0,Normal
8748,CUST_641,2025-03-04 07:16:00,Kaolack,Wave,Paiement,iPhone,28447,0,0,Normal
8749,CUST_8,2025-06-28 07:05:00,Thiès,Carte Bancaire,Paiement,Android,27427,0,0,Normal
8750,CUST_591,2025-03-20 09:57:00,Thiès,Wave,Retrait,iPhone,13791,0,0,Normal
8751,CUST_938,2025-03-08 12:50:00,Kaolack,Wave,Retrait,Android,21862,0,0,Normal
8752,CUST_945,2025-03-25 06:22:00,Ziguinchor,Wave,Transfert,Android,40429,0,0,Normal
8753,CUST_758,2025-04-17 14:18:00,Dakar,Carte Bancaire,Retrait,iPhone,27910,0,0,Normal
8754,CUST_116,2025-04-23 12:49:00,Ziguinchor,Orange Money,Paiement,iPhone,4425,0,0,Normal
8755,CUST_498,2025-06-26 20:07:00,Saint-Louis,Carte Bancaire,Retrait,iPhone,47183,0,0,Normal
8756,CUST_638,2025-03-03 14:46:00,Saint-Louis,Wave,Transfert,Android,8796,0,0,Normal
8757,CUST_635,2025-03-21 15:33:00,Ziguinchor,Carte Bancaire,Paiement,iPhone,4904,0,0,Normal
8758,CUST_491,2025-01-01 10:28:00,Dakar,Wave,Paiement,Android,14552,0,0,Normal
8759,CUST_605,2025-03-29 16:18:00,Dakar,Carte Bancaire,Retrait,Android,16921,0,0,Normal
8760,CUST_235,2025-04-08 12:26:00,Thiès,Free Money,Transfert,iPhone,73775,0,0,Normal
8761,CUST_618,2025-02-11 14:07:00,Ziguinchor,Free Money,Transfert,Android,4054,0,0,Normal
8762,CUST_255,2025-02-08 10:02:00,Thiès,Wave,Retrait,iPhone,24766,0,0,Normal
8763,CUST_574,2025-01-08 09:37:00,Saint-Louis,Orange Money,Retrait,iPhone,31340,0,0,Normal
8764,CUST_544,2025-06-18 11:36:00,Dakar,Carte Bancaire,Transfert,Android,43484,0,0,Normal
8765,CUST_421,2025-04-11 21:10:00,Kaolack,Orange Money,Transfert,iPhone,1707,35,1,Comportement suspect
8766,CUST_704,2025-06-14 11:57:00,Dakar,Carte Bancaire,Paiement,Android,17190,0,0,Normal
8767,CUST_70,2025-04-17 16:31:00,Kaolack,Wave,Paiement,Android,95565,35,1,Comportement suspect
8768,CUST_819,2025-05-02 12:03:00,Dakar,Free Money,Retrait,Android,40709,35,1,Comportement suspect
8769,CUST_829,2025-06-06 08:46:00,Ziguinchor,Free Money,Retrait,iPhone,1441,0,0,Normal
8770,CUST_49,2025-05-10 19:57:00,Kaolack,Free Money,Transfert,iPhone,5265,0,0,Normal
8771,CUST_494,2025-03-26 05:29:00,Thiès,Carte Bancaire,Paiement,iPhone,5883,0,0,Normal
8772,CUST_726,2025-06-10 10:01:00,Thiès,Orange Money,Retrait,Android,30447,0,0,Normal
8773,CUST_263,2025-02-13 08:16:00,Dakar,Free Money,Transfert,Android,48598,0,0,Normal
8774,CUST_565,2025-06-18 09:26:00,Ziguinchor,Carte Bancaire,Paiement,Android,48499,0,0,Normal
8775,CUST_341,2025-03-19 14:17:00,Saint-Louis,Carte Bancaire,Paiement,Android,5125,0,0,Normal
8776,CUST_471,2025-02-27 14:16:00,Kaolack,Wave,Paiement,Android,24716,0,0,Normal
8777,CUST_187,2025-03-01 12:05:00,Dakar,Wave,Transfert,iPhone,33933,0,0,Normal
8778,CUST_333,2025-03-30 12:40:00,Saint-Louis,Orange Money,Retrait,iPhone,18125,0,0,Normal
8779,CUST_918,2025-03-26 07:27:00,Saint-Louis,Orange Money,Transfert,Android,26579,0,0,Normal
8780,CUST_189,2025-06-01 03:43:00,Thiès,Carte Bancaire,Retrait,Android,64655,25,0,Normal
8781,CUST_669,2025-01-13 09:07:00,Kaolack,Carte Bancaire,Transfert,Android,20407,0,0,Normal
8782,CUST_17,2025-04-17 12:42:00,Dakar,Free Money,Transfert,Android,20377,0,0,Normal
8783,CUST_708,2025-02-04 12:01:00,Kaolack,Free Money,Paiement,Android,45842,0,0,Normal
8784,CUST_205,2025-05-05 13:14:00,Dakar,Wave,Retrait,iPhone,78908,0,0,Normal
8785,CUST_366,2025-03-02 15:39:00,Ziguinchor,Free Money,Retrait,iPhone,30065,0,0,Normal
8786,CUST_454,2025-05-08 14:19:00,Dakar,Wave,Transfert,Android,23146,0,0,Normal
8787,CUST_188,2025-03-28 15:43:00,Thiès,Carte Bancaire,Transfert,iPhone,48151,0,0,Normal
8788,CUST_933,2025-01-26 04:13:00,Dakar,Free Money,Transfert,Android,41768,25,0,Normal
8789,CUST_288,2025-06-10 14:58:00,Saint-Louis,Wave,Paiement,iPhone,2504,0,0,Normal
8790,CUST_644,2025-06-20 21:22:00,Kaolack,Wave,Retrait,iPhone,4218,0,0,Normal
8791,CUST_359,2025-01-21 11:51:00,Saint-Louis,Orange Money,Retrait,Android,8485,0,0,Normal
8792,CUST_492,2025-06-16 12:15:00,Ziguinchor,Free Money,Paiement,iPhone,61419,0,0,Normal
8793,CUST_965,2025-04-21 15:39:00,Thiès,Orange Money,Transfert,Android,47025,0,0,Normal
8794,CUST_415,2025-01-26 17:34:00,Saint-Louis,Wave,Paiement,iPhone,52688,0,0,Normal
8795,CUST_476,2025-06-25 18:05:00,Ziguinchor,Carte Bancaire,Transfert,iPhone,37367,0,0,Normal
8796,CUST_230,2025-04-28 10:31:00,Thiès,Wave,Paiement,Android,22938,0,0,Normal
8797,CUST_679,2025-03-22 13:30:00,Saint-Louis,Free Money,Transfert,iPhone,4887,0,0,Normal
8798,CUST_524,2025-02-12 17:05:00,Ziguinchor,Wave,Paiement,Android,21284,0,0,Normal
8799,CUST_760,2025-04-24 01:04:00,Saint-Louis,Carte Bancaire,Paiement,Android,500,25,0,Normal
8800,CUST_953,2025-05-20 08:37:00,Saint-Louis,Free Money,Transfert,iPhone,17291,0,0,Normal
8801,CUST_241,2025-03-05 02:38:00,Thiès,Carte Bancaire,Retrait,Android,22921,25,0,Normal
8802,CUST_719,2025-03-06 13:41:00,Dakar,Wave,Retrait,Android,6274,0,0,Normal
8803,CUST_41,2025-03-27 13:20:00,Saint-Louis,Carte Bancaire,Retrait,iPhone,9853,0,0,Normal
8804,CUST_160,2025-05-24 10:36:00,Dakar,Orange Money,Retrait,iPhone,109344,0,0,Normal
8805,CUST_98,2025-05-20 12:17:00,Kaolack,Carte Bancaire,Paiement,iPhone,18991,0,0,Normal
8806,CUST_297,2025-05-13 14:06:00,Kaolack,Wave,Paiement,Android,85808,0,0,Normal
8807,CUST_789,2025-01-28 20:42:00,Kaolack,Free Money,Transfert,iPhone,14929,0,0,Normal
8808,CUST_157,2025-04-21 10:29:00,Dakar,Carte Bancaire,Retrait,Android,13325,0,0,Normal
8809,CUST_376,2025-04-06 07:18:00,Saint-Louis,Carte Bancaire,Paiement,iPhone,41903,0,0,Normal
8810,CUST_306,2025-02-24 12:00:00,Saint-Louis,Carte Bancaire,Paiement,Android,34626,0,0,Normal
8811,CUST_693,2025-06-21 10:58:00,Ziguinchor,Carte Bancaire,Retrait,iPhone,4436,35,1,Comportement suspect
8812,CUST_502,2025-03-30 13:29:00,Kaolack,Wave,Transfert,iPhone,28783,0,0,Normal
8813,CUST_622,2025-06-06 07:22:00,Kaolack,Wave,Transfert,iPhone,9693,0,0,Normal
8814,CUST_205,2025-01-05 10:57:00,Dakar,Wave,Retrait,iPhone,54627,0,0,Normal
8815,CUST_472,2025-05-23 15:18:00,Ziguinchor,Free Money,Retrait,iPhone,1768,0,0,Normal
8816,CUST_922,2025-01-31 10:38:00,Dakar,Free Money,Transfert,iPhone,45232,35,1,Comportement suspect
8817,CUST_245,2025-03-11 12:41:00,Kaolack,Free Money,Paiement,iPhone,31882,0,0,Normal
8818,CUST_704,2025-04-29 09:58:00,Dakar,Orange Money,Paiement,iPhone,20753,0,0,Normal
8819,CUST_493,2025-06-15 03:39:00,Saint-Louis,Wave,Retrait,Android,51731,25,0,Normal
8820,CUST_973,2025-02-15 21:54:00,Thiès,Wave,Paiement,iPhone,16629,0,0,Normal
8821,CUST_638,2025-02-27 09:03:00,Saint-Louis,Wave,Transfert,Android,18204,0,0,Normal
8822,CUST_78,2025-05-12 15:02:00,Saint-Louis,Free Money,Retrait,Android,7352,0,0,Normal
8823,CUST_781,2025-04-04 06:48:00,Ziguinchor,Orange Money,Retrait,Android,48252,0,0,Normal
8824,CUST_457,2025-06-16 10:03:00,Kaolack,Wave,Retrait,iPhone,28692,0,0,Normal
8825,CUST_846,2025-01-16 09:48:00,Ziguinchor,Free Money,Transfert,iPhone,31911,0,0,Normal
8826,CUST_92,2025-04-14 14:09:00,Saint-Louis,Wave,Retrait,Android,3443,0,0,Normal
8827,CUST_400,2025-03-11 15:44:00,Ziguinchor,Wave,Paiement,Android,19867,0,0,Normal
8828,CUST_628,2025-01-30 18:24:00,Dakar,Carte Bancaire,Retrait,iPhone,15757,0,0,Normal
8829,CUST_473,2025-06-13 17:24:00,Ziguinchor,Carte Bancaire,Transfert,Android,72353,0,0,Normal
8830,CUST_920,2025-04-21 07:46:00,Kaolack,Carte Bancaire,Paiement,Android,32930,0,0,Normal
8831,CUST_60,2025-06-22 16:08:00,Thiès,Orange Money,Paiement,iPhone,5508,0,0,Normal
8832,CUST_334,2025-03-18 09:38:00,Kaolack,Carte Bancaire,Paiement,Android,68341,0,0,Normal
8833,CUST_455,2025-05-29 17:29:00,Thiès,Orange Money,Transfert,Android,995,0,0,Normal
8834,CUST_528,2025-06-08 16:09:00,Dakar,Orange Money,Paiement,iPhone,28225,0,0,Normal
8835,CUST_568,2025-02-05 11:46:00,Thiès,Carte Bancaire,Retrait,Android,42522,0,0,Normal
8836,CUST_897,2025-03-12 06:29:00,Thiès,Carte Bancaire,Retrait,Android,31606,0,0,Normal
8837,CUST_157,2025-06-06 11:51:00,Dakar,Carte Bancaire,Transfert,Android,23368,0,0,Normal
8838,CUST_679,2025-02-05 11:03:00,Saint-Louis,Carte Bancaire,Transfert,iPhone,4915,0,0,Normal
8839,CUST_816,2025-03-04 16:08:00,Ziguinchor,Wave,Retrait,iPhone,5088,0,0,Normal
8840,CUST_929,2025-03-10 12:13:00,Thiès,Orange Money,Transfert,Android,32070,0,0,Normal
8841,CUST_310,2025-06-12 16:23:00,Kaolack,Carte Bancaire,Paiement,Android,19956,0,0,Normal
8842,CUST_603,2025-02-02 12:09:00,Saint-Louis,Free Money,Retrait,iPhone,10100,0,0,Normal
8843,CUST_140,2025-04-21 17:07:00,Ziguinchor,Orange Money,Paiement,iPhone,46812,0,0,Normal
8844,CUST_59,2025-06-18 15:44:00,Thiès,Wave,Transfert,iPhone,30879,0,0,Normal
8845,CUST_818,2025-04-06 18:48:00,Kaolack,Wave,Transfert,iPhone,19831,0,0,Normal
8846,CUST_504,2025-01-31 09:15:00,Saint-Louis,Orange Money,Retrait,Android,787,0,0,Normal
8847,CUST_299,2025-05-21 15:17:00,Ziguinchor,Free Money,Transfert,Android,17267,0,0,Normal
8848,CUST_333,2025-05-17 18:12:00,Saint-Louis,Carte Bancaire,Paiement,iPhone,17447,30,0,Normal
8849,CUST_424,2025-03-01 13:45:00,Ziguinchor,Wave,Retrait,Android,12093,0,0,Normal
8850,CUST_162,2025-02-17 13:12:00,Ziguinchor,Free Money,Paiement,iPhone,23620,0,0,Normal
8851,CUST_870,2025-04-06 19:59:00,Ziguinchor,Free Money,Transfert,Android,14227,0,0,Normal
8852,CUST_506,2025-04-09 16:57:00,Saint-Louis,Free Money,Paiement,Android,25797,35,1,Comportement suspect
8853,CUST_570,2025-04-07 16:43:00,Saint-Louis,Free Money,Transfert,Android,9858,0,0,Normal
8854,CUST_414,2025-03-07 10:23:00,Thiès,Free Money,Paiement,Android,14314,0,0,Normal
8855,CUST_310,2025-04-30 11:04:00,Kaolack,Free Money,Transfert,iPhone,15099,0,0,Normal
8856,CUST_550,2025-02-16 18:44:00,Dakar,Wave,Retrait,Android,1134,0,0,Normal
8857,CUST_47,2025-01-09 06:25:00,Kaolack,Carte Bancaire,Retrait,iPhone,8325,0,0,Normal
8858,CUST_504,2025-04-05 13:02:00,Saint-Louis,Carte Bancaire,Transfert,Android,37418,0,0,Normal
8859,CUST_292,2025-02-24 09:19:00,Saint-Louis,Orange Money,Paiement,Android,40235,0,0,Normal
8860,CUST_714,2025-03-11 16:59:00,Ziguinchor,Orange Money,Transfert,iPhone,14877,0,0,Normal
8861,CUST_82,2025-04-18 19:27:00,Ziguinchor,Free Money,Retrait,Android,65987,0,0,Normal
8862,CUST_790,2025-05-20 14:03:00,Ziguinchor,Carte Bancaire,Transfert,Android,17447,0,0,Normal
8863,CUST_369,2025-04-19 07:35:00,Ziguinchor,Wave,Retrait,iPhone,17757,0,0,Normal
8864,CUST_581,2025-06-29 10:06:00,Dakar,Free Money,Paiement,Android,34082,0,0,Normal
8865,CUST_8,2025-05-23 13:23:00,Thiès,Wave,Paiement,Android,50926,0,0,Normal
8866,CUST_974,2025-03-04 16:43:00,Dakar,Free Money,Paiement,Android,500,0,0,Normal
8867,CUST_190,2025-01-07 21:31:00,Dakar,Free Money,Paiement,Android,19016,0,0,Normal
8868,CUST_407,2025-03-10 01:58:00,Ziguinchor,Free Money,Retrait,Android,19938,60,1,Transaction nocturne
8869,CUST_967,2025-03-17 21:28:00,Ziguinchor,Carte Bancaire,Retrait,iPhone,50986,0,0,Normal
8870,CUST_696,2025-03-06 07:51:00,Thiès,Carte Bancaire,Transfert,iPhone,12180,0,0,Normal
8871,CUST_330,2025-04-10 13:06:00,Ziguinchor,Wave,Paiement,Android,25582,0,0,Normal
8872,CUST_18,2025-04-10 14:24:00,Dakar,Free Money,Paiement,iPhone,3263,0,0,Normal
8873,CUST_296,2025-04-23 15:53:00,Dakar,Orange Money,Transfert,Android,27309,0,0,Normal
8874,CUST_972,2025-03-23 15:41:00,Ziguinchor,Orange Money,Retrait,iPhone,25479,0,0,Normal
8875,CUST_645,2025-06-08 06:24:00,Thiès,Free Money,Retrait,iPhone,6699,0,0,Normal
8876,CUST_621,2025-04-18 10:02:00,Thiès,Free Money,Paiement,iPhone,60666,0,0,Normal
8877,CUST_926,2025-02-07 09:13:00,Thiès,Orange Money,Transfert,Android,57844,0,0,Normal
8878,CUST_344,2025-03-05 12:00:00,Ziguinchor,Free Money,Paiement,Android,37081,0,0,Normal
8879,CUST_681,2025-05-19 13:23:00,Saint-Louis,Wave,Paiement,Android,27772,0,0,Normal
8880,CUST_224,2025-01-10 13:31:00,Dakar,Wave,Paiement,iPhone,22030,0,0,Normal
8881,CUST_773,2025-04-01 05:54:00,Saint-Louis,Orange Money,Retrait,iPhone,39671,30,0,Normal
8882,CUST_254,2025-02-18 23:30:00,Saint-Louis,Carte Bancaire,Retrait,Android,6468,0,0,Normal
8883,CUST_801,2025-05-06 11:18:00,Thiès,Carte Bancaire,Paiement,Android,67253,35,1,Comportement suspect
8884,CUST_17,2025-05-28 10:33:00,Dakar,Orange Money,Paiement,Android,19490,0,0,Normal
8885,CUST_742,2025-02-24 14:33:00,Ziguinchor,Wave,Paiement,iPhone,26104,0,0,Normal
8886,CUST_300,2025-02-14 07:23:00,Dakar,Wave,Paiement,Android,22860,0,0,Normal
8887,CUST_229,2025-01-27 20:53:00,Dakar,Carte Bancaire,Paiement,Android,25782,0,0,Normal
8888,CUST_664,2025-03-05 17:43:00,Ziguinchor,Carte Bancaire,Retrait,iPhone,24862,0,0,Normal
8889,CUST_666,2025-04-17 16:21:00,Kaolack,Wave,Transfert,iPhone,38194,0,0,Normal
8890,CUST_740,2025-02-02 09:38:00,Dakar,Wave,Retrait,Android,5736,0,0,Normal
8891,CUST_785,2025-02-10 17:29:00,Saint-Louis,Carte Bancaire,Paiement,iPhone,16356,0,0,Normal
8892,CUST_436,2025-06-26 11:55:00,Thiès,Carte Bancaire,Transfert,iPhone,24514,0,0,Normal
8893,CUST_533,2025-03-21 16:21:00,Dakar,Carte Bancaire,Paiement,iPhone,23695,0,0,Normal
8894,CUST_112,2025-06-19 07:58:00,Thiès,Orange Money,Paiement,iPhone,35363,0,0,Normal
8895,CUST_658,2025-06-16 13:26:00,Kaolack,Wave,Transfert,iPhone,10833,0,0,Normal
8896,CUST_952,2025-03-21 22:07:00,Kaolack,Carte Bancaire,Retrait,Android,35754,0,0,Normal
8897,CUST_868,2025-06-12 06:35:00,Saint-Louis,Orange Money,Retrait,Android,64802,0,0,Normal
8898,CUST_330,2025-02-15 14:18:00,Ziguinchor,Orange Money,Transfert,Android,34638,0,0,Normal
8899,CUST_742,2025-01-13 14:45:00,Ziguinchor,Carte Bancaire,Retrait,Android,30804,0,0,Normal
8900,CUST_589,2025-05-09 10:37:00,Ziguinchor,Orange Money,Paiement,Android,7984,30,0,Normal
8901,CUST_869,2025-04-21 13:37:00,Kaolack,Carte Bancaire,Retrait,iPhone,33163,0,0,Normal
8902,CUST_607,2025-02-10 09:55:00,Thiès,Orange Money,Transfert,iPhone,7305,0,0,Normal
8903,CUST_839,2025-05-20 13:46:00,Kaolack,Orange Money,Retrait,iPhone,61306,0,0,Normal
8904,CUST_605,2025-02-27 11:51:00,Dakar,Free Money,Transfert,iPhone,11913,0,0,Normal
8905,CUST_53,2025-05-16 16:36:00,Ziguinchor,Carte Bancaire,Paiement,iPhone,24602,0,0,Normal
8906,CUST_643,2025-04-21 02:33:00,Saint-Louis,Carte Bancaire,Retrait,iPhone,20658,25,0,Normal
8907,CUST_186,2025-03-08 15:10:00,Kaolack,Carte Bancaire,Transfert,Android,26244,0,0,Normal
8908,CUST_838,2025-03-14 06:32:00,Thiès,Free Money,Transfert,Android,10178,0,0,Normal
8909,CUST_307,2025-03-19 14:46:00,Thiès,Orange Money,Transfert,Android,9418,0,0,Normal
8910,CUST_707,2025-05-19 12:44:00,Dakar,Wave,Paiement,iPhone,23450,0,0,Normal
8911,CUST_901,2025-02-12 05:09:00,Dakar,Carte Bancaire,Paiement,iPhone,18081,0,0,Normal
8912,CUST_680,2025-01-03 17:02:00,Saint-Louis,Free Money,Retrait,iPhone,74529,0,0,Normal
8913,CUST_417,2025-01-01 14:42:00,Thiès,Free Money,Paiement,Android,39629,0,0,Normal
8914,CUST_489,2025-06-01 14:31:00,Saint-Louis,Wave,Paiement,iPhone,76542,0,0,Normal
8915,CUST_16,2025-02-08 17:24:00,Saint-Louis,Orange Money,Paiement,iPhone,37916,0,0,Normal
8916,CUST_687,2025-06-02 08:49:00,Saint-Louis,Orange Money,Transfert,iPhone,87126,35,1,Comportement suspect
8917,CUST_158,2025-04-18 15:15:00,Dakar,Free Money,Transfert,iPhone,8185,0,0,Normal
8918,CUST_661,2025-03-22 16:21:00,Ziguinchor,Free Money,Retrait,Android,28005,0,0,Normal
8919,CUST_283,2025-04-09 06:32:00,Kaolack,Free Money,Retrait,Android,12012,0,0,Normal
8920,CUST_934,2025-06-30 16:16:00,Dakar,Orange Money,Retrait,Android,26143,0,0,Normal
8921,CUST_565,2025-02-28 14:35:00,Ziguinchor,Orange Money,Paiement,iPhone,67974,0,0,Normal
8922,CUST_292,2025-05-20 03:34:00,Saint-Louis,Wave,Paiement,Android,4158,25,0,Normal
8923,CUST_956,2025-06-26 12:35:00,Saint-Louis,Wave,Retrait,iPhone,33055,0,0,Normal
8924,CUST_531,2025-06-19 13:50:00,Thiès,Carte Bancaire,Transfert,iPhone,19449,0,0,Normal
8925,CUST_974,2025-03-19 08:40:00,Dakar,Carte Bancaire,Paiement,iPhone,43211,0,0,Normal
8926,CUST_717,2025-01-11 16:40:00,Thiès,Free Money,Paiement,Android,34775,0,0,Normal
8927,CUST_432,2025-04-19 11:06:00,Ziguinchor,Free Money,Retrait,Android,21874,0,0,Normal
8928,CUST_209,2025-04-27 15:29:00,Saint-Louis,Carte Bancaire,Transfert,Android,48637,0,0,Normal
8929,CUST_412,2025-04-20 02:15:00,Dakar,Wave,Transfert,iPhone,15845,25,0,Normal
8930,CUST_46,2025-05-14 12:34:00,Thiès,Free Money,Paiement,Android,50512,0,0,Normal
8931,CUST_515,2025-01-02 04:58:00,Kaolack,Orange Money,Retrait,Android,11904,25,0,Normal
8932,CUST_46,2025-02-19 21:53:00,Thiès,Carte Bancaire,Retrait,iPhone,21600,0,0,Normal
8933,CUST_574,2025-01-17 08:20:00,Saint-Louis,Free Money,Transfert,iPhone,9903,30,0,Normal
8934,CUST_893,2025-05-24 16:58:00,Saint-Louis,Wave,Transfert,iPhone,43353,0,0,Normal
8935,CUST_365,2025-04-20 14:07:00,Saint-Louis,Wave,Paiement,iPhone,10466,0,0,Normal
8936,CUST_981,2025-04-30 15:16:00,Thiès,Wave,Paiement,iPhone,2316,0,0,Normal
8937,CUST_958,2025-06-05 08:51:00,Thiès,Orange Money,Transfert,iPhone,14558,0,0,Normal
8938,CUST_908,2025-02-13 15:14:00,Dakar,Free Money,Transfert,Android,38286,0,0,Normal
8939,CUST_654,2025-02-25 08:03:00,Ziguinchor,Free Money,Retrait,Android,9284,0,0,Normal
8940,CUST_331,2025-03-13 15:25:00,Kaolack,Wave,Paiement,Android,2766,0,0,Normal
8941,CUST_576,2025-03-02 17:09:00,Kaolack,Wave,Retrait,iPhone,30683,0,0,Normal
8942,CUST_63,2025-06-24 14:59:00,Kaolack,Orange Money,Paiement,iPhone,27900,0,0,Normal
8943,CUST_423,2025-06-22 09:18:00,Kaolack,Carte Bancaire,Retrait,Android,26382,0,0,Normal
8944,CUST_604,2025-05-07 12:30:00,Kaolack,Wave,Paiement,Android,12135,0,0,Normal
8945,CUST_194,2025-02-04 08:01:00,Thiès,Orange Money,Retrait,Android,11473,0,0,Normal
8946,CUST_305,2025-02-19 06:30:00,Kaolack,Orange Money,Retrait,iPhone,20300,0,0,Normal
8947,CUST_537,2025-03-09 13:47:00,Thiès,Carte Bancaire,Transfert,Android,6695,0,0,Normal
8948,CUST_136,2025-06-24 11:03:00,Dakar,Orange Money,Transfert,iPhone,41832,0,0,Normal
8949,CUST_652,2025-03-08 01:07:00,Thiès,Carte Bancaire,Transfert,Android,2339,25,0,Normal
8950,CUST_382,2025-02-10 14:57:00,Dakar,Wave,Retrait,iPhone,1288,0,0,Normal
8951,CUST_882,2025-05-25 13:59:00,Thiès,Wave,Transfert,iPhone,10870,0,0,Normal
8952,CUST_66,2025-05-20 07:36:00,Kaolack,Wave,Paiement,Android,18926,0,0,Normal
8953,CUST_2,2025-03-27 14:47:00,Kaolack,Carte Bancaire,Paiement,iPhone,15103,0,0,Normal
8954,CUST_824,2025-03-29 05:53:00,Kaolack,Carte Bancaire,Transfert,Android,500,0,0,Normal
8955,CUST_219,2025-01-16 14:14:00,Kaolack,Carte Bancaire,Retrait,Android,64989,30,0,Normal
8956,CUST_597,2025-06-20 06:48:00,Saint-Louis,Orange Money,Retrait,Android,52217,0,0,Normal
8957,CUST_892,2025-03-28 18:08:00,Thiès,Orange Money,Paiement,iPhone,3970,0,0,Normal
8958,CUST_652,2025-02-03 14:07:00,Dakar,Orange Money,Transfert,Android,6709,35,1,Comportement suspect
8959,CUST_141,2025-05-30 11:33:00,Thiès,Free Money,Retrait,Android,12045,0,0,Normal
8960,CUST_922,2025-03-25 18:42:00,Saint-Louis,Orange Money,Retrait,iPhone,44826,0,0,Normal
8961,CUST_582,2025-03-13 21:42:00,Dakar,Free Money,Paiement,Android,28576,0,0,Normal
8962,CUST_272,2025-02-21 08:05:00,Thiès,Orange Money,Retrait,iPhone,10979,0,0,Normal
8963,CUST_797,2025-04-25 13:44:00,Thiès,Wave,Transfert,Android,30215,0,0,Normal
8964,CUST_440,2025-02-28 16:56:00,Dakar,Free Money,Transfert,Android,1470,0,0,Normal
8965,CUST_111,2025-04-22 08:01:00,Thiès,Carte Bancaire,Paiement,Android,18601,0,0,Normal
8966,CUST_556,2025-03-17 13:19:00,Thiès,Orange Money,Retrait,Android,46908,0,0,Normal
8967,CUST_65,2025-05-04 23:41:00,Saint-Louis,Wave,Retrait,Android,39876,0,0,Normal
8968,CUST_436,2025-02-12 08:22:00,Ziguinchor,Carte Bancaire,Paiement,iPhone,27777,35,1,Comportement suspect
8969,CUST_47,2025-03-24 11:07:00,Kaolack,Orange Money,Retrait,iPhone,4791,0,0,Normal
8970,CUST_917,2025-02-24 11:46:00,Saint-Louis,Wave,Retrait,iPhone,69491,0,0,Normal
8971,CUST_30,2025-05-31 19:13:00,Kaolack,Carte Bancaire,Retrait,iPhone,61829,0,0,Normal
8972,CUST_861,2025-01-19 15:06:00,Kaolack,Orange Money,Paiement,iPhone,500,35,1,Comportement suspect
8973,CUST_436,2025-01-03 18:44:00,Thiès,Wave,Paiement,iPhone,25119,0,0,Normal
8974,CUST_303,2025-06-24 09:17:00,Ziguinchor,Carte Bancaire,Paiement,Android,50120,30,0,Normal
8975,CUST_10,2025-01-29 12:48:00,Ziguinchor,Free Money,Paiement,Android,46230,0,0,Normal
8976,CUST_556,2025-04-26 13:21:00,Thiès,Free Money,Transfert,iPhone,28925,30,0,Normal
8977,CUST_508,2025-03-16 16:52:00,Dakar,Carte Bancaire,Transfert,iPhone,47191,0,0,Normal
8978,CUST_104,2025-03-15 18:39:00,Dakar,Carte Bancaire,Retrait,Android,25362,0,0,Normal
8979,CUST_933,2025-01-10 13:06:00,Dakar,Free Money,Paiement,Android,50631,0,0,Normal
8980,CUST_313,2025-01-28 08:16:00,Thiès,Wave,Retrait,iPhone,16411,0,0,Normal
8981,CUST_600,2025-02-02 18:12:00,Saint-Louis,Carte Bancaire,Paiement,Android,2545,0,0,Normal
8982,CUST_425,2025-06-26 20:02:00,Ziguinchor,Carte Bancaire,Retrait,iPhone,14648,0,0,Normal
8983,CUST_264,2025-04-28 08:02:00,Kaolack,Orange Money,Paiement,iPhone,30524,0,0,Normal
8984,CUST_878,2025-02-17 12:44:00,Thiès,Free Money,Paiement,iPhone,35219,0,0,Normal
8985,CUST_389,2025-04-26 11:01:00,Dakar,Carte Bancaire,Retrait,Android,24160,0,0,Normal
8986,CUST_450,2025-01-23 05:08:00,Saint-Louis,Free Money,Paiement,iPhone,15457,35,1,Comportement suspect
8987,CUST_127,2025-03-04 09:42:00,Dakar,Orange Money,Retrait,iPhone,41828,0,0,Normal
8988,CUST_930,2025-03-21 16:20:00,Saint-Louis,Free Money,Paiement,Android,39497,0,0,Normal
8989,CUST_276,2025-03-09 17:48:00,Ziguinchor,Carte Bancaire,Transfert,iPhone,11378,0,0,Normal
8990,CUST_168,2025-06-27 07:44:00,Kaolack,Carte Bancaire,Paiement,iPhone,41858,0,0,Normal
8991,CUST_29,2025-05-28 15:12:00,Saint-Louis,Carte Bancaire,Transfert,Android,31960,0,0,Normal
8992,CUST_940,2025-06-28 10:43:00,Kaolack,Free Money,Paiement,iPhone,20146,0,0,Normal
8993,CUST_760,2025-03-23 11:16:00,Saint-Louis,Carte Bancaire,Paiement,iPhone,41985,0,0,Normal
8994,CUST_990,2025-04-21 08:21:00,Thiès,Free Money,Paiement,iPhone,6371,0,0,Normal
8995,CUST_950,2025-04-19 06:35:00,Kaolack,Carte Bancaire,Paiement,Android,15083,0,0,Normal
8996,CUST_326,2025-02-26 15:54:00,Dakar,Orange Money,Retrait,iPhone,37874,0,0,Normal
8997,CUST_620,2025-03-31 10:54:00,Thiès,Carte Bancaire,Retrait,iPhone,4945,0,0,Normal
8998,CUST_775,2025-04-28 08:36:00,Dakar,Wave,Retrait,Android,7575,0,0,Normal
8999,CUST_125,2025-02-20 12:07:00,Kaolack,Orange Money,Transfert,iPhone,24178,0,0,Normal
9000,CUST_154,2025-05-16 13:48:00,Kaolack,Free Money,Transfert,iPhone,12510,0,0,Normal
9001,CUST_440,2025-01-06 16:37:00,Saint-Louis,Wave,Paiement,iPhone,7221,35,1,Comportement suspect
9002,CUST_64,2025-04-23 17:59:00,Dakar,Wave,Paiement,Android,35373,0,0,Normal
9003,CUST_614,2025-06-29 04:19:00,Saint-Louis,Free Money,Transfert,Android,4236,25,0,Normal
9004,CUST_851,2025-02-14 13:58:00,Ziguinchor,Orange Money,Retrait,Android,43120,0,0,Normal
9005,CUST_808,2025-05-19 09:39:00,Dakar,Carte Bancaire,Paiement,iPhone,6959,0,0,Normal
9006,CUST_563,2025-02-18 13:51:00,Dakar,Carte Bancaire,Paiement,iPhone,9847,0,0,Normal
9007,CUST_520,2025-05-17 12:36:00,Ziguinchor,Carte Bancaire,Paiement,iPhone,53746,0,0,Normal
9008,CUST_241,2025-01-21 07:51:00,Thiès,Wave,Retrait,Android,25120,0,0,Normal
9009,CUST_741,2025-04-27 23:26:00,Kaolack,Carte Bancaire,Paiement,Android,16998,30,0,Normal
9010,CUST_226,2025-05-04 10:15:00,Ziguinchor,Orange Money,Transfert,iPhone,13723,0,0,Normal
9011,CUST_287,2025-01-14 17:44:00,Ziguinchor,Orange Money,Retrait,iPhone,27684,0,0,Normal
9012,CUST_892,2025-06-07 08:14:00,Thiès,Wave,Paiement,Android,5408,0,0,Normal
9013,CUST_265,2025-04-25 15:48:00,Kaolack,Carte Bancaire,Transfert,iPhone,32230,0,0,Normal
9014,CUST_760,2025-04-30 21:34:00,Saint-Louis,Carte Bancaire,Paiement,Android,34622,0,0,Normal
9015,CUST_913,2025-05-10 16:52:00,Kaolack,Orange Money,Retrait,iPhone,5860,0,0,Normal
9016,CUST_269,2025-05-19 11:47:00,Kaolack,Free Money,Paiement,Android,10954,0,0,Normal
9017,CUST_494,2025-04-10 12:54:00,Thiès,Free Money,Paiement,iPhone,4034,0,0,Normal
9018,CUST_130,2025-03-11 15:40:00,Dakar,Free Money,Paiement,iPhone,16350,0,0,Normal
9019,CUST_442,2025-02-03 15:20:00,Ziguinchor,Carte Bancaire,Paiement,Android,11822,0,0,Normal
9020,CUST_169,2025-03-01 16:31:00,Thiès,Free Money,Transfert,Android,37681,0,0,Normal
9021,CUST_391,2025-04-10 08:04:00,Kaolack,Wave,Paiement,iPhone,11815,0,0,Normal
9022,CUST_319,2025-04-26 15:56:00,Kaolack,Carte Bancaire,Retrait,Android,69356,0,0,Normal
9023,CUST_842,2025-02-26 07:23:00,Saint-Louis,Wave,Retrait,Android,5382,0,0,Normal
9024,CUST_434,2025-04-08 10:55:00,Dakar,Free Money,Paiement,Android,75892,35,1,Comportement suspect
9025,CUST_738,2025-02-19 03:03:00,Ziguinchor,Wave,Paiement,iPhone,48319,25,0,Normal
9026,CUST_531,2025-04-30 16:38:00,Thiès,Free Money,Paiement,Android,16950,0,0,Normal
9027,CUST_979,2025-02-07 21:39:00,Thiès,Orange Money,Retrait,iPhone,27797,0,0,Normal
9028,CUST_489,2025-01-15 18:23:00,Saint-Louis,Carte Bancaire,Paiement,Android,23183,0,0,Normal
9029,CUST_221,2025-06-14 18:23:00,Kaolack,Carte Bancaire,Paiement,iPhone,16111,0,0,Normal
9030,CUST_101,2025-06-03 10:19:00,Thiès,Wave,Retrait,Android,8674,35,1,Comportement suspect
9031,CUST_125,2025-06-06 07:23:00,Kaolack,Free Money,Retrait,Android,16635,0,0,Normal
9032,CUST_833,2025-02-06 12:22:00,Saint-Louis,Carte Bancaire,Retrait,iPhone,25233,0,0,Normal
9033,CUST_413,2025-01-21 16:13:00,Kaolack,Wave,Paiement,Android,19593,0,0,Normal
9034,CUST_493,2025-03-08 10:33:00,Saint-Louis,Free Money,Retrait,iPhone,37697,30,0,Normal
9035,CUST_92,2025-01-25 21:46:00,Saint-Louis,Orange Money,Paiement,iPhone,5998,0,0,Normal
9036,CUST_547,2025-06-28 14:03:00,Saint-Louis,Carte Bancaire,Transfert,iPhone,20239,0,0,Normal
9037,CUST_52,2025-03-26 13:56:00,Kaolack,Carte Bancaire,Retrait,iPhone,500,0,0,Normal
9038,CUST_933,2025-01-19 23:04:00,Dakar,Free Money,Transfert,iPhone,13307,0,0,Normal
9039,CUST_185,2025-06-04 17:15:00,Saint-Louis,Carte Bancaire,Transfert,iPhone,8693,0,0,Normal
9040,CUST_471,2025-06-06 09:21:00,Kaolack,Orange Money,Transfert,iPhone,31909,0,0,Normal
9041,CUST_135,2025-01-24 15:53:00,Dakar,Orange Money,Paiement,iPhone,5454,0,0,Normal
9042,CUST_934,2025-06-19 14:42:00,Dakar,Free Money,Paiement,iPhone,21865,0,0,Normal
9043,CUST_113,2025-04-26 10:41:00,Ziguinchor,Free Money,Paiement,iPhone,31488,0,0,Normal
9044,CUST_987,2025-06-11 10:46:00,Thiès,Orange Money,Paiement,iPhone,51529,0,0,Normal
9045,CUST_177,2025-03-24 01:06:00,Kaolack,Wave,Paiement,Android,9720,25,0,Normal
9046,CUST_891,2025-05-23 11:27:00,Dakar,Orange Money,Retrait,iPhone,5320,0,0,Normal
9047,CUST_699,2025-03-06 14:52:00,Dakar,Carte Bancaire,Paiement,Android,4261,0,0,Normal
9048,CUST_685,2025-04-03 15:50:00,Dakar,Wave,Transfert,iPhone,12366,0,0,Normal
9049,CUST_170,2025-03-28 15:32:00,Saint-Louis,Wave,Paiement,Android,21966,0,0,Normal
9050,CUST_256,2025-03-30 00:52:00,Thiès,Carte Bancaire,Retrait,iPhone,40283,0,0,Normal
9051,CUST_115,2025-03-26 15:01:00,Saint-Louis,Orange Money,Transfert,Android,2315,0,0,Normal
9052,CUST_180,2025-05-24 10:13:00,Dakar,Free Money,Retrait,iPhone,46436,0,0,Normal
9053,CUST_485,2025-02-16 09:49:00,Kaolack,Wave,Paiement,Android,30705,0,0,Normal
9054,CUST_336,2025-02-25 18:50:00,Ziguinchor,Orange Money,Paiement,iPhone,67760,0,0,Normal
9055,CUST_504,2025-03-14 09:04:00,Saint-Louis,Wave,Retrait,Android,43215,0,0,Normal
9056,CUST_957,2025-02-08 15:22:00,Dakar,Wave,Retrait,iPhone,52807,0,0,Normal
9057,CUST_385,2025-05-19 14:18:00,Saint-Louis,Free Money,Transfert,Android,48270,35,1,Comportement suspect
9058,CUST_272,2025-02-08 12:30:00,Thiès,Free Money,Retrait,iPhone,13150,0,0,Normal
9059,CUST_845,2025-05-03 19:16:00,Kaolack,Free Money,Retrait,Android,23012,0,0,Normal
9060,CUST_531,2025-01-26 21:03:00,Thiès,Free Money,Paiement,iPhone,9690,0,0,Normal
9061,CUST_708,2025-03-25 05:17:00,Kaolack,Free Money,Paiement,Android,39820,0,0,Normal
9062,CUST_537,2025-03-16 01:24:00,Thiès,Carte Bancaire,Paiement,Android,18157,25,0,Normal
9063,CUST_791,2025-04-15 17:32:00,Kaolack,Wave,Paiement,iPhone,16887,0,0,Normal
9064,CUST_511,2025-06-24 15:32:00,Thiès,Carte Bancaire,Paiement,iPhone,47199,0,0,Normal
9065,CUST_414,2025-01-10 21:17:00,Thiès,Orange Money,Transfert,iPhone,44321,0,0,Normal
9066,CUST_676,2025-05-24 19:41:00,Saint-Louis,Orange Money,Paiement,Android,37359,0,0,Normal
9067,CUST_966,2025-03-22 02:59:00,Dakar,Orange Money,Paiement,iPhone,51091,25,0,Normal
9068,CUST_225,2025-01-29 15:26:00,Saint-Louis,Wave,Retrait,Android,77728,0,0,Normal
9069,CUST_903,2025-05-02 18:35:00,Ziguinchor,Orange Money,Transfert,iPhone,16545,0,0,Normal
9070,CUST_281,2025-05-20 07:16:00,Thiès,Orange Money,Transfert,iPhone,22247,0,0,Normal
9071,CUST_382,2025-04-06 14:00:00,Dakar,Free Money,Retrait,Android,3931,0,0,Normal
9072,CUST_96,2025-06-25 10:39:00,Saint-Louis,Free Money,Retrait,Android,21108,0,0,Normal
9073,CUST_178,2025-02-19 06:06:00,Kaolack,Wave,Paiement,iPhone,48806,0,0,Normal
9074,CUST_664,2025-06-04 21:23:00,Ziguinchor,Free Money,Paiement,iPhone,45454,0,0,Normal
9075,CUST_836,2025-01-17 13:41:00,Kaolack,Free Money,Paiement,iPhone,11698,0,0,Normal
9076,CUST_846,2025-06-01 15:09:00,Ziguinchor,Orange Money,Retrait,Android,16891,0,0,Normal
9077,CUST_832,2025-02-08 16:07:00,Ziguinchor,Carte Bancaire,Retrait,Android,5025,0,0,Normal
9078,CUST_661,2025-02-15 14:12:00,Ziguinchor,Carte Bancaire,Retrait,iPhone,38571,0,0,Normal
9079,CUST_233,2025-01-30 09:50:00,Saint-Louis,Orange Money,Transfert,Android,31461,0,0,Normal
9080,CUST_403,2025-02-26 14:29:00,Dakar,Wave,Paiement,iPhone,17627,0,0,Normal
9081,CUST_273,2025-05-07 15:06:00,Saint-Louis,Wave,Transfert,iPhone,18464,0,0,Normal
9082,CUST_957,2025-01-15 11:25:00,Dakar,Wave,Transfert,iPhone,30379,0,0,Normal
9083,CUST_486,2025-01-09 11:20:00,Thiès,Carte Bancaire,Transfert,iPhone,71423,0,0,Normal
9084,CUST_866,2025-04-23 14:52:00,Dakar,Free Money,Transfert,Android,64027,0,0,Normal
9085,CUST_81,2025-04-25 12:42:00,Thiès,Free Money,Paiement,iPhone,24628,0,0,Normal
9086,CUST_117,2025-03-03 11:13:00,Dakar,Free Money,Paiement,iPhone,10399,0,0,Normal
9087,CUST_336,2025-05-13 08:07:00,Ziguinchor,Free Money,Paiement,Android,25000,0,0,Normal
9088,CUST_754,2025-06-14 07:38:00,Ziguinchor,Wave,Retrait,iPhone,3635,0,0,Normal
9089,CUST_149,2025-04-27 21:27:00,Saint-Louis,Orange Money,Retrait,iPhone,23776,0,0,Normal
9090,CUST_535,2025-05-23 19:50:00,Ziguinchor,Carte Bancaire,Transfert,iPhone,2101,0,0,Normal
9091,CUST_456,2025-01-22 19:22:00,Kaolack,Carte Bancaire,Paiement,iPhone,20881,0,0,Normal
9092,CUST_508,2025-02-03 09:34:00,Dakar,Wave,Transfert,Android,7651,0,0,Normal
9093,CUST_382,2025-03-12 09:00:00,Dakar,Free Money,Retrait,iPhone,5539,0,0,Normal
9094,CUST_774,2025-05-13 05:19:00,Dakar,Wave,Paiement,iPhone,6152,0,0,Normal
9095,CUST_594,2025-06-29 10:25:00,Saint-Louis,Wave,Transfert,iPhone,63297,0,0,Normal
9096,CUST_570,2025-01-13 08:34:00,Saint-Louis,Carte Bancaire,Retrait,iPhone,3205,0,0,Normal
9097,CUST_674,2025-05-01 17:41:00,Thiès,Wave,Retrait,Android,17993,0,0,Normal
9098,CUST_826,2025-01-08 16:54:00,Saint-Louis,Wave,Paiement,iPhone,12625,0,0,Normal
9099,CUST_279,2025-05-08 10:48:00,Saint-Louis,Wave,Paiement,Android,42656,30,0,Normal
9100,CUST_408,2025-06-12 02:46:00,Dakar,Carte Bancaire,Transfert,Android,16610,25,0,Normal
9101,CUST_422,2025-05-22 13:45:00,Thiès,Orange Money,Paiement,iPhone,30250,0,0,Normal
9102,CUST_481,2025-06-14 19:10:00,Kaolack,Wave,Retrait,Android,42073,0,0,Normal
9103,CUST_506,2025-03-28 09:53:00,Kaolack,Wave,Transfert,Android,31340,0,0,Normal
9104,CUST_754,2025-02-09 14:52:00,Ziguinchor,Wave,Transfert,Android,9066,0,0,Normal
9105,CUST_715,2025-06-17 10:09:00,Dakar,Wave,Retrait,iPhone,69066,0,0,Normal
9106,CUST_129,2025-01-10 17:28:00,Saint-Louis,Carte Bancaire,Paiement,iPhone,5775,0,0,Normal
9107,CUST_253,2025-06-21 17:15:00,Thiès,Orange Money,Retrait,Android,7676,0,0,Normal
9108,CUST_684,2025-06-07 09:31:00,Dakar,Free Money,Retrait,iPhone,27101,0,0,Normal
9109,CUST_783,2025-01-27 12:41:00,Thiès,Carte Bancaire,Transfert,iPhone,7553,0,0,Normal
9110,CUST_200,2025-04-07 17:21:00,Ziguinchor,Free Money,Retrait,Android,11700,30,0,Normal
9111,CUST_280,2025-04-17 10:12:00,Thiès,Orange Money,Transfert,iPhone,18145,0,0,Normal
9112,CUST_863,2025-01-04 08:50:00,Dakar,Wave,Paiement,Android,6342,0,0,Normal
9113,CUST_156,2025-02-06 08:06:00,Dakar,Carte Bancaire,Paiement,Android,61711,0,0,Normal
9114,CUST_862,2025-04-30 04:23:00,Kaolack,Carte Bancaire,Paiement,Android,16229,25,0,Normal
9115,CUST_64,2025-02-02 11:42:00,Dakar,Orange Money,Transfert,iPhone,42384,0,0,Normal
9116,CUST_457,2025-06-25 08:44:00,Kaolack,Carte Bancaire,Transfert,iPhone,5254,0,0,Normal
9117,CUST_509,2025-01-07 16:11:00,Ziguinchor,Orange Money,Paiement,iPhone,13308,0,0,Normal
9118,CUST_356,2025-01-11 11:33:00,Ziguinchor,Free Money,Retrait,iPhone,7510,0,0,Normal
9119,CUST_589,2025-02-18 13:12:00,Ziguinchor,Orange Money,Paiement,iPhone,39427,0,0,Normal
9120,CUST_792,2025-04-17 18:53:00,Dakar,Carte Bancaire,Transfert,Android,29289,35,1,Comportement suspect
9121,CUST_200,2025-04-14 17:45:00,Ziguinchor,Carte Bancaire,Retrait,Android,16341,0,0,Normal
9122,CUST_914,2025-01-29 11:57:00,Thiès,Wave,Retrait,Android,8515,0,0,Normal
9123,CUST_638,2025-02-11 06:53:00,Saint-Louis,Orange Money,Retrait,Android,28801,0,0,Normal
9124,CUST_975,2025-03-29 07:46:00,Saint-Louis,Free Money,Transfert,Android,13108,0,0,Normal
9125,CUST_856,2025-02-10 17:10:00,Ziguinchor,Carte Bancaire,Paiement,iPhone,1593,0,0,Normal
9126,CUST_209,2025-02-21 09:21:00,Saint-Louis,Carte Bancaire,Retrait,Android,33030,0,0,Normal
9127,CUST_872,2025-01-16 19:48:00,Ziguinchor,Wave,Retrait,iPhone,23838,0,0,Normal
9128,CUST_233,2025-06-06 10:32:00,Saint-Louis,Free Money,Paiement,iPhone,19518,0,0,Normal
9129,CUST_274,2025-01-12 13:21:00,Dakar,Orange Money,Retrait,iPhone,41049,0,0,Normal
9130,CUST_434,2025-04-28 14:37:00,Ziguinchor,Free Money,Paiement,Android,28018,0,0,Normal
9131,CUST_41,2025-06-16 07:49:00,Saint-Louis,Free Money,Retrait,Android,27644,0,0,Normal
9132,CUST_811,2025-05-29 14:34:00,Dakar,Carte Bancaire,Paiement,Android,29712,0,0,Normal
9133,CUST_60,2025-01-17 13:58:00,Thiès,Orange Money,Transfert,iPhone,3551,0,0,Normal
9134,CUST_198,2025-02-24 14:27:00,Dakar,Free Money,Retrait,Android,4929,0,0,Normal
9135,CUST_988,2025-03-12 14:19:00,Kaolack,Orange Money,Retrait,iPhone,41057,0,0,Normal
9136,CUST_831,2025-04-03 14:03:00,Ziguinchor,Wave,Paiement,iPhone,24817,0,0,Normal
9137,CUST_141,2025-06-06 17:29:00,Thiès,Free Money,Transfert,iPhone,36651,0,0,Normal
9138,CUST_975,2025-02-14 16:33:00,Saint-Louis,Orange Money,Retrait,Android,11181,0,0,Normal
9139,CUST_779,2025-05-08 06:45:00,Thiès,Wave,Transfert,iPhone,76356,0,0,Normal
9140,CUST_576,2025-02-22 10:26:00,Kaolack,Carte Bancaire,Retrait,Android,25373,0,0,Normal
9141,CUST_817,2025-03-16 15:23:00,Kaolack,Free Money,Retrait,iPhone,49780,0,0,Normal
9142,CUST_380,2025-01-16 11:59:00,Thiès,Wave,Transfert,Android,32114,0,0,Normal
9143,CUST_293,2025-06-11 08:36:00,Thiès,Free Money,Paiement,Android,43060,0,0,Normal
9144,CUST_598,2025-02-08 09:55:00,Ziguinchor,Wave,Paiement,iPhone,19587,0,0,Normal
9145,CUST_279,2025-01-15 08:34:00,Saint-Louis,Orange Money,Paiement,iPhone,8165,0,0,Normal
9146,CUST_370,2025-04-16 18:33:00,Kaolack,Carte Bancaire,Paiement,iPhone,42200,0,0,Normal
9147,CUST_210,2025-04-06 14:57:00,Dakar,Free Money,Transfert,Android,73010,0,0,Normal
9148,CUST_904,2025-04-11 15:18:00,Dakar,Wave,Paiement,Android,18729,35,1,Comportement suspect
9149,CUST_201,2025-04-18 10:21:00,Kaolack,Carte Bancaire,Transfert,iPhone,26787,0,0,Normal
9150,CUST_15,2025-03-05 11:22:00,Saint-Louis,Carte Bancaire,Paiement,iPhone,12380,0,0,Normal
9151,CUST_63,2025-03-03 09:44:00,Kaolack,Carte Bancaire,Retrait,Android,4435,0,0,Normal
9152,CUST_318,2025-04-10 16:00:00,Kaolack,Carte Bancaire,Transfert,iPhone,15736,0,0,Normal
9153,CUST_344,2025-04-12 09:58:00,Ziguinchor,Orange Money,Paiement,Android,108712,0,0,Normal
9154,CUST_255,2025-01-10 09:44:00,Thiès,Free Money,Retrait,Android,28697,0,0,Normal
9155,CUST_284,2025-05-04 08:21:00,Saint-Louis,Carte Bancaire,Paiement,Android,9219,0,0,Normal
9156,CUST_8,2025-03-24 04:05:00,Thiès,Carte Bancaire,Paiement,Android,12608,25,0,Normal
9157,CUST_916,2025-06-08 14:27:00,Ziguinchor,Free Money,Retrait,Android,36595,0,0,Normal
9158,CUST_729,2025-06-07 16:56:00,Kaolack,Free Money,Retrait,Android,38204,0,0,Normal
9159,CUST_678,2025-03-20 16:02:00,Saint-Louis,Carte Bancaire,Transfert,iPhone,14063,0,0,Normal
9160,CUST_861,2025-04-25 03:30:00,Ziguinchor,Free Money,Paiement,Android,36751,25,0,Normal
9161,CUST_108,2025-02-17 10:04:00,Dakar,Carte Bancaire,Retrait,Android,18125,0,0,Normal
9162,CUST_948,2025-02-11 15:53:00,Ziguinchor,Carte Bancaire,Transfert,Android,12452,0,0,Normal
9163,CUST_438,2025-01-15 14:22:00,Dakar,Orange Money,Retrait,Android,14768,0,0,Normal
9164,CUST_19,2025-04-13 13:30:00,Thiès,Wave,Transfert,Android,60700,0,0,Normal
9165,CUST_471,2025-03-03 12:15:00,Kaolack,Free Money,Retrait,Android,34697,30,0,Normal
9166,CUST_254,2025-06-04 07:44:00,Saint-Louis,Carte Bancaire,Paiement,Android,55745,0,0,Normal
9167,CUST_375,2025-05-15 11:04:00,Kaolack,Carte Bancaire,Transfert,Android,46680,0,0,Normal
9168,CUST_21,2025-01-05 10:57:00,Dakar,Free Money,Retrait,iPhone,40117,0,0,Normal
9169,CUST_538,2025-03-25 07:27:00,Saint-Louis,Free Money,Paiement,iPhone,31937,0,0,Normal
9170,CUST_786,2025-03-26 17:48:00,Dakar,Free Money,Retrait,Android,26480,0,0,Normal
9171,CUST_886,2025-05-25 00:10:00,Saint-Louis,Free Money,Retrait,Android,78066,0,0,Normal
9172,CUST_825,2025-04-11 11:04:00,Dakar,Orange Money,Retrait,iPhone,36961,0,0,Normal
9173,CUST_547,2025-06-08 18:38:00,Saint-Louis,Free Money,Paiement,iPhone,26950,0,0,Normal
9174,CUST_521,2025-05-16 17:45:00,Kaolack,Orange Money,Retrait,Android,13361,0,0,Normal
9175,CUST_974,2025-03-22 15:56:00,Dakar,Orange Money,Transfert,iPhone,31301,0,0,Normal
9176,CUST_526,2025-05-08 06:28:00,Thiès,Free Money,Retrait,iPhone,13601,0,0,Normal
9177,CUST_662,2025-05-24 11:38:00,Ziguinchor,Carte Bancaire,Transfert,Android,9694,0,0,Normal
9178,CUST_913,2025-06-10 14:17:00,Kaolack,Carte Bancaire,Retrait,Android,2565,0,0,Normal
9179,CUST_189,2025-05-18 04:55:00,Thiès,Wave,Paiement,iPhone,39665,25,0,Normal
9180,CUST_634,2025-02-23 09:58:00,Kaolack,Carte Bancaire,Paiement,iPhone,43039,0,0,Normal
9181,CUST_327,2025-03-05 16:51:00,Dakar,Wave,Retrait,iPhone,12280,0,0,Normal
9182,CUST_688,2025-03-22 16:32:00,Thiès,Carte Bancaire,Paiement,Android,31581,30,0,Normal
9183,CUST_130,2025-06-17 10:54:00,Dakar,Carte Bancaire,Transfert,Android,30494,0,0,Normal
9184,CUST_480,2025-04-21 04:28:00,Ziguinchor,Carte Bancaire,Retrait,iPhone,20209,25,0,Normal
9185,CUST_538,2025-03-13 08:11:00,Saint-Louis,Free Money,Retrait,iPhone,25715,0,0,Normal
9186,CUST_550,2025-03-30 16:16:00,Dakar,Orange Money,Transfert,iPhone,13354,0,0,Normal
9187,CUST_825,2025-03-14 09:12:00,Dakar,Wave,Transfert,Android,22353,0,0,Normal
9188,CUST_375,2025-03-06 04:16:00,Kaolack,Wave,Transfert,iPhone,44780,25,0,Normal
9189,CUST_92,2025-06-09 08:27:00,Saint-Louis,Orange Money,Retrait,Android,5301,0,0,Normal
9190,CUST_400,2025-06-08 06:16:00,Ziguinchor,Wave,Paiement,iPhone,17257,0,0,Normal
9191,CUST_390,2025-02-17 08:52:00,Kaolack,Free Money,Paiement,iPhone,58870,0,0,Normal
9192,CUST_624,2025-04-11 12:27:00,Kaolack,Orange Money,Paiement,iPhone,63666,0,0,Normal
9193,CUST_774,2025-03-19 12:07:00,Dakar,Wave,Transfert,iPhone,4376,0,0,Normal
9194,CUST_277,2025-06-24 11:56:00,Ziguinchor,Carte Bancaire,Paiement,iPhone,41540,0,0,Normal
9195,CUST_55,2025-05-20 03:45:00,Dakar,Free Money,Retrait,Android,6971,25,0,Normal
9196,CUST_146,2025-04-14 18:54:00,Dakar,Wave,Retrait,iPhone,26014,0,0,Normal
9197,CUST_679,2025-04-03 07:11:00,Saint-Louis,Orange Money,Transfert,iPhone,6085,0,0,Normal
9198,CUST_634,2025-04-04 11:04:00,Kaolack,Free Money,Paiement,Android,73846,0,0,Normal
9199,CUST_613,2025-05-26 22:55:00,Saint-Louis,Orange Money,Paiement,Android,14629,0,0,Normal
9200,CUST_63,2025-03-07 12:25:00,Kaolack,Free Money,Paiement,iPhone,66566,0,0,Normal
9201,CUST_338,2025-03-12 00:29:00,Thiès,Orange Money,Paiement,Android,17726,0,0,Normal
9202,CUST_844,2025-02-04 13:35:00,Saint-Louis,Orange Money,Paiement,iPhone,23355,0,0,Normal
9203,CUST_813,2025-02-24 14:57:00,Dakar,Wave,Transfert,iPhone,19279,0,0,Normal
9204,CUST_267,2025-01-08 10:15:00,Thiès,Wave,Paiement,Android,32543,0,0,Normal
9205,CUST_277,2025-02-25 15:09:00,Ziguinchor,Wave,Retrait,Android,31629,0,0,Normal
9206,CUST_27,2025-02-16 12:16:00,Saint-Louis,Carte Bancaire,Transfert,iPhone,5409,0,0,Normal
9207,CUST_287,2025-06-19 11:13:00,Kaolack,Wave,Paiement,Android,8143,65,1,Comportement suspect
9208,CUST_413,2025-03-09 14:56:00,Kaolack,Free Money,Transfert,iPhone,11790,0,0,Normal
9209,CUST_559,2025-02-13 14:46:00,Saint-Louis,Carte Bancaire,Retrait,iPhone,25568,0,0,Normal
9210,CUST_95,2025-02-21 17:07:00,Ziguinchor,Orange Money,Paiement,iPhone,31537,0,0,Normal
9211,CUST_960,2025-05-12 14:18:00,Ziguinchor,Wave,Transfert,Android,15921,0,0,Normal
9212,CUST_409,2025-06-02 15:10:00,Ziguinchor,Orange Money,Transfert,iPhone,8577,0,0,Normal
9213,CUST_168,2025-04-02 09:34:00,Kaolack,Free Money,Transfert,Android,37388,0,0,Normal
9214,CUST_953,2025-03-11 10:23:00,Saint-Louis,Wave,Transfert,Android,12239,0,0,Normal
9215,CUST_487,2025-03-01 09:00:00,Kaolack,Orange Money,Retrait,iPhone,19546,0,0,Normal
9216,CUST_463,2025-01-28 15:12:00,Thiès,Carte Bancaire,Transfert,iPhone,10420,0,0,Normal
9217,CUST_328,2025-02-25 09:15:00,Thiès,Wave,Retrait,iPhone,48137,0,0,Normal
9218,CUST_504,2025-06-11 08:32:00,Saint-Louis,Free Money,Transfert,iPhone,14901,0,0,Normal
9219,CUST_845,2025-06-16 16:34:00,Kaolack,Wave,Transfert,Android,30667,0,0,Normal
9220,CUST_827,2025-06-16 14:10:00,Kaolack,Wave,Transfert,iPhone,7944,0,0,Normal
9221,CUST_690,2025-04-13 09:58:00,Kaolack,Free Money,Paiement,Android,7968,0,0,Normal
9222,CUST_307,2025-05-09 12:33:00,Thiès,Free Money,Transfert,iPhone,2922,0,0,Normal
9223,CUST_991,2025-02-15 10:29:00,Ziguinchor,Free Money,Retrait,iPhone,7783,0,0,Normal
9224,CUST_882,2025-03-27 13:32:00,Thiès,Wave,Retrait,Android,7476,0,0,Normal
9225,CUST_485,2025-03-23 08:40:00,Kaolack,Free Money,Paiement,iPhone,13557,0,0,Normal
9226,CUST_959,2025-03-20 03:13:00,Ziguinchor,Wave,Paiement,Android,50647,25,0,Normal
9227,CUST_824,2025-01-29 20:23:00,Kaolack,Free Money,Transfert,iPhone,83473,0,0,Normal
9228,CUST_181,2025-01-10 11:08:00,Ziguinchor,Orange Money,Transfert,iPhone,48554,0,0,Normal
9229,CUST_920,2025-05-17 22:08:00,Kaolack,Carte Bancaire,Retrait,iPhone,16407,0,0,Normal
9230,CUST_576,2025-01-07 11:22:00,Kaolack,Free Money,Paiement,Android,44649,0,0,Normal
9231,CUST_747,2025-04-28 10:13:00,Thiès,Carte Bancaire,Retrait,Android,993,0,0,Normal
9232,CUST_738,2025-06-24 15:47:00,Ziguinchor,Free Money,Transfert,Android,42533,0,0,Normal
9233,CUST_644,2025-03-24 10:59:00,Kaolack,Free Money,Retrait,iPhone,20053,0,0,Normal
9234,CUST_500,2025-05-29 17:36:00,Dakar,Orange Money,Retrait,iPhone,40472,0,0,Normal
9235,CUST_151,2025-06-26 11:55:00,Saint-Louis,Orange Money,Paiement,iPhone,4894,0,0,Normal
9236,CUST_8,2025-06-08 06:45:00,Thiès,Carte Bancaire,Paiement,iPhone,43890,0,0,Normal
9237,CUST_485,2025-01-02 13:46:00,Kaolack,Carte Bancaire,Transfert,iPhone,12973,0,0,Normal
9238,CUST_422,2025-04-13 10:33:00,Thiès,Free Money,Retrait,Android,13396,0,0,Normal
9239,CUST_373,2025-02-18 14:04:00,Kaolack,Orange Money,Transfert,Android,21218,0,0,Normal
9240,CUST_724,2025-03-03 05:26:00,Ziguinchor,Wave,Transfert,iPhone,3649,0,0,Normal
9241,CUST_233,2025-04-16 18:25:00,Thiès,Carte Bancaire,Transfert,Android,44187,35,1,Comportement suspect
9242,CUST_59,2025-06-10 11:22:00,Thiès,Carte Bancaire,Transfert,Android,22944,0,0,Normal
9243,CUST_204,2025-02-14 11:01:00,Thiès,Wave,Transfert,iPhone,20055,0,0,Normal
9244,CUST_629,2025-05-22 08:56:00,Saint-Louis,Free Money,Retrait,iPhone,43286,0,0,Normal
9245,CUST_885,2025-03-14 21:26:00,Saint-Louis,Wave,Retrait,Android,13250,0,0,Normal
9246,CUST_120,2025-01-22 15:37:00,Kaolack,Free Money,Paiement,iPhone,20165,0,0,Normal
9247,CUST_353,2025-04-07 13:42:00,Ziguinchor,Wave,Transfert,iPhone,32717,0,0,Normal
9248,CUST_389,2025-05-25 13:13:00,Dakar,Free Money,Retrait,iPhone,500,0,0,Normal
9249,CUST_703,2025-03-04 15:31:00,Saint-Louis,Orange Money,Retrait,iPhone,3698,0,0,Normal
9250,CUST_843,2025-06-19 08:24:00,Saint-Louis,Free Money,Transfert,iPhone,51283,0,0,Normal
9251,CUST_568,2025-06-15 12:15:00,Thiès,Free Money,Paiement,Android,19073,0,0,Normal
9252,CUST_431,2025-06-09 18:08:00,Saint-Louis,Carte Bancaire,Retrait,iPhone,22332,0,0,Normal
9253,CUST_47,2025-04-07 13:18:00,Kaolack,Carte Bancaire,Retrait,Android,12475,30,0,Normal
9254,CUST_814,2025-01-30 11:36:00,Kaolack,Orange Money,Paiement,iPhone,54639,0,0,Normal
9255,CUST_145,2025-04-27 07:54:00,Dakar,Carte Bancaire,Paiement,iPhone,9489,0,0,Normal
9256,CUST_576,2025-02-06 09:09:00,Kaolack,Carte Bancaire,Transfert,Android,43343,0,0,Normal
9257,CUST_8,2025-03-11 14:38:00,Thiès,Carte Bancaire,Paiement,iPhone,39578,0,0,Normal
9258,CUST_75,2025-06-21 00:35:00,Thiès,Carte Bancaire,Retrait,Android,14918,0,0,Normal
9259,CUST_599,2025-04-09 06:09:00,Thiès,Free Money,Paiement,iPhone,8282,0,0,Normal
9260,CUST_458,2025-06-26 09:46:00,Dakar,Free Money,Paiement,iPhone,23807,0,0,Normal
9261,CUST_921,2025-03-02 10:55:00,Thiès,Carte Bancaire,Retrait,iPhone,36555,0,0,Normal
9262,CUST_60,2025-04-03 10:53:00,Thiès,Carte Bancaire,Retrait,iPhone,3372,0,0,Normal
9263,CUST_107,2025-04-26 09:43:00,Dakar,Wave,Transfert,iPhone,36753,0,0,Normal
9264,CUST_828,2025-01-28 13:53:00,Dakar,Orange Money,Retrait,Android,32977,0,0,Normal
9265,CUST_556,2025-05-26 08:37:00,Thiès,Free Money,Transfert,Android,15359,0,0,Normal
9266,CUST_738,2025-06-04 16:19:00,Ziguinchor,Carte Bancaire,Retrait,iPhone,24112,0,0,Normal
9267,CUST_96,2025-06-02 08:21:00,Saint-Louis,Wave,Retrait,iPhone,26840,30,0,Normal
9268,CUST_147,2025-04-21 08:51:00,Saint-Louis,Wave,Retrait,Android,21583,0,0,Normal
9269,CUST_231,2025-06-22 10:06:00,Saint-Louis,Carte Bancaire,Transfert,iPhone,500,0,0,Normal
9270,CUST_155,2025-04-05 20:33:00,Saint-Louis,Wave,Transfert,iPhone,9019,0,0,Normal
9271,CUST_57,2025-06-07 03:21:00,Ziguinchor,Wave,Transfert,iPhone,47157,25,0,Normal
9272,CUST_249,2025-02-08 08:10:00,Saint-Louis,Free Money,Retrait,iPhone,24911,0,0,Normal
9273,CUST_702,2025-01-11 15:50:00,Ziguinchor,Free Money,Transfert,Android,45994,0,0,Normal
9274,CUST_751,2025-03-31 09:22:00,Ziguinchor,Carte Bancaire,Retrait,Android,12483,0,0,Normal
9275,CUST_707,2025-06-12 11:21:00,Dakar,Carte Bancaire,Paiement,Android,45867,0,0,Normal
9276,CUST_126,2025-04-26 13:21:00,Kaolack,Orange Money,Transfert,Android,13507,0,0,Normal
9277,CUST_914,2025-05-07 18:51:00,Thiès,Carte Bancaire,Retrait,Android,11284,0,0,Normal
9278,CUST_368,2025-04-06 07:37:00,Saint-Louis,Orange Money,Retrait,iPhone,2160,0,0,Normal
9279,CUST_265,2025-03-21 10:42:00,Kaolack,Wave,Paiement,Android,10227,0,0,Normal
9280,CUST_856,2025-03-31 01:20:00,Ziguinchor,Free Money,Paiement,Android,37664,25,0,Normal
9281,CUST_659,2025-06-19 16:16:00,Ziguinchor,Carte Bancaire,Paiement,iPhone,7076,0,0,Normal
9282,CUST_642,2025-01-17 16:16:00,Kaolack,Carte Bancaire,Transfert,iPhone,6871,0,0,Normal
9283,CUST_938,2025-05-21 23:15:00,Kaolack,Carte Bancaire,Retrait,Android,11258,0,0,Normal
9284,CUST_487,2025-01-15 02:58:00,Kaolack,Carte Bancaire,Retrait,iPhone,22674,25,0,Normal
9285,CUST_836,2025-03-24 19:12:00,Kaolack,Orange Money,Transfert,Android,5695,0,0,Normal
9286,CUST_498,2025-01-12 17:57:00,Saint-Louis,Free Money,Paiement,Android,34163,30,0,Normal
9287,CUST_521,2025-01-18 04:09:00,Kaolack,Free Money,Paiement,iPhone,15466,25,0,Normal
9288,CUST_186,2025-06-14 23:43:00,Kaolack,Wave,Retrait,iPhone,500,0,0,Normal
9289,CUST_42,2025-03-05 15:44:00,Ziguinchor,Carte Bancaire,Retrait,Android,26838,0,0,Normal
9290,CUST_786,2025-05-07 01:54:00,Dakar,Carte Bancaire,Retrait,iPhone,18576,25,0,Normal
9291,CUST_756,2025-05-20 16:19:00,Ziguinchor,Wave,Retrait,Android,34397,0,0,Normal
9292,CUST_580,2025-06-07 17:18:00,Saint-Louis,Carte Bancaire,Paiement,Android,3190,0,0,Normal
9293,CUST_922,2025-05-19 17:57:00,Saint-Louis,Orange Money,Paiement,Android,11469,0,0,Normal
9294,CUST_644,2025-06-02 15:29:00,Kaolack,Free Money,Paiement,iPhone,14374,0,0,Normal
9295,CUST_751,2025-06-12 10:12:00,Ziguinchor,Orange Money,Transfert,Android,9591,0,0,Normal
9296,CUST_930,2025-02-24 18:28:00,Saint-Louis,Carte Bancaire,Transfert,Android,22026,0,0,Normal
9297,CUST_583,2025-03-26 17:26:00,Saint-Louis,Carte Bancaire,Transfert,Android,21846,0,0,Normal
9298,CUST_443,2025-03-02 13:46:00,Ziguinchor,Orange Money,Transfert,Android,44315,0,0,Normal
9299,CUST_786,2025-06-11 16:51:00,Dakar,Orange Money,Transfert,iPhone,4270,0,0,Normal
9300,CUST_296,2025-03-04 13:50:00,Dakar,Carte Bancaire,Paiement,iPhone,15019,0,0,Normal
9301,CUST_346,2025-05-02 12:15:00,Thiès,Orange Money,Retrait,Android,6819,0,0,Normal
9302,CUST_707,2025-06-02 10:01:00,Dakar,Carte Bancaire,Paiement,Android,60500,0,0,Normal
9303,CUST_524,2025-03-12 12:25:00,Ziguinchor,Wave,Transfert,iPhone,43901,0,0,Normal
9304,CUST_164,2025-01-19 11:34:00,Dakar,Free Money,Transfert,Android,37543,0,0,Normal
9305,CUST_394,2025-05-10 09:08:00,Dakar,Carte Bancaire,Retrait,Android,10646,0,0,Normal
9306,CUST_450,2025-04-18 18:03:00,Kaolack,Free Money,Transfert,iPhone,16603,0,0,Normal
9307,CUST_838,2025-02-22 11:04:00,Thiès,Wave,Paiement,iPhone,88682,0,0,Normal
9308,CUST_888,2025-01-15 19:53:00,Thiès,Orange Money,Paiement,iPhone,4738,0,0,Normal
9309,CUST_49,2025-06-17 17:14:00,Kaolack,Wave,Retrait,Android,2880,0,0,Normal
9310,CUST_197,2025-06-16 15:10:00,Thiès,Free Money,Paiement,iPhone,13035,0,0,Normal
9311,CUST_433,2025-06-05 09:49:00,Ziguinchor,Wave,Retrait,iPhone,14202,0,0,Normal
9312,CUST_554,2025-06-12 17:18:00,Dakar,Orange Money,Transfert,iPhone,40619,0,0,Normal
9313,CUST_621,2025-02-10 03:00:00,Thiès,Carte Bancaire,Retrait,Android,23038,25,0,Normal
9314,CUST_864,2025-02-21 06:27:00,Kaolack,Carte Bancaire,Transfert,iPhone,15255,0,0,Normal
9315,CUST_795,2025-06-24 13:18:00,Saint-Louis,Carte Bancaire,Paiement,Android,15660,0,0,Normal
9316,CUST_250,2025-03-14 04:38:00,Dakar,Free Money,Paiement,Android,27837,25,0,Normal
9317,CUST_126,2025-04-27 17:53:00,Kaolack,Free Money,Paiement,iPhone,21742,0,0,Normal
9318,CUST_2,2025-01-04 06:16:00,Kaolack,Carte Bancaire,Retrait,Android,25107,0,0,Normal
9319,CUST_325,2025-05-17 16:09:00,Ziguinchor,Carte Bancaire,Transfert,Android,59094,0,0,Normal
9320,CUST_566,2025-03-15 08:06:00,Saint-Louis,Carte Bancaire,Transfert,Android,27054,0,0,Normal
9321,CUST_765,2025-02-12 09:12:00,Thiès,Carte Bancaire,Transfert,Android,24719,0,0,Normal
9322,CUST_862,2025-03-27 15:10:00,Kaolack,Carte Bancaire,Paiement,iPhone,21567,0,0,Normal
9323,CUST_107,2025-04-02 13:21:00,Dakar,Carte Bancaire,Retrait,iPhone,32080,0,0,Normal
9324,CUST_10,2025-06-04 07:41:00,Ziguinchor,Wave,Transfert,iPhone,58654,0,0,Normal
9325,CUST_27,2025-04-12 07:48:00,Saint-Louis,Carte Bancaire,Transfert,Android,6558,0,0,Normal
9326,CUST_419,2025-05-25 15:26:00,Dakar,Carte Bancaire,Paiement,Android,32604,0,0,Normal
9327,CUST_201,2025-03-27 19:26:00,Kaolack,Wave,Retrait,iPhone,45625,0,0,Normal
9328,CUST_51,2025-05-28 08:52:00,Thiès,Wave,Transfert,iPhone,15882,0,0,Normal
9329,CUST_405,2025-01-02 22:31:00,Ziguinchor,Orange Money,Paiement,Android,26906,0,0,Normal
9330,CUST_554,2025-04-19 11:20:00,Dakar,Orange Money,Paiement,iPhone,45463,0,0,Normal
9331,CUST_23,2025-04-07 09:25:00,Ziguinchor,Orange Money,Retrait,iPhone,17449,0,0,Normal
9332,CUST_540,2025-04-18 15:38:00,Saint-Louis,Wave,Transfert,iPhone,35191,0,0,Normal
9333,CUST_340,2025-05-13 06:48:00,Kaolack,Carte Bancaire,Paiement,iPhone,54943,0,0,Normal
9334,CUST_418,2025-01-31 06:12:00,Thiès,Carte Bancaire,Transfert,Android,22141,0,0,Normal
9335,CUST_921,2025-01-07 14:41:00,Thiès,Wave,Retrait,Android,28477,0,0,Normal
9336,CUST_645,2025-01-10 20:23:00,Thiès,Orange Money,Retrait,Android,11532,0,0,Normal
9337,CUST_862,2025-04-23 18:51:00,Kaolack,Free Money,Transfert,iPhone,6292,0,0,Normal
9338,CUST_619,2025-05-18 09:03:00,Dakar,Wave,Retrait,Android,28105,0,0,Normal
9339,CUST_225,2025-01-22 10:19:00,Saint-Louis,Carte Bancaire,Retrait,Android,44194,0,0,Normal
9340,CUST_28,2025-06-02 11:50:00,Ziguinchor,Wave,Paiement,Android,8239,0,0,Normal
9341,CUST_39,2025-03-27 11:24:00,Kaolack,Carte Bancaire,Paiement,Android,53458,0,0,Normal
9342,CUST_747,2025-05-15 23:46:00,Thiès,Free Money,Transfert,iPhone,7800,0,0,Normal
9343,CUST_848,2025-04-27 18:11:00,Ziguinchor,Carte Bancaire,Retrait,iPhone,55518,0,0,Normal
9344,CUST_347,2025-04-04 00:16:00,Thiès,Free Money,Paiement,iPhone,6232,0,0,Normal
9345,CUST_164,2025-02-19 10:04:00,Dakar,Orange Money,Paiement,Android,15231,0,0,Normal
9346,CUST_825,2025-05-24 22:59:00,Dakar,Wave,Transfert,Android,6099,0,0,Normal
9347,CUST_235,2025-05-15 08:56:00,Thiès,Orange Money,Transfert,Android,36558,0,0,Normal
9348,CUST_12,2025-01-09 09:23:00,Saint-Louis,Carte Bancaire,Transfert,iPhone,34420,0,0,Normal
9349,CUST_855,2025-01-26 16:07:00,Dakar,Wave,Transfert,Android,17054,0,0,Normal
9350,CUST_688,2025-03-28 07:33:00,Thiès,Orange Money,Paiement,Android,47038,0,0,Normal
9351,CUST_133,2025-03-21 20:53:00,Kaolack,Free Money,Transfert,Android,60440,0,0,Normal
9352,CUST_612,2025-06-23 13:03:00,Ziguinchor,Orange Money,Transfert,Android,6626,0,0,Normal
9353,CUST_962,2025-06-09 11:53:00,Thiès,Carte Bancaire,Paiement,iPhone,27362,0,0,Normal
9354,CUST_624,2025-03-31 13:45:00,Kaolack,Carte Bancaire,Paiement,iPhone,58888,30,0,Normal
9355,CUST_849,2025-01-19 18:55:00,Ziguinchor,Orange Money,Transfert,iPhone,55499,0,0,Normal
9356,CUST_417,2025-02-15 09:51:00,Thiès,Wave,Paiement,iPhone,66376,0,0,Normal
9357,CUST_156,2025-06-19 09:15:00,Dakar,Orange Money,Retrait,iPhone,34439,0,0,Normal
9358,CUST_529,2025-02-26 14:50:00,Ziguinchor,Wave,Transfert,iPhone,10355,0,0,Normal
9359,CUST_955,2025-06-16 11:54:00,Saint-Louis,Carte Bancaire,Transfert,iPhone,31377,0,0,Normal
9360,CUST_988,2025-01-20 20:24:00,Kaolack,Wave,Retrait,Android,34449,0,0,Normal
9361,CUST_658,2025-01-17 00:37:00,Kaolack,Wave,Paiement,iPhone,19388,0,0,Normal
9362,CUST_846,2025-01-20 20:45:00,Ziguinchor,Wave,Retrait,iPhone,34663,0,0,Normal
9363,CUST_608,2025-01-11 06:10:00,Saint-Louis,Free Money,Retrait,Android,6454,0,0,Normal
9364,CUST_679,2025-03-06 16:32:00,Saint-Louis,Free Money,Paiement,Android,7055,0,0,Normal
9365,CUST_520,2025-02-20 17:25:00,Ziguinchor,Free Money,Transfert,Android,45081,0,0,Normal
9366,CUST_700,2025-04-12 06:40:00,Saint-Louis,Wave,Transfert,iPhone,11616,0,0,Normal
9367,CUST_117,2025-06-30 09:03:00,Dakar,Wave,Transfert,iPhone,8567,0,0,Normal
9368,CUST_229,2025-01-20 07:00:00,Dakar,Carte Bancaire,Retrait,Android,14897,0,0,Normal
9369,CUST_571,2025-06-06 05:21:00,Kaolack,Carte Bancaire,Transfert,iPhone,5894,0,0,Normal
9370,CUST_369,2025-04-10 10:03:00,Ziguinchor,Orange Money,Paiement,Android,20163,0,0,Normal
9371,CUST_829,2025-05-28 14:31:00,Ziguinchor,Orange Money,Transfert,Android,37396,0,0,Normal
9372,CUST_436,2025-01-01 23:01:00,Thiès,Orange Money,Retrait,Android,11531,0,0,Normal
9373,CUST_782,2025-05-31 14:49:00,Dakar,Free Money,Paiement,iPhone,21996,0,0,Normal
9374,CUST_327,2025-03-31 07:09:00,Dakar,Wave,Retrait,iPhone,6578,0,0,Normal
9375,CUST_480,2025-01-25 12:21:00,Ziguinchor,Wave,Transfert,Android,13459,0,0,Normal
9376,CUST_744,2025-02-06 07:43:00,Saint-Louis,Free Money,Paiement,iPhone,39652,0,0,Normal
9377,CUST_420,2025-03-19 12:56:00,Ziguinchor,Carte Bancaire,Retrait,iPhone,21205,0,0,Normal
9378,CUST_890,2025-02-17 17:13:00,Thiès,Orange Money,Transfert,Android,79730,0,0,Normal
9379,CUST_698,2025-03-10 12:32:00,Ziguinchor,Free Money,Retrait,Android,32320,0,0,Normal
9380,CUST_74,2025-03-27 15:47:00,Ziguinchor,Wave,Retrait,Android,4015,30,0,Normal
9381,CUST_43,2025-03-09 13:02:00,Ziguinchor,Wave,Retrait,Android,26589,0,0,Normal
9382,CUST_76,2025-04-20 02:27:00,Ziguinchor,Wave,Paiement,iPhone,8161,25,0,Normal
9383,CUST_917,2025-02-05 08:11:00,Saint-Louis,Carte Bancaire,Transfert,iPhone,32557,0,0,Normal
9384,CUST_286,2025-05-02 20:47:00,Thiès,Carte Bancaire,Retrait,Android,10859,0,0,Normal
9385,CUST_848,2025-05-09 07:21:00,Ziguinchor,Orange Money,Paiement,Android,16508,0,0,Normal
9386,CUST_140,2025-05-05 09:41:00,Ziguinchor,Carte Bancaire,Paiement,iPhone,43704,0,0,Normal
9387,CUST_927,2025-01-16 06:58:00,Dakar,Carte Bancaire,Transfert,Android,2421,0,0,Normal
9388,CUST_831,2025-03-16 07:18:00,Ziguinchor,Carte Bancaire,Retrait,iPhone,9813,0,0,Normal
9389,CUST_615,2025-05-29 14:55:00,Ziguinchor,Wave,Transfert,iPhone,48969,0,0,Normal
9390,CUST_813,2025-03-06 12:09:00,Dakar,Orange Money,Retrait,iPhone,8446,0,0,Normal
9391,CUST_74,2025-01-08 16:59:00,Ziguinchor,Carte Bancaire,Transfert,Android,7124,0,0,Normal
9392,CUST_371,2025-03-30 22:49:00,Thiès,Carte Bancaire,Transfert,Android,13740,0,0,Normal
9393,CUST_382,2025-02-26 16:55:00,Dakar,Orange Money,Transfert,iPhone,7599,0,0,Normal
9394,CUST_846,2025-06-09 15:57:00,Ziguinchor,Wave,Retrait,iPhone,24117,0,0,Normal
9395,CUST_963,2025-01-19 15:21:00,Ziguinchor,Free Money,Paiement,iPhone,51536,0,0,Normal
9396,CUST_44,2025-01-29 14:29:00,Kaolack,Wave,Paiement,iPhone,30294,0,0,Normal
9397,CUST_857,2025-01-21 10:26:00,Kaolack,Wave,Transfert,Android,500,0,0,Normal
9398,CUST_275,2025-06-27 21:48:00,Kaolack,Free Money,Paiement,Android,24370,0,0,Normal
9399,CUST_736,2025-05-03 06:48:00,Dakar,Free Money,Transfert,iPhone,14329,0,0,Normal
9400,CUST_393,2025-01-09 11:54:00,Saint-Louis,Free Money,Transfert,iPhone,42708,0,0,Normal
9401,CUST_159,2025-01-01 07:51:00,Kaolack,Wave,Transfert,iPhone,33396,30,0,Normal
9402,CUST_416,2025-05-23 14:43:00,Thiès,Orange Money,Paiement,Android,22939,0,0,Normal
9403,CUST_734,2025-06-16 18:40:00,Dakar,Free Money,Retrait,Android,7441,0,0,Normal
9404,CUST_828,2025-03-20 16:52:00,Dakar,Orange Money,Transfert,Android,43427,0,0,Normal
9405,CUST_357,2025-05-25 14:00:00,Dakar,Wave,Retrait,iPhone,17681,0,0,Normal
9406,CUST_395,2025-05-04 17:06:00,Saint-Louis,Free Money,Paiement,Android,14019,0,0,Normal
9407,CUST_371,2025-02-15 15:36:00,Thiès,Free Money,Retrait,Android,19557,0,0,Normal
9408,CUST_396,2025-06-11 19:21:00,Thiès,Wave,Paiement,iPhone,65719,0,0,Normal
9409,CUST_945,2025-01-06 16:09:00,Ziguinchor,Orange Money,Retrait,iPhone,32776,0,0,Normal
9410,CUST_931,2025-03-05 18:44:00,Dakar,Carte Bancaire,Paiement,iPhone,9464,0,0,Normal
9411,CUST_127,2025-03-29 09:13:00,Dakar,Wave,Retrait,iPhone,98111,0,0,Normal
9412,CUST_409,2025-04-26 15:08:00,Ziguinchor,Carte Bancaire,Transfert,Android,11314,0,0,Normal
9413,CUST_796,2025-02-21 01:53:00,Dakar,Free Money,Paiement,Android,10862,55,1,Transaction nocturne
9414,CUST_445,2025-05-26 11:14:00,Saint-Louis,Wave,Retrait,Android,16337,0,0,Normal
9415,CUST_94,2025-03-22 18:01:00,Ziguinchor,Orange Money,Transfert,iPhone,39289,0,0,Normal
9416,CUST_510,2025-05-15 13:15:00,Kaolack,Wave,Paiement,Android,23365,0,0,Normal
9417,CUST_325,2025-02-12 14:31:00,Ziguinchor,Free Money,Retrait,Android,22570,0,0,Normal
9418,CUST_667,2025-03-15 11:38:00,Saint-Louis,Carte Bancaire,Transfert,Android,12263,0,0,Normal
9419,CUST_897,2025-06-04 11:48:00,Thiès,Wave,Transfert,iPhone,500,0,0,Normal
9420,CUST_268,2025-05-24 19:33:00,Thiès,Free Money,Transfert,Android,31417,0,0,Normal
9421,CUST_845,2025-02-27 10:39:00,Saint-Louis,Carte Bancaire,Paiement,iPhone,15515,35,1,Comportement suspect
9422,CUST_24,2025-03-12 09:26:00,Thiès,Free Money,Paiement,iPhone,12034,0,0,Normal
9423,CUST_496,2025-03-06 18:20:00,Ziguinchor,Free Money,Paiement,iPhone,16639,0,0,Normal
9424,CUST_5,2025-06-13 07:59:00,Thiès,Wave,Transfert,Android,42340,0,0,Normal
9425,CUST_707,2025-01-17 12:22:00,Dakar,Orange Money,Paiement,iPhone,29198,0,0,Normal
9426,CUST_548,2025-05-05 11:36:00,Saint-Louis,Wave,Retrait,iPhone,55905,0,0,Normal
9427,CUST_268,2025-01-14 10:14:00,Thiès,Orange Money,Transfert,iPhone,23263,0,0,Normal
9428,CUST_355,2025-06-08 08:48:00,Dakar,Free Money,Transfert,Android,17628,0,0,Normal
9429,CUST_695,2025-03-01 07:44:00,Thiès,Wave,Retrait,iPhone,30317,0,0,Normal
9430,CUST_329,2025-03-01 14:49:00,Ziguinchor,Wave,Transfert,Android,10725,0,0,Normal
9431,CUST_306,2025-04-02 09:15:00,Saint-Louis,Free Money,Transfert,iPhone,42925,30,0,Normal
9432,CUST_388,2025-04-21 23:29:00,Kaolack,Free Money,Paiement,iPhone,13101,0,0,Normal
9433,CUST_431,2025-02-07 19:31:00,Saint-Louis,Carte Bancaire,Transfert,iPhone,34158,0,0,Normal
9434,CUST_590,2025-05-09 15:55:00,Kaolack,Wave,Paiement,Android,13849,0,0,Normal
9435,CUST_167,2025-04-16 10:22:00,Saint-Louis,Carte Bancaire,Paiement,Android,22562,0,0,Normal
9436,CUST_391,2025-04-12 17:04:00,Kaolack,Wave,Transfert,iPhone,11175,0,0,Normal
9437,CUST_307,2025-02-17 17:39:00,Thiès,Free Money,Transfert,Android,11720,0,0,Normal
9438,CUST_633,2025-01-15 13:40:00,Saint-Louis,Wave,Paiement,Android,21019,0,0,Normal
9439,CUST_127,2025-04-14 15:59:00,Dakar,Wave,Paiement,Android,73726,0,0,Normal
9440,CUST_324,2025-06-20 14:09:00,Dakar,Free Money,Paiement,Android,31962,0,0,Normal
9441,CUST_236,2025-03-25 09:25:00,Ziguinchor,Free Money,Retrait,Android,35447,0,0,Normal
9442,CUST_509,2025-03-12 06:21:00,Ziguinchor,Carte Bancaire,Paiement,iPhone,21398,0,0,Normal
9443,CUST_911,2025-04-09 21:59:00,Ziguinchor,Wave,Paiement,iPhone,48064,0,0,Normal
9444,CUST_868,2025-03-19 15:30:00,Saint-Louis,Orange Money,Retrait,iPhone,12486,0,0,Normal
9445,CUST_632,2025-03-17 14:42:00,Thiès,Orange Money,Transfert,Android,29751,0,0,Normal
9446,CUST_573,2025-04-08 01:46:00,Dakar,Free Money,Transfert,Android,49679,25,0,Normal
9447,CUST_275,2025-05-17 16:59:00,Kaolack,Wave,Paiement,Android,37001,0,0,Normal
9448,CUST_820,2025-03-30 11:28:00,Ziguinchor,Wave,Paiement,Android,16705,0,0,Normal
9449,CUST_948,2025-04-27 10:33:00,Ziguinchor,Carte Bancaire,Transfert,Android,3168,0,0,Normal
9450,CUST_967,2025-02-19 14:50:00,Ziguinchor,Carte Bancaire,Retrait,Android,26937,0,0,Normal
9451,CUST_144,2025-04-04 09:37:00,Kaolack,Free Money,Paiement,iPhone,500,30,0,Normal
9452,CUST_462,2025-06-25 12:52:00,Dakar,Carte Bancaire,Retrait,Android,20812,0,0,Normal
9453,CUST_11,2025-06-27 17:27:00,Dakar,Orange Money,Retrait,Android,19553,0,0,Normal
9454,CUST_911,2025-01-03 11:03:00,Ziguinchor,Wave,Retrait,Android,28948,0,0,Normal
9455,CUST_447,2025-03-11 04:06:00,Dakar,Free Money,Transfert,Android,30708,25,0,Normal
9456,CUST_455,2025-06-09 09:37:00,Thiès,Orange Money,Paiement,Android,8038,0,0,Normal
9457,CUST_394,2025-01-10 16:21:00,Dakar,Carte Bancaire,Paiement,iPhone,18780,0,0,Normal
9458,CUST_386,2025-01-14 15:32:00,Saint-Louis,Orange Money,Paiement,iPhone,27571,0,0,Normal
9459,CUST_278,2025-03-25 01:23:00,Dakar,Orange Money,Paiement,iPhone,60664,25,0,Normal
9460,CUST_944,2025-05-09 01:20:00,Kaolack,Carte Bancaire,Paiement,Android,24398,25,0,Normal
9461,CUST_100,2025-05-19 16:53:00,Dakar,Orange Money,Transfert,Android,3209,0,0,Normal
9462,CUST_75,2025-04-09 16:29:00,Thiès,Free Money,Paiement,iPhone,10524,0,0,Normal
9463,CUST_69,2025-01-06 17:26:00,Thiès,Free Money,Retrait,iPhone,49538,0,0,Normal
9464,CUST_743,2025-01-25 09:09:00,Ziguinchor,Wave,Paiement,iPhone,35430,0,0,Normal
9465,CUST_150,2025-03-23 08:28:00,Dakar,Free Money,Transfert,Android,19775,0,0,Normal
9466,CUST_878,2025-05-25 11:44:00,Thiès,Free Money,Transfert,iPhone,6301,0,0,Normal
9467,CUST_917,2025-02-08 08:39:00,Saint-Louis,Free Money,Paiement,Android,89331,0,0,Normal
9468,CUST_416,2025-04-05 19:25:00,Thiès,Wave,Transfert,Android,14661,0,0,Normal
9469,CUST_253,2025-06-20 12:32:00,Thiès,Wave,Paiement,iPhone,3547,0,0,Normal
9470,CUST_99,2025-03-14 15:12:00,Dakar,Wave,Paiement,Android,25535,0,0,Normal
9471,CUST_684,2025-03-06 12:21:00,Dakar,Wave,Paiement,Android,9492,0,0,Normal
9472,CUST_710,2025-06-06 21:14:00,Dakar,Orange Money,Retrait,iPhone,65242,0,0,Normal
9473,CUST_832,2025-04-06 09:26:00,Ziguinchor,Wave,Retrait,iPhone,7511,0,0,Normal
9474,CUST_148,2025-02-21 22:30:00,Ziguinchor,Wave,Retrait,iPhone,12699,0,0,Normal
9475,CUST_346,2025-02-12 01:53:00,Thiès,Wave,Paiement,Android,3612,25,0,Normal
9476,CUST_281,2025-03-22 09:12:00,Thiès,Free Money,Retrait,iPhone,45463,30,0,Normal
9477,CUST_313,2025-02-15 20:50:00,Thiès,Free Money,Retrait,iPhone,20693,0,0,Normal
9478,CUST_599,2025-05-11 06:58:00,Thiès,Orange Money,Retrait,iPhone,29010,0,0,Normal
9479,CUST_444,2025-04-30 12:08:00,Saint-Louis,Free Money,Transfert,iPhone,37275,0,0,Normal
9480,CUST_804,2025-01-18 09:01:00,Thiès,Free Money,Paiement,iPhone,6016,0,0,Normal
9481,CUST_868,2025-01-24 08:17:00,Saint-Louis,Orange Money,Retrait,iPhone,35005,0,0,Normal
9482,CUST_889,2025-02-15 14:56:00,Thiès,Free Money,Paiement,Android,28592,0,0,Normal
9483,CUST_536,2025-01-29 20:47:00,Ziguinchor,Wave,Transfert,Android,45345,0,0,Normal
9484,CUST_985,2025-05-19 13:35:00,Ziguinchor,Wave,Paiement,Android,4992,0,0,Normal
9485,CUST_552,2025-06-05 10:00:00,Kaolack,Wave,Retrait,iPhone,3179,0,0,Normal
9486,CUST_527,2025-03-10 17:02:00,Ziguinchor,Wave,Transfert,iPhone,56635,35,1,Comportement suspect
9487,CUST_92,2025-06-23 09:02:00,Saint-Louis,Orange Money,Paiement,Android,3160,0,0,Normal
9488,CUST_445,2025-05-11 16:24:00,Saint-Louis,Orange Money,Transfert,iPhone,9897,0,0,Normal
9489,CUST_311,2025-03-22 12:19:00,Dakar,Carte Bancaire,Transfert,Android,38001,0,0,Normal
9490,CUST_530,2025-02-10 09:26:00,Dakar,Carte Bancaire,Paiement,iPhone,31240,0,0,Normal
9491,CUST_119,2025-04-27 13:07:00,Ziguinchor,Wave,Paiement,Android,65084,0,0,Normal
9492,CUST_121,2025-04-22 17:44:00,Dakar,Free Money,Paiement,iPhone,13408,0,0,Normal
9493,CUST_274,2025-04-24 07:19:00,Dakar,Carte Bancaire,Paiement,iPhone,39979,0,0,Normal
9494,CUST_979,2025-06-23 16:06:00,Thiès,Wave,Retrait,Android,58542,0,0,Normal
9495,CUST_703,2025-06-26 07:48:00,Saint-Louis,Carte Bancaire,Retrait,Android,2260,0,0,Normal
9496,CUST_37,2025-05-29 18:47:00,Thiès,Carte Bancaire,Paiement,Android,6221,0,0,Normal
9497,CUST_410,2025-05-21 12:39:00,Saint-Louis,Free Money,Transfert,Android,19804,0,0,Normal
9498,CUST_895,2025-04-23 14:00:00,Kaolack,Wave,Paiement,Android,18303,0,0,Normal
9499,CUST_440,2025-05-31 18:00:00,Dakar,Orange Money,Retrait,iPhone,12277,0,0,Normal
9500,CUST_136,2025-04-06 11:48:00,Dakar,Wave,Transfert,Android,89284,0,0,Normal
9501,CUST_14,2025-01-07 08:26:00,Ziguinchor,Carte Bancaire,Retrait,iPhone,10073,0,0,Normal
9502,CUST_228,2025-03-19 18:21:00,Saint-Louis,Carte Bancaire,Retrait,Android,30606,0,0,Normal
9503,CUST_229,2025-03-07 09:45:00,Dakar,Wave,Retrait,iPhone,17314,0,0,Normal
9504,CUST_454,2025-06-13 18:35:00,Dakar,Orange Money,Retrait,iPhone,27179,0,0,Normal
9505,CUST_229,2025-01-03 13:23:00,Dakar,Wave,Retrait,iPhone,26820,0,0,Normal
9506,CUST_129,2025-03-12 12:55:00,Saint-Louis,Free Money,Retrait,iPhone,21736,0,0,Normal
9507,CUST_720,2025-04-23 15:05:00,Ziguinchor,Carte Bancaire,Transfert,Android,10062,0,0,Normal
9508,CUST_188,2025-02-03 13:25:00,Thiès,Wave,Paiement,iPhone,40486,0,0,Normal
9509,CUST_206,2025-05-13 18:21:00,Ziguinchor,Wave,Paiement,Android,3156,0,0,Normal
9510,CUST_552,2025-06-17 12:40:00,Kaolack,Free Money,Transfert,iPhone,2997,0,0,Normal
9511,CUST_902,2025-01-31 21:40:00,Thiès,Wave,Retrait,iPhone,10111,0,0,Normal
9512,CUST_715,2025-04-28 09:45:00,Dakar,Orange Money,Transfert,iPhone,17909,0,0,Normal
9513,CUST_364,2025-03-18 11:06:00,Thiès,Orange Money,Retrait,iPhone,3782,30,0,Normal
9514,CUST_219,2025-04-18 16:44:00,Kaolack,Wave,Paiement,iPhone,45430,0,0,Normal
9515,CUST_910,2025-01-19 10:22:00,Saint-Louis,Orange Money,Transfert,Android,3354,0,0,Normal
9516,CUST_26,2025-05-08 14:31:00,Kaolack,Free Money,Retrait,iPhone,13576,0,0,Normal
9517,CUST_1000,2025-02-24 17:18:00,Dakar,Wave,Paiement,Android,37499,0,0,Normal
9518,CUST_344,2025-02-20 03:33:00,Ziguinchor,Free Money,Transfert,Android,32015,25,0,Normal
9519,CUST_245,2025-06-01 13:18:00,Kaolack,Orange Money,Retrait,iPhone,24005,0,0,Normal
9520,CUST_236,2025-06-09 19:23:00,Ziguinchor,Wave,Transfert,iPhone,70617,0,0,Normal
9521,CUST_90,2025-02-26 07:22:00,Ziguinchor,Orange Money,Transfert,iPhone,500,0,0,Normal
9522,CUST_857,2025-01-06 11:30:00,Kaolack,Orange Money,Transfert,iPhone,39411,0,0,Normal
9523,CUST_548,2025-04-04 12:55:00,Saint-Louis,Free Money,Transfert,Android,36907,0,0,Normal
9524,CUST_387,2025-02-12 13:49:00,Thiès,Wave,Transfert,Android,42591,0,0,Normal
9525,CUST_145,2025-02-14 18:33:00,Dakar,Orange Money,Transfert,Android,16922,0,0,Normal
9526,CUST_184,2025-06-29 09:10:00,Saint-Louis,Orange Money,Transfert,Android,20629,0,0,Normal
9527,CUST_129,2025-05-29 20:01:00,Saint-Louis,Wave,Transfert,iPhone,28984,0,0,Normal
9528,CUST_59,2025-02-10 09:10:00,Thiès,Free Money,Transfert,Android,46515,0,0,Normal
9529,CUST_438,2025-03-18 17:00:00,Dakar,Wave,Transfert,Android,27168,0,0,Normal
9530,CUST_360,2025-03-09 09:41:00,Kaolack,Orange Money,Transfert,Android,6274,0,0,Normal
9531,CUST_5,2025-03-02 14:52:00,Thiès,Wave,Paiement,iPhone,55417,0,0,Normal
9532,CUST_746,2025-04-05 09:17:00,Ziguinchor,Wave,Retrait,Android,64118,0,0,Normal
9533,CUST_285,2025-02-27 09:23:00,Thiès,Wave,Transfert,iPhone,19850,0,0,Normal
9534,CUST_733,2025-01-30 15:16:00,Thiès,Carte Bancaire,Paiement,Android,34372,0,0,Normal
9535,CUST_835,2025-05-28 16:24:00,Dakar,Carte Bancaire,Retrait,iPhone,60753,0,0,Normal
9536,CUST_210,2025-04-17 16:18:00,Dakar,Free Money,Retrait,iPhone,84029,0,0,Normal
9537,CUST_1000,2025-01-29 17:10:00,Dakar,Free Money,Retrait,iPhone,78112,0,0,Normal
9538,CUST_943,2025-04-09 05:39:00,Saint-Louis,Free Money,Paiement,Android,16671,0,0,Normal
9539,CUST_846,2025-04-08 13:54:00,Ziguinchor,Orange Money,Transfert,Android,14673,0,0,Normal
9540,CUST_88,2025-01-15 16:03:00,Thiès,Carte Bancaire,Retrait,iPhone,14838,0,0,Normal
9541,CUST_456,2025-01-05 14:15:00,Kaolack,Orange Money,Retrait,Android,9679,0,0,Normal
9542,CUST_621,2025-02-08 14:52:00,Thiès,Free Money,Paiement,iPhone,22058,0,0,Normal
9543,CUST_924,2025-04-16 09:26:00,Kaolack,Carte Bancaire,Retrait,Android,48634,0,0,Normal
9544,CUST_58,2025-01-08 15:12:00,Ziguinchor,Free Money,Retrait,iPhone,17282,0,0,Normal
9545,CUST_605,2025-06-29 07:39:00,Dakar,Free Money,Paiement,Android,2620,0,0,Normal
9546,CUST_356,2025-03-11 19:47:00,Ziguinchor,Free Money,Transfert,Android,23137,0,0,Normal
9547,CUST_842,2025-02-22 07:18:00,Saint-Louis,Free Money,Retrait,iPhone,4033,0,0,Normal
9548,CUST_197,2025-04-22 16:45:00,Thiès,Orange Money,Transfert,iPhone,15408,0,0,Normal
9549,CUST_440,2025-06-08 11:24:00,Dakar,Wave,Paiement,Android,6483,0,0,Normal
9550,CUST_154,2025-04-03 21:01:00,Kaolack,Carte Bancaire,Transfert,Android,2205,0,0,Normal
9551,CUST_774,2025-04-18 09:29:00,Dakar,Wave,Retrait,iPhone,5163,0,0,Normal
9552,CUST_228,2025-04-24 10:16:00,Saint-Louis,Free Money,Transfert,iPhone,10347,0,0,Normal
9553,CUST_52,2025-06-02 08:31:00,Kaolack,Free Money,Transfert,iPhone,16813,0,0,Normal
9554,CUST_250,2025-02-09 12:48:00,Dakar,Free Money,Retrait,Android,12726,0,0,Normal
9555,CUST_826,2025-03-30 00:47:00,Saint-Louis,Wave,Transfert,iPhone,51708,0,0,Normal
9556,CUST_708,2025-01-12 15:30:00,Kaolack,Wave,Transfert,Android,53308,0,0,Normal
9557,CUST_501,2025-01-01 18:33:00,Saint-Louis,Free Money,Transfert,Android,29689,0,0,Normal
9558,CUST_303,2025-05-04 17:39:00,Ziguinchor,Wave,Paiement,iPhone,73097,0,0,Normal
9559,CUST_852,2025-06-19 13:11:00,Dakar,Carte Bancaire,Transfert,iPhone,4655,30,0,Normal
9560,CUST_886,2025-01-06 14:29:00,Saint-Louis,Wave,Retrait,iPhone,12175,0,0,Normal
9561,CUST_514,2025-03-01 11:01:00,Saint-Louis,Orange Money,Transfert,iPhone,60477,0,0,Normal
9562,CUST_981,2025-01-30 09:14:00,Thiès,Free Money,Transfert,Android,3320,0,0,Normal
9563,CUST_291,2025-02-23 14:23:00,Ziguinchor,Carte Bancaire,Transfert,iPhone,16321,0,0,Normal
9564,CUST_822,2025-05-10 20:05:00,Thiès,Wave,Paiement,Android,70446,0,0,Normal
9565,CUST_961,2025-03-12 01:42:00,Ziguinchor,Carte Bancaire,Transfert,iPhone,13255,25,0,Normal
9566,CUST_10,2025-06-03 12:17:00,Ziguinchor,Wave,Paiement,Android,10925,0,0,Normal
9567,CUST_371,2025-02-02 14:55:00,Thiès,Free Money,Transfert,Android,6850,0,0,Normal
9568,CUST_668,2025-06-13 02:56:00,Kaolack,Carte Bancaire,Transfert,Android,54521,25,0,Normal
9569,CUST_634,2025-04-28 08:53:00,Kaolack,Free Money,Retrait,iPhone,500,0,0,Normal
9570,CUST_766,2025-03-12 13:43:00,Thiès,Free Money,Transfert,iPhone,10747,0,0,Normal
9571,CUST_979,2025-01-10 08:02:00,Thiès,Wave,Paiement,iPhone,43391,0,0,Normal
9572,CUST_997,2025-01-27 17:18:00,Kaolack,Wave,Transfert,Android,26471,0,0,Normal
9573,CUST_510,2025-04-01 09:16:00,Kaolack,Carte Bancaire,Retrait,Android,23596,0,0,Normal
9574,CUST_413,2025-03-16 13:23:00,Kaolack,Wave,Paiement,Android,17557,0,0,Normal
9575,CUST_889,2025-06-15 18:14:00,Thiès,Carte Bancaire,Retrait,Android,18134,0,0,Normal
9576,CUST_799,2025-05-09 18:07:00,Kaolack,Free Money,Retrait,iPhone,17064,0,0,Normal
9577,CUST_824,2025-05-23 11:40:00,Kaolack,Free Money,Transfert,iPhone,44449,0,0,Normal
9578,CUST_736,2025-01-02 21:17:00,Dakar,Carte Bancaire,Paiement,Android,27263,0,0,Normal
9579,CUST_747,2025-03-05 19:17:00,Thiès,Carte Bancaire,Retrait,Android,13323,0,0,Normal
9580,CUST_456,2025-05-07 16:14:00,Kaolack,Orange Money,Transfert,Android,25680,30,0,Normal
9581,CUST_455,2025-01-15 08:01:00,Thiès,Wave,Transfert,iPhone,3213,0,0,Normal
9582,CUST_232,2025-02-27 10:24:00,Saint-Louis,Orange Money,Paiement,Android,3432,0,0,Normal
9583,CUST_506,2025-04-04 20:30:00,Kaolack,Orange Money,Paiement,iPhone,26839,0,0,Normal
9584,CUST_885,2025-01-16 18:36:00,Saint-Louis,Wave,Retrait,iPhone,14133,0,0,Normal
9585,CUST_439,2025-04-05 23:05:00,Saint-Louis,Orange Money,Transfert,iPhone,19469,0,0,Normal
9586,CUST_777,2025-01-17 13:43:00,Kaolack,Orange Money,Paiement,iPhone,3423,0,0,Normal
9587,CUST_962,2025-05-27 07:11:00,Thiès,Wave,Transfert,Android,54550,0,0,Normal
9588,CUST_324,2025-01-01 08:24:00,Dakar,Carte Bancaire,Transfert,Android,44317,0,0,Normal
9589,CUST_807,2025-06-22 14:14:00,Ziguinchor,Orange Money,Transfert,iPhone,49263,0,0,Normal
9590,CUST_779,2025-01-22 12:37:00,Thiès,Carte Bancaire,Retrait,iPhone,19562,0,0,Normal
9591,CUST_735,2025-04-24 14:12:00,Saint-Louis,Free Money,Transfert,iPhone,45065,0,0,Normal
9592,CUST_150,2025-01-31 10:08:00,Dakar,Wave,Paiement,Android,16880,0,0,Normal
9593,CUST_800,2025-01-24 14:35:00,Ziguinchor,Free Money,Paiement,iPhone,23588,0,0,Normal
9594,CUST_155,2025-04-17 11:15:00,Ziguinchor,Orange Money,Paiement,Android,29877,35,1,Comportement suspect
9595,CUST_422,2025-01-26 08:47:00,Thiès,Wave,Retrait,iPhone,17785,0,0,Normal
9596,CUST_702,2025-06-12 09:31:00,Ziguinchor,Free Money,Retrait,iPhone,19716,0,0,Normal
9597,CUST_424,2025-06-01 15:05:00,Ziguinchor,Carte Bancaire,Transfert,iPhone,22203,0,0,Normal
9598,CUST_523,2025-05-16 07:14:00,Kaolack,Orange Money,Paiement,Android,23617,0,0,Normal
9599,CUST_22,2025-05-22 20:31:00,Dakar,Orange Money,Retrait,Android,32923,0,0,Normal
9600,CUST_167,2025-03-04 15:42:00,Saint-Louis,Orange Money,Transfert,Android,22912,0,0,Normal
9601,CUST_426,2025-03-29 11:50:00,Kaolack,Wave,Paiement,iPhone,48073,0,0,Normal
9602,CUST_570,2025-02-09 15:11:00,Saint-Louis,Wave,Paiement,Android,2218,0,0,Normal
9603,CUST_898,2025-01-24 18:16:00,Kaolack,Free Money,Retrait,iPhone,21646,0,0,Normal
9604,CUST_138,2025-02-04 09:59:00,Ziguinchor,Free Money,Retrait,iPhone,30260,0,0,Normal
9605,CUST_878,2025-03-19 13:47:00,Thiès,Carte Bancaire,Retrait,iPhone,29343,0,0,Normal
9606,CUST_330,2025-05-08 12:05:00,Ziguinchor,Wave,Retrait,iPhone,12150,0,0,Normal
9607,CUST_217,2025-01-28 08:52:00,Kaolack,Free Money,Paiement,Android,8588,0,0,Normal
9608,CUST_55,2025-05-10 17:29:00,Dakar,Carte Bancaire,Paiement,iPhone,500,0,0,Normal
9609,CUST_578,2025-06-19 18:54:00,Thiès,Carte Bancaire,Transfert,Android,1316,0,0,Normal
9610,CUST_16,2025-05-15 23:05:00,Saint-Louis,Orange Money,Retrait,iPhone,43492,0,0,Normal
9611,CUST_728,2025-04-23 18:35:00,Thiès,Wave,Paiement,iPhone,29454,0,0,Normal
9612,CUST_273,2025-05-02 12:10:00,Saint-Louis,Free Money,Paiement,iPhone,42664,30,0,Normal
9613,CUST_886,2025-06-07 13:51:00,Saint-Louis,Free Money,Retrait,iPhone,77099,0,0,Normal
9614,CUST_720,2025-04-02 16:35:00,Ziguinchor,Wave,Transfert,Android,3892,0,0,Normal
9615,CUST_786,2025-02-01 10:19:00,Dakar,Orange Money,Retrait,Android,17326,0,0,Normal
9616,CUST_575,2025-04-30 16:58:00,Thiès,Carte Bancaire,Paiement,Android,12053,0,0,Normal
9617,CUST_157,2025-01-15 16:06:00,Dakar,Wave,Retrait,Android,44526,0,0,Normal
9618,CUST_515,2025-05-12 10:27:00,Kaolack,Carte Bancaire,Transfert,iPhone,15888,0,0,Normal
9619,CUST_819,2025-03-01 11:46:00,Ziguinchor,Orange Money,Paiement,Android,23827,0,0,Normal
9620,CUST_98,2025-05-16 23:52:00,Kaolack,Orange Money,Retrait,iPhone,31303,0,0,Normal
9621,CUST_296,2025-03-07 12:11:00,Dakar,Orange Money,Transfert,Android,13724,0,0,Normal
9622,CUST_327,2025-01-20 18:04:00,Dakar,Orange Money,Transfert,iPhone,7230,0,0,Normal
9623,CUST_594,2025-05-22 12:45:00,Saint-Louis,Orange Money,Retrait,iPhone,48156,0,0,Normal
9624,CUST_282,2025-06-12 17:01:00,Saint-Louis,Carte Bancaire,Transfert,Android,31181,0,0,Normal
9625,CUST_41,2025-01-17 14:43:00,Saint-Louis,Orange Money,Paiement,Android,31519,0,0,Normal
9626,CUST_825,2025-03-13 14:16:00,Dakar,Orange Money,Retrait,Android,29539,0,0,Normal
9627,CUST_892,2025-06-22 15:34:00,Thiès,Orange Money,Paiement,iPhone,4873,0,0,Normal
9628,CUST_154,2025-06-24 02:18:00,Kaolack,Free Money,Retrait,Android,13512,25,0,Normal
9629,CUST_221,2025-04-12 07:39:00,Kaolack,Orange Money,Paiement,iPhone,23621,0,0,Normal
9630,CUST_722,2025-04-03 13:36:00,Dakar,Carte Bancaire,Paiement,Android,16708,0,0,Normal
9631,CUST_695,2025-04-24 13:51:00,Thiès,Wave,Transfert,iPhone,6628,0,0,Normal
9632,CUST_730,2025-05-03 15:43:00,Saint-Louis,Wave,Transfert,iPhone,13964,0,0,Normal
9633,CUST_55,2025-05-21 06:17:00,Dakar,Carte Bancaire,Paiement,Android,500,0,0,Normal
9634,CUST_60,2025-04-28 21:02:00,Thiès,Orange Money,Retrait,Android,7226,0,0,Normal
9635,CUST_684,2025-05-07 06:34:00,Dakar,Carte Bancaire,Transfert,iPhone,17492,0,0,Normal
9636,CUST_278,2025-01-07 16:35:00,Dakar,Free Money,Transfert,Android,41054,0,0,Normal
9637,CUST_854,2025-04-10 16:03:00,Saint-Louis,Carte Bancaire,Retrait,Android,5569,0,0,Normal
9638,CUST_211,2025-05-14 06:00:00,Saint-Louis,Free Money,Transfert,Android,73236,0,0,Normal
9639,CUST_216,2025-05-16 16:53:00,Dakar,Wave,Retrait,Android,22971,0,0,Normal
9640,CUST_3,2025-03-15 15:25:00,Kaolack,Carte Bancaire,Paiement,iPhone,1071,0,0,Normal
9641,CUST_870,2025-05-05 11:38:00,Ziguinchor,Wave,Retrait,iPhone,15707,0,0,Normal
9642,CUST_636,2025-04-25 03:44:00,Kaolack,Free Money,Retrait,iPhone,51382,25,0,Normal
9643,CUST_833,2025-04-14 08:43:00,Saint-Louis,Orange Money,Transfert,iPhone,44071,0,0,Normal
9644,CUST_446,2025-05-24 19:23:00,Thiès,Free Money,Retrait,Android,18453,0,0,Normal
9645,CUST_725,2025-04-10 10:37:00,Kaolack,Free Money,Retrait,iPhone,22352,0,0,Normal
9646,CUST_917,2025-01-02 06:44:00,Saint-Louis,Orange Money,Paiement,iPhone,43342,0,0,Normal
9647,CUST_343,2025-02-27 07:34:00,Ziguinchor,Orange Money,Transfert,Android,5043,0,0,Normal
9648,CUST_172,2025-05-21 07:21:00,Thiès,Free Money,Transfert,iPhone,24715,0,0,Normal
9649,CUST_213,2025-05-31 08:12:00,Ziguinchor,Wave,Transfert,Android,28089,0,0,Normal
9650,CUST_48,2025-05-06 08:29:00,Thiès,Carte Bancaire,Paiement,iPhone,3610,0,0,Normal
9651,CUST_395,2025-02-09 19:48:00,Saint-Louis,Wave,Paiement,iPhone,52906,0,0,Normal
9652,CUST_519,2025-01-30 07:33:00,Kaolack,Free Money,Retrait,Android,22279,0,0,Normal
9653,CUST_712,2025-06-29 15:41:00,Thiès,Orange Money,Retrait,iPhone,22238,0,0,Normal
9654,CUST_791,2025-02-19 22:28:00,Ziguinchor,Carte Bancaire,Transfert,Android,38994,35,1,Comportement suspect
9655,CUST_684,2025-03-24 11:16:00,Dakar,Free Money,Retrait,iPhone,8436,0,0,Normal
9656,CUST_107,2025-01-19 17:28:00,Dakar,Carte Bancaire,Retrait,iPhone,53725,0,0,Normal
9657,CUST_230,2025-05-13 09:40:00,Thiès,Free Money,Retrait,iPhone,19240,0,0,Normal
9658,CUST_45,2025-05-28 07:46:00,Saint-Louis,Wave,Retrait,Android,29151,0,0,Normal
9659,CUST_103,2025-02-24 16:25:00,Thiès,Carte Bancaire,Transfert,iPhone,1737,0,0,Normal
9660,CUST_468,2025-04-16 09:38:00,Saint-Louis,Orange Money,Paiement,Android,9670,35,1,Comportement suspect
9661,CUST_598,2025-03-10 07:21:00,Ziguinchor,Carte Bancaire,Transfert,Android,13363,0,0,Normal
9662,CUST_589,2025-01-16 12:02:00,Ziguinchor,Orange Money,Transfert,iPhone,20151,0,0,Normal
9663,CUST_982,2025-03-13 09:57:00,Saint-Louis,Wave,Retrait,iPhone,30366,0,0,Normal
9664,CUST_965,2025-06-05 18:52:00,Thiès,Free Money,Transfert,Android,38512,0,0,Normal
9665,CUST_222,2025-04-25 17:27:00,Dakar,Wave,Paiement,iPhone,8135,0,0,Normal
9666,CUST_711,2025-01-08 06:35:00,Ziguinchor,Orange Money,Transfert,iPhone,24414,0,0,Normal
9667,CUST_15,2025-05-28 19:18:00,Saint-Louis,Orange Money,Retrait,iPhone,36842,0,0,Normal
9668,CUST_851,2025-03-02 14:08:00,Ziguinchor,Orange Money,Transfert,iPhone,38697,0,0,Normal
9669,CUST_49,2025-01-01 17:54:00,Thiès,Wave,Transfert,Android,2268,35,1,Comportement suspect
9670,CUST_196,2025-05-01 10:14:00,Saint-Louis,Orange Money,Transfert,Android,12018,0,0,Normal
9671,CUST_566,2025-01-12 15:57:00,Saint-Louis,Orange Money,Transfert,iPhone,57791,0,0,Normal
9672,CUST_92,2025-02-15 11:30:00,Saint-Louis,Free Money,Transfert,iPhone,6276,0,0,Normal
9673,CUST_341,2025-03-03 10:48:00,Saint-Louis,Free Money,Transfert,Android,4504,0,0,Normal
9674,CUST_787,2025-03-05 06:13:00,Ziguinchor,Orange Money,Retrait,iPhone,80119,0,0,Normal
9675,CUST_699,2025-05-14 08:22:00,Dakar,Free Money,Retrait,Android,4419,0,0,Normal
9676,CUST_801,2025-01-04 14:51:00,Dakar,Orange Money,Retrait,Android,41313,0,0,Normal
9677,CUST_803,2025-02-01 12:26:00,Dakar,Carte Bancaire,Retrait,iPhone,24476,0,0,Normal
9678,CUST_784,2025-05-03 18:36:00,Saint-Louis,Wave,Transfert,iPhone,21728,0,0,Normal
9679,CUST_414,2025-01-07 07:43:00,Thiès,Carte Bancaire,Retrait,iPhone,47639,0,0,Normal
9680,CUST_964,2025-05-21 14:57:00,Saint-Louis,Carte Bancaire,Paiement,Android,11307,0,0,Normal
9681,CUST_568,2025-05-12 13:35:00,Thiès,Free Money,Paiement,iPhone,14968,0,0,Normal
9682,CUST_477,2025-04-06 16:11:00,Thiès,Orange Money,Retrait,iPhone,13242,0,0,Normal
9683,CUST_904,2025-02-17 10:44:00,Ziguinchor,Carte Bancaire,Retrait,Android,28544,0,0,Normal
9684,CUST_29,2025-05-01 13:15:00,Saint-Louis,Orange Money,Transfert,Android,28767,0,0,Normal
9685,CUST_438,2025-04-18 17:45:00,Dakar,Carte Bancaire,Paiement,Android,39571,0,0,Normal
9686,CUST_492,2025-04-22 14:05:00,Ziguinchor,Orange Money,Paiement,iPhone,500,0,0,Normal
9687,CUST_129,2025-05-01 07:32:00,Saint-Louis,Free Money,Transfert,Android,25517,0,0,Normal
9688,CUST_750,2025-04-29 08:33:00,Ziguinchor,Free Money,Transfert,iPhone,31062,0,0,Normal
9689,CUST_972,2025-03-19 19:12:00,Ziguinchor,Orange Money,Retrait,Android,28268,0,0,Normal
9690,CUST_494,2025-04-26 14:42:00,Thiès,Orange Money,Transfert,iPhone,5673,0,0,Normal
9691,CUST_905,2025-04-03 10:10:00,Thiès,Carte Bancaire,Transfert,Android,6647,0,0,Normal
9692,CUST_680,2025-02-28 13:52:00,Saint-Louis,Orange Money,Paiement,Android,37421,0,0,Normal
9693,CUST_691,2025-01-31 06:08:00,Dakar,Carte Bancaire,Paiement,iPhone,43999,0,0,Normal
9694,CUST_761,2025-03-04 22:01:00,Thiès,Free Money,Paiement,iPhone,54400,0,0,Normal
9695,CUST_118,2025-02-22 07:45:00,Thiès,Carte Bancaire,Paiement,Android,23866,0,0,Normal
9696,CUST_251,2025-02-14 13:43:00,Ziguinchor,Orange Money,Transfert,iPhone,8722,0,0,Normal
9697,CUST_39,2025-02-11 08:23:00,Kaolack,Carte Bancaire,Transfert,iPhone,500,0,0,Normal
9698,CUST_678,2025-06-07 11:00:00,Saint-Louis,Orange Money,Transfert,iPhone,9972,0,0,Normal
9699,CUST_984,2025-03-16 08:00:00,Thiès,Free Money,Retrait,Android,4364,0,0,Normal
9700,CUST_861,2025-04-10 22:17:00,Ziguinchor,Wave,Transfert,Android,4465,0,0,Normal
9701,CUST_886,2025-04-04 13:40:00,Saint-Louis,Wave,Paiement,Android,50036,0,0,Normal
9702,CUST_175,2025-06-06 09:59:00,Kaolack,Carte Bancaire,Transfert,Android,17919,0,0,Normal
9703,CUST_444,2025-05-11 09:32:00,Saint-Louis,Orange Money,Transfert,Android,38959,0,0,Normal
9704,CUST_913,2025-05-23 15:20:00,Kaolack,Orange Money,Transfert,iPhone,1816,0,0,Normal
9705,CUST_171,2025-02-18 19:26:00,Kaolack,Free Money,Transfert,iPhone,58313,0,0,Normal
9706,CUST_194,2025-02-01 17:17:00,Kaolack,Wave,Transfert,Android,4973,35,1,Comportement suspect
9707,CUST_528,2025-06-28 16:45:00,Dakar,Orange Money,Paiement,Android,5535,0,0,Normal
9708,CUST_412,2025-01-28 11:17:00,Dakar,Carte Bancaire,Paiement,Android,66687,0,0,Normal
9709,CUST_455,2025-02-22 05:10:00,Thiès,Free Money,Retrait,iPhone,6307,0,0,Normal
9710,CUST_614,2025-05-21 20:42:00,Saint-Louis,Orange Money,Retrait,Android,5700,0,0,Normal
9711,CUST_188,2025-03-04 20:39:00,Thiès,Carte Bancaire,Retrait,Android,75038,0,0,Normal
9712,CUST_758,2025-06-22 08:11:00,Dakar,Wave,Retrait,iPhone,4687,0,0,Normal
9713,CUST_968,2025-06-17 01:56:00,Saint-Louis,Free Money,Transfert,Android,20980,25,0,Normal
9714,CUST_268,2025-02-24 10:06:00,Thiès,Carte Bancaire,Paiement,Android,15295,0,0,Normal
9715,CUST_223,2025-03-18 13:45:00,Thiès,Carte Bancaire,Paiement,Android,42998,0,0,Normal
9716,CUST_303,2025-02-16 19:55:00,Ziguinchor,Orange Money,Paiement,iPhone,49527,0,0,Normal
9717,CUST_791,2025-03-11 10:56:00,Kaolack,Carte Bancaire,Transfert,iPhone,27983,0,0,Normal
9718,CUST_354,2025-03-20 13:21:00,Saint-Louis,Free Money,Transfert,iPhone,4401,0,0,Normal
9719,CUST_770,2025-04-20 13:56:00,Dakar,Wave,Transfert,iPhone,29171,0,0,Normal
9720,CUST_490,2025-05-11 18:09:00,Saint-Louis,Free Money,Retrait,iPhone,17570,0,0,Normal
9721,CUST_432,2025-05-03 18:00:00,Ziguinchor,Carte Bancaire,Transfert,Android,25801,0,0,Normal
9722,CUST_729,2025-03-19 14:47:00,Kaolack,Free Money,Transfert,iPhone,32776,0,0,Normal
9723,CUST_387,2025-04-07 09:54:00,Thiès,Carte Bancaire,Paiement,iPhone,41623,0,0,Normal
9724,CUST_968,2025-02-03 16:19:00,Saint-Louis,Free Money,Paiement,Android,3611,0,0,Normal
9725,CUST_554,2025-05-29 18:58:00,Dakar,Carte Bancaire,Transfert,iPhone,45689,0,0,Normal
9726,CUST_204,2025-04-10 13:15:00,Thiès,Wave,Retrait,Android,2451,0,0,Normal
9727,CUST_635,2025-02-20 14:01:00,Ziguinchor,Carte Bancaire,Transfert,iPhone,63130,0,0,Normal
9728,CUST_906,2025-02-07 14:22:00,Saint-Louis,Carte Bancaire,Paiement,iPhone,3761,0,0,Normal
9729,CUST_673,2025-03-20 10:07:00,Dakar,Carte Bancaire,Paiement,iPhone,21758,0,0,Normal
9730,CUST_530,2025-05-29 02:39:00,Dakar,Wave,Transfert,iPhone,35080,25,0,Normal
9731,CUST_845,2025-02-23 13:11:00,Kaolack,Carte Bancaire,Paiement,Android,15591,0,0,Normal
9732,CUST_764,2025-03-22 05:58:00,Dakar,Carte Bancaire,Retrait,iPhone,20093,0,0,Normal
9733,CUST_217,2025-06-29 09:49:00,Kaolack,Carte Bancaire,Transfert,Android,3372,0,0,Normal
9734,CUST_576,2025-05-30 05:59:00,Kaolack,Orange Money,Retrait,Android,60844,0,0,Normal
9735,CUST_564,2025-04-20 17:20:00,Saint-Louis,Carte Bancaire,Paiement,Android,49179,0,0,Normal
9736,CUST_931,2025-03-13 15:24:00,Dakar,Orange Money,Transfert,Android,28948,0,0,Normal
9737,CUST_229,2025-04-12 13:33:00,Dakar,Free Money,Paiement,iPhone,22253,0,0,Normal
9738,CUST_611,2025-03-27 21:04:00,Kaolack,Wave,Transfert,Android,500,0,0,Normal
9739,CUST_806,2025-05-26 06:58:00,Saint-Louis,Orange Money,Retrait,Android,17623,0,0,Normal
9740,CUST_873,2025-01-17 11:26:00,Ziguinchor,Orange Money,Transfert,Android,5271,0,0,Normal
9741,CUST_312,2025-05-15 15:05:00,Dakar,Free Money,Transfert,iPhone,24810,0,0,Normal
9742,CUST_32,2025-01-22 12:15:00,Thiès,Free Money,Retrait,Android,34214,0,0,Normal
9743,CUST_303,2025-03-01 13:18:00,Ziguinchor,Orange Money,Retrait,Android,37832,0,0,Normal
9744,CUST_801,2025-01-29 12:46:00,Dakar,Orange Money,Paiement,iPhone,500,0,0,Normal
9745,CUST_650,2025-03-27 10:33:00,Kaolack,Free Money,Retrait,iPhone,10321,35,1,Comportement suspect
9746,CUST_717,2025-06-27 19:30:00,Thiès,Free Money,Transfert,iPhone,38124,0,0,Normal
9747,CUST_183,2025-02-04 21:16:00,Thiès,Orange Money,Transfert,Android,53454,0,0,Normal
9748,CUST_243,2025-03-21 14:40:00,Kaolack,Carte Bancaire,Transfert,iPhone,18157,0,0,Normal
9749,CUST_212,2025-05-19 14:08:00,Saint-Louis,Orange Money,Paiement,iPhone,16658,30,0,Normal
9750,CUST_682,2025-03-12 11:43:00,Saint-Louis,Carte Bancaire,Transfert,iPhone,9349,0,0,Normal
9751,CUST_966,2025-02-21 12:20:00,Thiès,Free Money,Paiement,iPhone,25300,35,1,Comportement suspect
9752,CUST_382,2025-05-21 06:09:00,Dakar,Wave,Transfert,iPhone,9760,30,0,Normal
9753,CUST_920,2025-06-11 21:48:00,Kaolack,Orange Money,Retrait,Android,41302,0,0,Normal
9754,CUST_123,2025-06-25 20:40:00,Dakar,Free Money,Transfert,iPhone,18765,0,0,Normal
9755,CUST_637,2025-04-22 07:17:00,Kaolack,Orange Money,Retrait,iPhone,8696,0,0,Normal
9756,CUST_437,2025-05-17 11:26:00,Saint-Louis,Free Money,Transfert,Android,31149,0,0,Normal
9757,CUST_829,2025-04-24 05:14:00,Ziguinchor,Wave,Paiement,iPhone,23594,0,0,Normal
9758,CUST_333,2025-02-12 12:45:00,Saint-Louis,Carte Bancaire,Retrait,Android,13519,0,0,Normal
9759,CUST_963,2025-02-19 09:34:00,Ziguinchor,Free Money,Paiement,Android,4571,0,0,Normal
9760,CUST_966,2025-06-09 10:03:00,Dakar,Wave,Paiement,iPhone,82309,0,0,Normal
9761,CUST_498,2025-01-05 09:11:00,Saint-Louis,Orange Money,Transfert,Android,8642,0,0,Normal
9762,CUST_975,2025-06-02 05:50:00,Saint-Louis,Carte Bancaire,Retrait,Android,21705,0,0,Normal
9763,CUST_840,2025-04-10 14:11:00,Kaolack,Orange Money,Paiement,Android,11074,0,0,Normal
9764,CUST_907,2025-04-29 09:44:00,Ziguinchor,Free Money,Paiement,Android,17459,0,0,Normal
9765,CUST_644,2025-04-17 13:12:00,Kaolack,Carte Bancaire,Retrait,iPhone,15251,0,0,Normal
9766,CUST_751,2025-05-19 17:12:00,Ziguinchor,Free Money,Retrait,iPhone,8600,0,0,Normal
9767,CUST_274,2025-03-27 19:35:00,Dakar,Carte Bancaire,Paiement,iPhone,53952,0,0,Normal
9768,CUST_225,2025-03-27 19:18:00,Saint-Louis,Orange Money,Paiement,Android,63751,0,0,Normal
9769,CUST_318,2025-02-25 07:17:00,Kaolack,Orange Money,Retrait,Android,8632,0,0,Normal
9770,CUST_370,2025-02-20 23:20:00,Kaolack,Wave,Paiement,Android,112370,0,0,Normal
9771,CUST_275,2025-04-16 13:13:00,Kaolack,Free Money,Transfert,Android,11075,0,0,Normal
9772,CUST_449,2025-02-23 12:05:00,Thiès,Wave,Paiement,Android,25541,0,0,Normal
9773,CUST_405,2025-03-10 09:40:00,Ziguinchor,Carte Bancaire,Retrait,iPhone,26817,0,0,Normal
9774,CUST_160,2025-05-10 19:55:00,Dakar,Free Money,Paiement,iPhone,10207,0,0,Normal
9775,CUST_482,2025-05-24 16:50:00,Saint-Louis,Free Money,Retrait,Android,12580,0,0,Normal
9776,CUST_516,2025-02-11 12:01:00,Saint-Louis,Free Money,Transfert,Android,500,35,1,Comportement suspect
9777,CUST_905,2025-02-13 17:01:00,Thiès,Orange Money,Transfert,iPhone,70761,0,0,Normal
9778,CUST_917,2025-01-25 09:18:00,Saint-Louis,Carte Bancaire,Retrait,iPhone,46100,0,0,Normal
9779,CUST_195,2025-05-05 10:30:00,Ziguinchor,Wave,Retrait,Android,24859,30,0,Normal
9780,CUST_940,2025-01-22 22:20:00,Kaolack,Orange Money,Retrait,Android,21141,0,0,Normal
9781,CUST_931,2025-02-27 14:10:00,Dakar,Carte Bancaire,Transfert,Android,25925,0,0,Normal
9782,CUST_937,2025-02-07 22:09:00,Saint-Louis,Carte Bancaire,Paiement,iPhone,4632,0,0,Normal
9783,CUST_794,2025-02-27 10:13:00,Saint-Louis,Wave,Transfert,Android,23024,0,0,Normal
9784,CUST_880,2025-03-23 13:28:00,Saint-Louis,Orange Money,Paiement,iPhone,3126,0,0,Normal
9785,CUST_194,2025-02-18 11:46:00,Thiès,Carte Bancaire,Paiement,iPhone,2460,0,0,Normal
9786,CUST_487,2025-04-18 06:58:00,Kaolack,Carte Bancaire,Retrait,iPhone,56156,0,0,Normal
9787,CUST_810,2025-03-09 05:31:00,Kaolack,Orange Money,Paiement,iPhone,49730,0,0,Normal
9788,CUST_137,2025-05-16 15:00:00,Thiès,Orange Money,Transfert,iPhone,44287,0,0,Normal
9789,CUST_368,2025-02-17 11:22:00,Saint-Louis,Orange Money,Transfert,iPhone,11325,0,0,Normal
9790,CUST_460,2025-01-22 13:19:00,Dakar,Carte Bancaire,Paiement,Android,11650,0,0,Normal
9791,CUST_770,2025-01-05 05:44:00,Dakar,Free Money,Retrait,Android,16892,0,0,Normal
9792,CUST_809,2025-03-15 13:08:00,Thiès,Free Money,Paiement,Android,18168,0,0,Normal
9793,CUST_664,2025-04-08 09:55:00,Ziguinchor,Carte Bancaire,Paiement,Android,25125,0,0,Normal
9794,CUST_256,2025-05-10 12:25:00,Thiès,Carte Bancaire,Transfert,Android,16693,30,0,Normal
9795,CUST_702,2025-05-27 14:28:00,Ziguinchor,Carte Bancaire,Retrait,Android,26043,0,0,Normal
9796,CUST_258,2025-02-16 10:31:00,Ziguinchor,Carte Bancaire,Transfert,Android,35876,0,0,Normal
9797,CUST_194,2025-04-09 17:21:00,Kaolack,Free Money,Transfert,iPhone,10337,35,1,Comportement suspect
9798,CUST_470,2025-05-07 11:18:00,Thiès,Wave,Retrait,iPhone,17685,0,0,Normal
9799,CUST_138,2025-06-09 09:43:00,Ziguinchor,Wave,Retrait,Android,7201,0,0,Normal
9800,CUST_268,2025-03-06 04:55:00,Thiès,Wave,Paiement,iPhone,22151,25,0,Normal
9801,CUST_115,2025-02-02 10:32:00,Saint-Louis,Wave,Paiement,iPhone,20213,0,0,Normal
9802,CUST_951,2025-06-29 03:58:00,Dakar,Wave,Retrait,iPhone,37401,25,0,Normal
9803,CUST_613,2025-01-29 23:56:00,Saint-Louis,Free Money,Retrait,Android,21773,0,0,Normal
9804,CUST_204,2025-05-31 16:16:00,Thiès,Carte Bancaire,Retrait,iPhone,17504,0,0,Normal
9805,CUST_623,2025-03-03 05:16:00,Dakar,Carte Bancaire,Paiement,iPhone,24720,0,0,Normal
9806,CUST_251,2025-03-10 14:42:00,Ziguinchor,Wave,Paiement,iPhone,3866,0,0,Normal
9807,CUST_923,2025-01-25 12:33:00,Saint-Louis,Carte Bancaire,Paiement,Android,3659,35,1,Comportement suspect
9808,CUST_946,2025-04-15 08:53:00,Dakar,Orange Money,Transfert,iPhone,39945,0,0,Normal
9809,CUST_120,2025-04-07 12:54:00,Kaolack,Wave,Transfert,iPhone,15388,0,0,Normal
9810,CUST_268,2025-05-18 14:24:00,Thiès,Free Money,Paiement,Android,2671,0,0,Normal
9811,CUST_308,2025-01-28 05:48:00,Dakar,Orange Money,Paiement,Android,500,30,0,Normal
9812,CUST_519,2025-01-16 14:57:00,Kaolack,Wave,Transfert,iPhone,14932,0,0,Normal
9813,CUST_49,2025-06-12 12:44:00,Kaolack,Free Money,Paiement,iPhone,5869,0,0,Normal
9814,CUST_769,2025-02-20 08:27:00,Ziguinchor,Orange Money,Retrait,Android,22084,0,0,Normal
9815,CUST_183,2025-06-30 12:46:00,Thiès,Orange Money,Retrait,iPhone,20001,0,0,Normal
9816,CUST_488,2025-04-03 09:38:00,Saint-Louis,Orange Money,Retrait,iPhone,30961,0,0,Normal
9817,CUST_280,2025-03-14 09:44:00,Thiès,Orange Money,Paiement,Android,1587,0,0,Normal
9818,CUST_192,2025-05-16 16:18:00,Kaolack,Free Money,Paiement,Android,49661,0,0,Normal
9819,CUST_979,2025-01-23 12:02:00,Thiès,Wave,Retrait,Android,34037,0,0,Normal
9820,CUST_345,2025-06-09 09:29:00,Ziguinchor,Orange Money,Transfert,iPhone,30325,0,0,Normal
9821,CUST_487,2025-04-29 11:14:00,Kaolack,Carte Bancaire,Retrait,Android,69855,0,0,Normal
9822,CUST_191,2025-01-15 06:27:00,Dakar,Wave,Retrait,Android,25834,0,0,Normal
9823,CUST_980,2025-03-24 12:21:00,Saint-Louis,Wave,Retrait,iPhone,15352,0,0,Normal
9824,CUST_753,2025-05-09 09:25:00,Saint-Louis,Carte Bancaire,Paiement,iPhone,38693,0,0,Normal
9825,CUST_792,2025-04-12 01:05:00,Kaolack,Free Money,Paiement,iPhone,39436,25,0,Normal
9826,CUST_659,2025-03-28 07:52:00,Ziguinchor,Wave,Transfert,Android,15976,0,0,Normal
9827,CUST_841,2025-06-24 16:09:00,Thiès,Wave,Transfert,Android,9980,0,0,Normal
9828,CUST_24,2025-01-08 06:14:00,Thiès,Free Money,Transfert,Android,11336,0,0,Normal
9829,CUST_452,2025-04-27 13:57:00,Saint-Louis,Wave,Transfert,iPhone,48674,0,0,Normal
9830,CUST_65,2025-02-25 09:36:00,Saint-Louis,Free Money,Transfert,Android,500,0,0,Normal
9831,CUST_665,2025-01-02 13:47:00,Kaolack,Orange Money,Paiement,Android,9315,0,0,Normal
9832,CUST_344,2025-01-30 10:02:00,Ziguinchor,Orange Money,Paiement,iPhone,67916,0,0,Normal
9833,CUST_599,2025-04-01 17:44:00,Thiès,Orange Money,Transfert,Android,48486,0,0,Normal
9834,CUST_18,2025-06-25 14:35:00,Dakar,Orange Money,Transfert,iPhone,500,0,0,Normal
9835,CUST_786,2025-05-23 08:10:00,Dakar,Orange Money,Transfert,Android,13871,0,0,Normal
9836,CUST_828,2025-01-22 11:21:00,Dakar,Carte Bancaire,Paiement,Android,26002,0,0,Normal
9837,CUST_243,2025-05-27 17:19:00,Kaolack,Wave,Paiement,Android,22388,0,0,Normal
9838,CUST_42,2025-03-26 12:37:00,Ziguinchor,Wave,Retrait,iPhone,69672,0,0,Normal
9839,CUST_748,2025-03-03 13:24:00,Kaolack,Free Money,Transfert,iPhone,53721,0,0,Normal
9840,CUST_536,2025-04-01 11:51:00,Ziguinchor,Wave,Paiement,iPhone,47646,0,0,Normal
9841,CUST_497,2025-03-01 06:51:00,Thiès,Carte Bancaire,Retrait,iPhone,5148,0,0,Normal
9842,CUST_311,2025-05-01 10:39:00,Dakar,Orange Money,Transfert,Android,28472,0,0,Normal
9843,CUST_381,2025-01-29 14:40:00,Ziguinchor,Free Money,Transfert,Android,51824,0,0,Normal
9844,CUST_356,2025-05-29 07:30:00,Ziguinchor,Orange Money,Paiement,Android,7643,0,0,Normal
9845,CUST_255,2025-02-05 10:41:00,Thiès,Free Money,Transfert,iPhone,43952,0,0,Normal
9846,CUST_83,2025-03-18 10:28:00,Dakar,Carte Bancaire,Paiement,Android,28742,0,0,Normal
9847,CUST_835,2025-01-30 09:46:00,Dakar,Orange Money,Paiement,Android,42017,0,0,Normal
9848,CUST_239,2025-01-03 12:55:00,Dakar,Carte Bancaire,Retrait,Android,8924,0,0,Normal
9849,CUST_249,2025-02-08 16:20:00,Saint-Louis,Free Money,Paiement,iPhone,30428,0,0,Normal
9850,CUST_914,2025-06-19 21:43:00,Thiès,Free Money,Retrait,iPhone,1712,0,0,Normal
9851,CUST_329,2025-03-13 20:09:00,Ziguinchor,Carte Bancaire,Transfert,iPhone,5232,30,0,Normal
9852,CUST_512,2025-02-11 23:14:00,Thiès,Carte Bancaire,Paiement,iPhone,92739,0,0,Normal
9853,CUST_325,2025-06-24 13:15:00,Ziguinchor,Wave,Paiement,iPhone,76327,0,0,Normal
9854,CUST_334,2025-06-09 08:28:00,Kaolack,Wave,Paiement,iPhone,32959,0,0,Normal
9855,CUST_357,2025-03-28 04:16:00,Dakar,Free Money,Paiement,Android,28684,25,0,Normal
9856,CUST_898,2025-06-20 18:31:00,Dakar,Free Money,Retrait,iPhone,30565,35,1,Comportement suspect
9857,CUST_293,2025-01-15 06:38:00,Thiès,Wave,Retrait,Android,46454,0,0,Normal
9858,CUST_875,2025-01-26 10:32:00,Ziguinchor,Free Money,Transfert,iPhone,21736,0,0,Normal
9859,CUST_435,2025-05-22 14:03:00,Saint-Louis,Wave,Retrait,iPhone,34070,0,0,Normal
9860,CUST_267,2025-01-23 23:02:00,Thiès,Carte Bancaire,Paiement,Android,6485,0,0,Normal
9861,CUST_389,2025-05-07 00:13:00,Dakar,Free Money,Retrait,Android,30740,0,0,Normal
9862,CUST_69,2025-02-23 19:46:00,Thiès,Free Money,Transfert,iPhone,43674,0,0,Normal
9863,CUST_993,2025-04-03 11:54:00,Thiès,Carte Bancaire,Retrait,Android,54427,0,0,Normal
9864,CUST_135,2025-02-14 10:48:00,Dakar,Orange Money,Paiement,iPhone,4411,0,0,Normal
9865,CUST_935,2025-04-03 08:45:00,Thiès,Free Money,Transfert,iPhone,35882,0,0,Normal
9866,CUST_947,2025-05-19 12:09:00,Dakar,Orange Money,Transfert,iPhone,26151,0,0,Normal
9867,CUST_630,2025-06-10 13:07:00,Saint-Louis,Free Money,Retrait,Android,30459,0,0,Normal
9868,CUST_551,2025-06-09 21:30:00,Kaolack,Carte Bancaire,Retrait,Android,11332,0,0,Normal
9869,CUST_539,2025-05-28 08:03:00,Ziguinchor,Orange Money,Retrait,Android,8812,0,0,Normal
9870,CUST_889,2025-03-15 15:04:00,Thiès,Orange Money,Paiement,Android,15594,0,0,Normal
9871,CUST_11,2025-04-08 14:58:00,Dakar,Carte Bancaire,Paiement,Android,19289,0,0,Normal
9872,CUST_986,2025-06-05 10:44:00,Kaolack,Wave,Transfert,Android,17965,0,0,Normal
9873,CUST_623,2025-03-21 00:49:00,Saint-Louis,Carte Bancaire,Paiement,iPhone,13120,35,1,Comportement suspect
9874,CUST_621,2025-02-14 12:47:00,Thiès,Carte Bancaire,Retrait,Android,48643,0,0,Normal
9875,CUST_608,2025-03-22 10:25:00,Saint-Louis,Wave,Paiement,Android,4276,0,0,Normal
9876,CUST_175,2025-05-06 16:52:00,Kaolack,Orange Money,Paiement,iPhone,500,0,0,Normal
9877,CUST_224,2025-03-16 12:57:00,Dakar,Orange Money,Retrait,iPhone,42588,0,0,Normal
9878,CUST_207,2025-02-18 11:02:00,Kaolack,Free Money,Retrait,iPhone,6884,0,0,Normal
9879,CUST_703,2025-01-07 06:39:00,Saint-Louis,Wave,Retrait,Android,5859,30,0,Normal
9880,CUST_23,2025-05-20 10:24:00,Ziguinchor,Orange Money,Paiement,iPhone,14230,0,0,Normal
9881,CUST_633,2025-01-21 14:24:00,Saint-Louis,Wave,Paiement,iPhone,32068,0,0,Normal
9882,CUST_287,2025-04-11 08:34:00,Ziguinchor,Free Money,Transfert,iPhone,500,0,0,Normal
9883,CUST_607,2025-03-08 10:46:00,Thiès,Carte Bancaire,Paiement,iPhone,27759,0,0,Normal
9884,CUST_557,2025-05-07 10:53:00,Dakar,Wave,Paiement,iPhone,6107,0,0,Normal
9885,CUST_207,2025-04-05 13:17:00,Dakar,Orange Money,Paiement,iPhone,19744,35,1,Comportement suspect
9886,CUST_728,2025-01-26 13:22:00,Thiès,Wave,Transfert,iPhone,23143,0,0,Normal
9887,CUST_254,2025-06-01 10:03:00,Saint-Louis,Orange Money,Retrait,Android,16146,0,0,Normal
9888,CUST_370,2025-06-13 11:39:00,Kaolack,Carte Bancaire,Retrait,iPhone,12951,0,0,Normal
9889,CUST_409,2025-01-22 11:24:00,Ziguinchor,Carte Bancaire,Paiement,Android,4112,0,0,Normal
9890,CUST_591,2025-06-20 12:16:00,Thiès,Carte Bancaire,Paiement,Android,16630,0,0,Normal
9891,CUST_942,2025-05-06 07:22:00,Thiès,Carte Bancaire,Paiement,iPhone,6364,0,0,Normal
9892,CUST_358,2025-01-04 12:41:00,Ziguinchor,Wave,Paiement,iPhone,21173,0,0,Normal
9893,CUST_906,2025-02-13 11:49:00,Saint-Louis,Orange Money,Transfert,Android,5026,0,0,Normal
9894,CUST_974,2025-03-09 22:38:00,Dakar,Wave,Transfert,Android,18849,0,0,Normal
9895,CUST_150,2025-03-27 11:35:00,Dakar,Free Money,Retrait,Android,27772,30,0,Normal
9896,CUST_180,2025-02-21 12:14:00,Dakar,Carte Bancaire,Transfert,Android,29024,30,0,Normal
9897,CUST_782,2025-06-03 15:46:00,Dakar,Free Money,Paiement,iPhone,32617,30,0,Normal
9898,CUST_911,2025-06-27 09:00:00,Ziguinchor,Orange Money,Paiement,Android,55462,0,0,Normal
9899,CUST_320,2025-01-22 09:26:00,Kaolack,Free Money,Paiement,Android,5946,0,0,Normal
9900,CUST_343,2025-01-15 14:26:00,Ziguinchor,Free Money,Transfert,Android,3401,0,0,Normal
9901,CUST_663,2025-04-13 05:36:00,Thiès,Wave,Paiement,Android,13428,0,0,Normal
9902,CUST_423,2025-05-20 14:29:00,Kaolack,Orange Money,Transfert,Android,58046,0,0,Normal
9903,CUST_257,2025-06-18 15:47:00,Saint-Louis,Wave,Transfert,iPhone,3651,0,0,Normal
9904,CUST_459,2025-03-26 17:16:00,Ziguinchor,Wave,Transfert,iPhone,31360,0,0,Normal
9905,CUST_163,2025-04-01 11:21:00,Dakar,Free Money,Retrait,Android,7699,0,0,Normal
9906,CUST_245,2025-04-18 06:16:00,Kaolack,Carte Bancaire,Retrait,iPhone,7912,0,0,Normal
9907,CUST_336,2025-06-06 07:04:00,Ziguinchor,Orange Money,Transfert,iPhone,78011,0,0,Normal
9908,CUST_741,2025-05-02 10:21:00,Kaolack,Free Money,Paiement,iPhone,23319,0,0,Normal
9909,CUST_377,2025-05-12 09:31:00,Kaolack,Free Money,Transfert,iPhone,24616,0,0,Normal
9910,CUST_11,2025-04-02 14:40:00,Saint-Louis,Orange Money,Retrait,iPhone,11260,35,1,Comportement suspect
9911,CUST_156,2025-01-13 22:14:00,Dakar,Carte Bancaire,Retrait,iPhone,27732,0,0,Normal
9912,CUST_978,2025-01-29 12:57:00,Kaolack,Orange Money,Paiement,iPhone,51952,0,0,Normal
9913,CUST_112,2025-01-13 19:41:00,Thiès,Orange Money,Retrait,iPhone,26095,0,0,Normal
9914,CUST_556,2025-01-10 08:56:00,Thiès,Carte Bancaire,Retrait,iPhone,34660,0,0,Normal
9915,CUST_996,2025-04-05 07:16:00,Ziguinchor,Free Money,Retrait,Android,29389,0,0,Normal
9916,CUST_771,2025-05-01 15:01:00,Thiès,Orange Money,Paiement,iPhone,20281,0,0,Normal
9917,CUST_403,2025-05-04 09:45:00,Dakar,Free Money,Paiement,Android,19087,0,0,Normal
9918,CUST_341,2025-03-10 12:58:00,Saint-Louis,Free Money,Paiement,Android,5457,0,0,Normal
9919,CUST_57,2025-03-01 01:59:00,Ziguinchor,Free Money,Retrait,iPhone,41084,25,0,Normal
9920,CUST_705,2025-05-08 18:41:00,Thiès,Orange Money,Paiement,iPhone,53572,0,0,Normal
9921,CUST_199,2025-04-04 23:15:00,Saint-Louis,Carte Bancaire,Retrait,iPhone,33753,0,0,Normal
9922,CUST_68,2025-03-25 09:31:00,Saint-Louis,Orange Money,Paiement,iPhone,15726,0,0,Normal
9923,CUST_363,2025-05-15 11:01:00,Thiès,Wave,Transfert,iPhone,27547,0,0,Normal
9924,CUST_778,2025-03-28 11:39:00,Ziguinchor,Free Money,Retrait,Android,76241,35,1,Comportement suspect
9925,CUST_98,2025-04-21 08:04:00,Kaolack,Wave,Transfert,iPhone,12977,0,0,Normal
9926,CUST_882,2025-05-25 14:35:00,Thiès,Carte Bancaire,Retrait,Android,11123,0,0,Normal
9927,CUST_120,2025-03-26 08:20:00,Kaolack,Orange Money,Retrait,iPhone,18484,0,0,Normal
9928,CUST_777,2025-01-19 18:21:00,Kaolack,Orange Money,Retrait,Android,2760,0,0,Normal
9929,CUST_388,2025-06-04 18:17:00,Kaolack,Free Money,Paiement,iPhone,22507,0,0,Normal
9930,CUST_716,2025-05-23 04:00:00,Kaolack,Orange Money,Retrait,iPhone,22413,25,0,Normal
9931,CUST_780,2025-05-24 12:51:00,Saint-Louis,Wave,Paiement,Android,32929,0,0,Normal
9932,CUST_642,2025-02-17 07:08:00,Kaolack,Wave,Transfert,Android,5289,0,0,Normal
9933,CUST_108,2025-01-24 09:56:00,Dakar,Orange Money,Retrait,iPhone,32906,0,0,Normal
9934,CUST_726,2025-04-02 14:48:00,Thiès,Carte Bancaire,Transfert,iPhone,30102,0,0,Normal
9935,CUST_826,2025-04-03 22:24:00,Saint-Louis,Wave,Paiement,iPhone,62697,0,0,Normal
9936,CUST_46,2025-05-08 10:48:00,Thiès,Free Money,Transfert,Android,25402,0,0,Normal
9937,CUST_859,2025-02-09 15:35:00,Ziguinchor,Free Money,Retrait,Android,34882,0,0,Normal
9938,CUST_230,2025-05-07 15:00:00,Thiès,Carte Bancaire,Paiement,iPhone,25427,0,0,Normal
9939,CUST_818,2025-04-12 16:15:00,Kaolack,Carte Bancaire,Transfert,Android,43541,0,0,Normal
9940,CUST_979,2025-04-10 15:27:00,Thiès,Carte Bancaire,Retrait,iPhone,44787,0,0,Normal
9941,CUST_883,2025-03-09 13:17:00,Kaolack,Free Money,Paiement,iPhone,41963,0,0,Normal
9942,CUST_205,2025-06-24 11:28:00,Dakar,Carte Bancaire,Retrait,iPhone,59764,0,0,Normal
9943,CUST_476,2025-04-15 14:06:00,Ziguinchor,Orange Money,Transfert,iPhone,27702,0,0,Normal
9944,CUST_196,2025-06-10 10:21:00,Saint-Louis,Wave,Retrait,Android,17039,0,0,Normal
9945,CUST_221,2025-02-15 11:43:00,Kaolack,Free Money,Transfert,iPhone,13892,0,0,Normal
9946,CUST_379,2025-03-10 13:51:00,Saint-Louis,Free Money,Paiement,Android,16871,0,0,Normal
9947,CUST_146,2025-01-26 06:23:00,Dakar,Carte Bancaire,Retrait,Android,24072,0,0,Normal
9948,CUST_477,2025-06-13 05:09:00,Thiès,Carte Bancaire,Transfert,Android,25864,0,0,Normal
9949,CUST_152,2025-02-14 15:57:00,Ziguinchor,Free Money,Retrait,iPhone,14933,0,0,Normal
9950,CUST_270,2025-06-29 10:31:00,Dakar,Carte Bancaire,Paiement,Android,32372,0,0,Normal
9951,CUST_11,2025-04-03 10:43:00,Dakar,Carte Bancaire,Paiement,iPhone,17805,0,0,Normal
9952,CUST_519,2025-03-28 20:28:00,Kaolack,Free Money,Transfert,Android,11949,0,0,Normal
9953,CUST_690,2025-04-14 08:38:00,Kaolack,Carte Bancaire,Retrait,iPhone,2770,0,0,Normal
9954,CUST_958,2025-01-07 23:50:00,Thiès,Wave,Paiement,Android,13865,0,0,Normal
9955,CUST_933,2025-06-28 13:52:00,Dakar,Free Money,Transfert,Android,31734,0,0,Normal
9956,CUST_391,2025-04-11 15:35:00,Kaolack,Carte Bancaire,Paiement,iPhone,18230,0,0,Normal
9957,CUST_623,2025-03-12 16:49:00,Dakar,Free Money,Transfert,Android,21074,0,0,Normal
9958,CUST_891,2025-03-15 19:12:00,Dakar,Carte Bancaire,Retrait,Android,16625,0,0,Normal
9959,CUST_635,2025-06-17 13:58:00,Ziguinchor,Free Money,Retrait,Android,500,30,0,Normal
9960,CUST_551,2025-02-21 15:13:00,Kaolack,Orange Money,Paiement,iPhone,1493,0,0,Normal
9961,CUST_617,2025-02-20 18:41:00,Dakar,Wave,Paiement,iPhone,34517,0,0,Normal
9962,CUST_58,2025-02-03 06:20:00,Ziguinchor,Free Money,Paiement,Android,49127,0,0,Normal
9963,CUST_7,2025-05-03 02:08:00,Ziguinchor,Free Money,Transfert,iPhone,9353,25,0,Normal
9964,CUST_456,2025-02-19 01:49:00,Kaolack,Wave,Transfert,iPhone,11522,25,0,Normal
9965,CUST_410,2025-01-30 12:28:00,Saint-Louis,Free Money,Transfert,iPhone,5482,0,0,Normal
9966,CUST_482,2025-01-06 23:51:00,Saint-Louis,Free Money,Retrait,iPhone,12575,0,0,Normal
9967,CUST_526,2025-04-05 06:06:00,Thiès,Free Money,Retrait,Android,26571,0,0,Normal
9968,CUST_636,2025-01-11 15:54:00,Kaolack,Free Money,Retrait,iPhone,29300,0,0,Normal
9969,CUST_445,2025-06-28 12:29:00,Saint-Louis,Carte Bancaire,Transfert,Android,3707,0,0,Normal
9970,CUST_162,2025-03-19 11:04:00,Ziguinchor,Orange Money,Transfert,Android,37880,0,0,Normal
9971,CUST_946,2025-03-05 17:24:00,Dakar,Free Money,Transfert,Android,19097,0,0,Normal
9972,CUST_991,2025-05-31 04:19:00,Ziguinchor,Carte Bancaire,Paiement,Android,4633,25,0,Normal
9973,CUST_414,2025-04-06 16:49:00,Thiès,Orange Money,Retrait,iPhone,50342,0,0,Normal
9974,CUST_310,2025-04-21 11:41:00,Kaolack,Carte Bancaire,Transfert,Android,25714,0,0,Normal
9975,CUST_491,2025-05-26 10:38:00,Dakar,Free Money,Transfert,iPhone,33924,0,0,Normal
9976,CUST_902,2025-01-18 15:38:00,Thiès,Free Money,Retrait,iPhone,7279,0,0,Normal
9977,CUST_389,2025-05-08 10:29:00,Dakar,Wave,Transfert,iPhone,10309,0,0,Normal
9978,CUST_111,2025-03-05 09:07:00,Thiès,Wave,Transfert,Android,8782,0,0,Normal
9979,CUST_872,2025-02-17 11:41:00,Ziguinchor,Orange Money,Paiement,iPhone,43869,0,0,Normal
9980,CUST_93,2025-04-21 19:12:00,Saint-Louis,Orange Money,Transfert,Android,20428,0,0,Normal
9981,CUST_902,2025-04-05 07:41:00,Thiès,Orange Money,Paiement,Android,6588,0,0,Normal
9982,CUST_176,2025-05-05 12:36:00,Saint-Louis,Free Money,Paiement,Android,3096,0,0,Normal
9983,CUST_378,2025-02-22 19:38:00,Saint-Louis,Orange Money,Paiement,iPhone,20056,0,0,Normal
9984,CUST_420,2025-06-08 13:31:00,Ziguinchor,Wave,Transfert,iPhone,19419,0,0,Normal
9985,CUST_416,2025-05-09 13:53:00,Thiès,Free Money,Paiement,Android,20373,0,0,Normal
9986,CUST_276,2025-05-16 10:30:00,Ziguinchor,Orange Money,Retrait,iPhone,64169,0,0,Normal
9987,CUST_157,2025-05-11 18:42:00,Dakar,Wave,Transfert,Android,20726,0,0,Normal
9988,CUST_894,2025-04-10 12:32:00,Ziguinchor,Carte Bancaire,Transfert,Android,11242,0,0,Normal
9989,CUST_222,2025-05-04 14:42:00,Dakar,Wave,Transfert,Android,1886,0,0,Normal
9990,CUST_166,2025-02-16 13:32:00,Thiès,Free Money,Transfert,iPhone,20700,0,0,Normal
9991,CUST_307,2025-02-18 11:04:00,Thiès,Free Money,Transfert,iPhone,18021,0,0,Normal
9992,CUST_66,2025-01-25 21:49:00,Kaolack,Orange Money,Transfert,Android,17469,0,0,Normal
9993,CUST_57,2025-01-12 13:52:00,Ziguinchor,Wave,Transfert,iPhone,47554,0,0,Normal
9994,CUST_424,2025-06-20 10:27:00,Ziguinchor,Free Money,Transfert,iPhone,21767,0,0,Normal
9995,CUST_442,2025-03-21 16:57:00,Ziguinchor,Free Money,Transfert,iPhone,11608,0,0,Normal
9996,CUST_866,2025-06-29 10:13:00,Dakar,Carte Bancaire,Paiement,Android,37760,0,0,Normal
9997,CUST_81,2025-05-17 13:47:00,Thiès,Free Money,Transfert,iPhone,55940,0,0,Normal
9998,CUST_283,2025-02-28 07:16:00,Kaolack,Free Money,Paiement,iPhone,4459,0,0,Normal
9999,CUST_138,2025-02-11 02:24:00,Ziguinchor,Orange Money,Transfert,iPhone,42117,25,0,Normal
10000,CUST_594,2025-04-10 10:37:00,Saint-Louis,Orange Money,Paiement,Android,500,0,0,Normal
